tree
version=v4
num_class=1
num_tree_per_iteration=1
label_index=0
max_feature_idx=15
objective=binary sigmoid:1
feature_names=name_ratio name_token_sort name_token_set name_jaro_winkler name_partial_ratio name_len_diff name_exact_match addr_token_set addr_token_sort addr_jaro_winkler addr_num_jaccard addr_num_exact is_tgt_addr_empty name_x_addr block_score rank
feature_infos=[0:1] [0:1] [0:1] [0:1] [0:1] [0:60] [0:1] [0:1] [0:1] [0:1] [0:1] [0:1] [0:1] [0:1] none [1:50]
tree_sizes=3356 3404 3416 3414 3420 3431 3440 3443 3448 3451 3444 3450 3454 3446 3476 3453 3475 3465 3467 3467 3468 3463 3482 3469 3480 3475 3472 3469 3483 3477 3475 3480 3487 3482 3471 3467 3482 3510 3476 3489 3490 3488 3470 3491 3482 3491 3485 3500 3494 3496 3497 3491 3485 3504 3513 3489 3489 3493 3497 3492 3485 3505 3505 3477 3471 3496 3476 3506 3497 3492 3497 3520 3522 3504 3480 3507 3495 3501 3469 3484 3493 3468 3490 3507 3493 3506 3496 3496 3522 3502 3513 3499 3485 3492 3494 3479 3503 3496 3507 3514 3495 3495 3462 3480 3460 3467 3489 3495 3511 3496 3524 3477 3482 3517

Tree=0
num_leaves=31
num_cat=0
split_feature=13 8 13 15 4 15 10 0 13 8 3 8 4 2 10 8 2 3 13 10 15 13 2 8 3 8 1 4 10 1
split_gain=615550 37164.5 12502 7776.76 6935.9 6590.19 3085.64 2482.04 1337.1 1319.42 1251.08 1160.74 3783.19 1055.16 622.376 488.442 463.087 458.16 430.34 711.636 383.409 358.586 1526.35 328.162 325.513 452.993 223.293 191.327 320.062 186.67
threshold=0.58608135581016552 0.85786435008049022 0.49991323053836828 8.5000000000000018 0.53907206654548656 6.5000000000000009 0.41666667163372045 0.93387979269027721 0.78267124295234691 0.26702317595481878 0.93097409605979931 0.78385168313980114 0.60660174489021312 0.66260164976120006 0.58333334326744091 0.78385168313980114 0.63702240586280834 0.94194158911705028 0.65463843941688549 0.41666667163372045 7.5000000000000009 0.44490455090999609 0.60535588860511791 0.97793999314308178 0.93097409605979931 0.74099972844123851 0.27334994077682501 0.60120484232902538 0.41666667163372045 0.77032968401908886
decision_type=2 2 2 2 2 2 2 2 2 2 2 2 2 2 2 2 2 2 2 2 2 2 2 2 2 2 2 2 2 2
left_child=1 2 11 18 6 10 23 16 15 -9 13 21 14 -4 -13 17 -7 -5 19 24 -14 -1 -23 -3 25 -2 -8 28 -6 -10
right_child=3 4 5 8 27 7 26 9 29 -11 -12 12 20 -15 -16 -17 -18 -19 -20 -21 -22 22 -24 -25 -26 -27 -28 -29 -30 -31
leaf_value=-2.7069099350912835 -2.3551912213698039 -2.6526353732706482 -1.5889819525235356 -2.5469789562064542 -2.2422945658167848 -1.9728524712740307 -1.6718350870846526 -1.9538199340308853 -2.1015054321200006 -2.6321363087436582 -1.6557815101035991 -2.6850326698935301 -1.4951944771145589 -2.2904261116709672 -2.1318270694753494 -1.6725970894283859 -2.6286432632579957 -2.035801496030226 -1.4526375220294021 -1.475696161321816 -2.260242352166419 -1.9963805422361434 -2.6694738628665218 -1.6329421795807686 -1.5835505731187811 -1.6693477499768461 -2.0008583375622955 -1.4585551479934877 -1.5178746104245182 -1.5188771191873578
leaf_weight=43740.583985447884 14.261848330497743 67.207382619380951 18.363707363605499 50.98926305770874 5.4901805520057687 7.0678186416625968 30.479967892169952 68.153965473175049 4.4804921746253994 25.115998387336731 80.775070190429688 183.44775706529617 22.086933255195621 54.333855807781219 14.009426236152647 5.8688136935234061 276.21287673711777 14.388059377670286 2636.3594588637352 87.274939119815826 5.174652934074401 22.465566396713257 535.95521181821823 2.0824822783470145 14.577375948429106 10.854150056838987 23.285938203334808 158.26865315437317 13.504582047462463 16.40743613243103
leaf_count=693134 226 1065 291 808 87 112 483 1080 71 398 1280 2907 350 861 222 93 4377 228 41777 1383 82 356 8493 33 231 172 369 2508 214 260
internal_value=-2.62294 -2.69467 -2.70058 -1.48367 -1.80767 -2.31433 -2.26911 -2.49443 -2.2067 -2.13648 -1.87247 -2.70518 -2.52382 -2.11324 -2.64578 -2.37172 -2.61228 -2.43448 -1.45957 -1.60342 -1.64041 -2.7061 -2.64239 -2.62199 -1.88426 -2.0588 -1.81433 -1.48735 -1.72726 -1.64385
internal_weight=48209.5 45354.1 45053.7 2855.46 300.319 530.023 123.056 376.551 92.1341 93.27 153.473 44523.7 224.719 72.6976 197.457 71.2461 283.281 65.3773 2763.33 126.968 27.2616 44299 558.421 69.2899 39.6934 25.116 53.7659 177.263 18.9948 20.8879
internal_count=763951 718702 713943 45249 4759 8399 1950 5967 1460 1478 2432 705544 3561 1152 3129 1129 4489 1036 43789 2012 432 701983 8849 1098 629 398 852 2809 301 331
is_linear=0
shrinkage=1


Tree=1
num_leaves=31
num_cat=0
split_feature=13 7 15 7 4 0 7 4 10 7 1 10 7 8 8 10 8 15 13 7 0 10 4 8 7 1 10 13 15 10
split_gain=226592 12508.3 6145.34 1174.28 2917.6 1172.4 1050.02 873.662 984.005 341.557 962.857 314.17 261.875 423.73 261.144 220.473 324.657 206.365 155.388 690.307 669.254 294.755 148.371 120.447 111.983 109.699 103.947 112.038 98.9479 98.5269
threshold=0.49991323053836828 0.92699080705642711 8.5000000000000018 0.82397845387458812 0.60120484232902538 0.87585616111755382 0.86989709734916698 0.53001201152801525 0.83333334326744091 0.72240144014358532 0.74133810400962841 0.58333334326744091 0.68240872025489818 0.28132851421833044 0.78385168313980114 0.41666667163372045 0.78385168313980114 7.5000000000000009 0.43652808666229254 0.43645593523979193 0.88067796826362621 0.83333334326744091 0.68496242165565502 0.24156877398490909 0.9709441363811494 0.89059829711914074 0.58333334326744091 0.44490455090999609 8.5000000000000018 0.29166667163372045
decision_type=2 2 2 2 2 2 2 2 2 2 2 2 2 2 2 2 2 2 2 2 2 2 2 2 2 2 2 2 2 2
left_child=1 3 9 18 11 6 23 8 24 10 -2 -5 13 -7 26 22 -17 -13 -1 20 -20 -21 -6 -4 -3 -12 -9 -28 -10 -8
right_child=2 7 5 4 15 12 29 14 28 -11 25 17 -14 -15 -16 16 -18 -19 19 21 -22 -23 -24 -25 -26 -27 27 -29 -30 -31
leaf_value=-0.084212997414717536 0.073136870974695942 -0.030579723606381469 0.073476644391662724 -0.066860265168693631 0.080821749200254284 0.31990006847885549 0.26995034452653555 0.54167913963863856 0.43571669564988824 0.41748262782303641 0.30270278798637568 0.31487457264728202 0.45723265499630983 0.01670707503971746 0.4225163225864435 0.86860768665858001 0.43577802654945935 -0.010297671259808088 0.0061141845067809912 -0.073451205094438393 0.69692273554887652 0.27995295788811314 0.43725817555898389 -0.044742615036021782 0.1924905834207695 0.4140542059643178 1.2225788294157325 0.66898879050703131 0.20732336216865974 0.52066598573334988
leaf_weight=40191.231820058078 69.97629114985466 66.414735149592161 73.845392167568207 432.17740359902382 13.065472707152368 106.10423178225756 17.190817050635815 9.1501395404338854 74.571130722761154 6746.1789587140083 68.367966949939728 23.88525053113699 44.437274053692818 40.861533172428608 238.34482687339187 15.134512111544607 41.512857124209404 26.183310620486736 21.846744734793901 631.65245839953423 15.234182406216858 15.474253039807079 17.465550452470779 217.94252647459507 18.391127537935972 329.59089574217796 4.2816133052110654 5.1588797569274902 14.50071297585964 24.088236808776855
leaf_count=685147 791 1072 1176 7210 152 1017 161 125 637 44181 661 264 344 582 1614 200 279 400 367 10415 252 231 162 3344 219 2393 73 49 161 214
internal_value=-0.00402713 -0.0775223 0.393676 -0.0819801 0.0321114 0.129275 0.0386024 0.351322 0.212836 0.412898 0.346803 -0.0448822 0.287057 0.235602 0.445041 0.458018 0.551417 0.144826 -0.0835694 -0.0457653 0.289923 -0.0650005 0.284724 -0.0148238 0.0177956 0.394924 0.733826 0.920062 0.398535 0.416255
internal_weight=49614.3 41875.7 7738.58 41444.9 569.424 524.47 333.067 430.813 173.878 7214.11 467.935 482.246 191.403 146.966 256.935 87.1784 56.6474 50.0686 40875.4 684.208 37.0809 647.127 30.531 291.788 84.8059 397.959 18.5906 9.44049 89.0718 41.2791
internal_count=763893 709029 54864 705079 8667 6838 4895 3950 2089 48026 3845 7874 1943 1599 1861 793 479 664 696412 11265 619 10646 314 4520 1291 3054 247 122 798 375
is_linear=0
shrinkage=0.08


Tree=2
num_leaves=31
num_cat=0
split_feature=13 7 7 1 10 7 4 4 3 10 3 7 10 0 8 13 7 3 7 7 10 4 8 10 8 7 1 10 8 8
split_gain=160263 9291.31 2246.66 1769.54 818.987 729.168 1858.91 577.669 252.002 173.863 432.691 270.202 161.509 156.193 246.264 154.802 513 286.465 187.566 147.336 126.218 115.029 128.424 96.2522 242.418 336.924 94.2347 87.6616 97.0239 83.7282
threshold=0.49991323053836828 0.90976935625076305 0.69789379835128795 0.85053193569183361 0.41666667163372045 0.80127388238906871 0.60120484232902538 0.57359308004379284 0.91853463649749767 0.41666667163372045 0.72965896129608165 0.9396781623363496 0.58333334326744091 0.8155706822872163 0.66849818825721752 0.43652808666229254 0.43645593523979193 0.92655104398727428 0.7161327898502351 0.9709441363811494 0.29166667163372045 0.45773810148239141 0.69592735171318065 0.41666667163372045 0.40562739968299871 0.56847450137138378 0.77871939539909374 0.83333334326744091 0.39672766625881201 0.81705284118652355
decision_type=2 2 2 2 2 2 2 2 2 2 2 2 2 2 2 2 2 2 2 2 2 2 2 2 2 2 2 2 2 2
left_child=1 5 3 8 7 15 12 19 27 10 11 26 -7 14 -12 -1 17 -17 -18 -3 -8 22 -6 24 -5 -26 -4 28 -2 -14
right_child=2 4 9 23 21 6 20 -9 -10 -11 13 -13 29 -15 -16 16 18 -19 -20 -21 -22 -23 -24 -25 25 -27 -28 -29 -30 -31
leaf_value=-0.083837155053331877 0.050421009362159659 -0.057074253508514902 -0.014442006118995742 0.27161261147303423 -0.017554281249476396 -0.07157980208657036 0.16374307346562106 0.28897959868522149 0.1652643620099617 0.30544022942855742 0.11237985450000344 0.31147498039273358 0.0045820863962774171 0.29905774028963855 0.2733497218632388 -0.0037141063800228348 -0.074263479013554956 0.37307892028150397 0.15832470370703744 0.2385631054384201 0.36264154968476037 0.31335785800999949 0.25041044530869649 0.31430566587598496 -0.023430742322993137 0.24461639971599514 0.27164880906601419 0.21879420775166469 -0.055890169693611817 0.21716008855848795
leaf_weight=37173.01995280385 79.289205208420753 98.716008808463812 57.568023152649403 321.25591602921486 12.854479879140852 490.63784859701991 27.729197718203068 56.811434410512447 61.517291739583015 6844.7609200552106 75.753443583846092 30.075130760669708 36.026590555906296 1432.9486294165254 308.68878298997879 24.264155924320221 580.09807363897562 27.605291083455086 23.072605408728123 12.112498223781584 77.456142574548721 327.78847161307931 104.49929657950997 124.06267181783915 48.962464675307274 77.53974112868309 8.450168699026106 9.9456396996974927 178.91935704648495 17.676195159554482
leaf_count=682484 1137 1688 574 2259 202 8768 258 360 698 35581 727 169 560 7478 1736 384 10223 276 331 132 528 1869 745 670 585 562 48 89 2613 140
internal_value=-0.00468756 -0.0767927 0.287103 0.166847 0.232268 -0.0817147 0.00232964 0.0815605 0.0192333 0.299481 0.278162 0.112721 -0.057163 0.28691 0.241631 -0.0831578 -0.0446054 0.196818 -0.0653665 -0.0247639 0.310207 0.289025 0.221059 0.251951 0.234675 0.140869 0.0221769 -0.0142677 -0.0232447 0.0745518
internal_weight=48750.1 39090.4 9659.74 901.492 612.782 38477.6 649.526 167.64 329.671 8758.25 1913.48 96.0933 544.341 1817.39 384.442 37828.1 655.04 51.8694 603.171 110.829 105.185 445.142 117.354 571.821 447.758 126.502 66.0182 268.154 258.209 53.7028
internal_count=763874 708948 54926 8613 4996 703952 10254 2180 4537 46313 10732 791 9468 9941 2463 693698 11214 660 10554 1820 786 2816 947 4076 3406 1147 622 3839 3750 700
is_linear=0
shrinkage=0.08


Tree=3
num_leaves=31
num_cat=0
split_feature=13 7 15 15 9 0 7 4 4 7 4 7 15 7 3 4 7 8 7 3 10 10 4 10 8 7 7 10 4 3
split_gain=124823 7369.45 2781.86 787.59 672.652 492.08 479.094 430.078 397.016 266.35 1171.56 193.686 193.07 165.454 368.524 122.208 120.561 236.672 115.427 820.144 113.688 110.518 103.583 144.812 85.3768 85.9912 77.8861 75.6286 63.6611 54.9119
threshold=0.48663347959518438 0.89871358871459972 9.5000000000000018 8.5000000000000018 0.87159258127212536 0.86425063014030468 0.90976935625076305 0.54201978445053112 0.55086207389831554 0.7798304855823518 0.68496242165565502 0.78969484567642223 5.5000000000000009 0.83405795693397533 0.91112279891967785 0.55625879764556896 0.63343685865402233 0.38364128768444067 1.0000000180025095e-35 0.91853463649749767 0.41666667163372045 0.83333334326744091 0.49590164422988897 0.83333334326744091 0.38040143251419073 0.7798304855823518 0.82397845387458812 0.83333334326744091 0.98213717341423046 0.92655104398727428
decision_type=2 2 2 2 2 2 2 2 2 2 2 2 2 2 2 2 2 2 2 2 2 2 2 2 2 2 2 2 2 2
left_child=1 4 12 22 9 6 24 20 21 18 15 27 -2 14 -14 -11 17 28 19 -1 -6 -5 23 -3 29 -26 -12 -9 -7 -4
right_child=2 3 5 8 7 16 -8 11 -10 10 26 -13 13 -15 -16 -17 -18 -19 -20 -21 -22 -23 -24 -25 25 -27 -28 -29 -30 -31
leaf_value=-0.073488758595000592 0.24337273972854576 0.065608891045424791 0.018727982125762165 -0.063001229233665509 -0.068678213197450613 -0.077920046823837547 0.25994131402675058 0.48810853467757803 0.21702590368173519 -0.073266913621706203 0.49669364887517975 0.28350585946712209 0.010943262915289582 0.23273788786064656 0.21428079434601632 0.05763544585476648 0.2463719950436043 -0.03594893563860712 -0.083701855125282734 0.28952456836263346 0.15880243622949711 0.12084366969873739 0.25266055104798235 0.22964319360667232 -0.069237148424788203 0.059097359917337763 0.27291262912896036 1.2091888838464671 0.17998919679151801 0.20157439145650621
leaf_weight=606.50787907838821 9790.6058628633618 51.92161900550127 77.281332328915596 116.20531767979264 44.965227857232094 6.3909985870122901 43.265377219766378 1.6719664633274072 59.034411396831274 579.92612904310226 13.305150747299193 32.020755872130394 84.047343667596579 356.25292973220348 177.54908557608724 49.543710187077522 65.306827515363693 46.960476383566856 34180.819218616933 42.631066989153624 20.457776822149754 25.52363333851099 363.73012618348002 102.32627149671316 201.10144688561559 40.074261855334044 39.518991306424141 2.1002156659960747 147.2761286906898 12.166598085314034
leaf_count=11915 45396 713 1093 2029 861 66 251 29 369 11046 147 188 913 1685 1058 666 359 692 675588 419 257 236 1813 580 3366 425 224 37 950 154
internal_value=-0.00478771 -0.076392 0.230683 0.177227 -0.0815105 0.068773 0.00960405 0.12443 0.0427134 -0.0820975 -0.0325961 0.347379 0.240636 0.197263 0.148951 -0.062964 0.151961 0.121229 -0.0830672 -0.0496485 0.002455 -0.029893 0.229364 0.174427 -0.0231551 -0.0479128 0.329278 0.88958 0.169263 0.0435985
internal_weight=47380.5 36332.2 11048.3 718.741 35613.5 639.823 373.889 101.216 200.763 35512.3 682.294 35.7929 10408.5 617.849 261.596 629.47 265.934 200.628 34830 649.139 65.423 141.729 517.978 154.248 330.624 241.176 52.8241 3.77218 153.667 89.4479
internal_count=763525 707117 56408 5740 701377 7356 5289 1372 2634 700005 12083 254 49052 3656 1971 11712 2067 1708 687922 12334 1118 2265 3106 1293 5038 3791 371 66 1016 1247
is_linear=0
shrinkage=0.08


Tree=4
num_leaves=31
num_cat=0
split_feature=13 7 15 10 7 1 7 4 4 10 7 1 8 7 7 7 15 4 8 1 7 3 15 3 3 8 7 15 4 3
split_gain=101705 5446.55 2817.12 576.162 504.233 625.049 436.175 1012.24 315.271 163.66 144.291 330.024 117.907 213.752 111.044 109.946 86.8579 83.5948 113.123 76.8825 67.7513 414.75 220.019 65.3659 60.184 50.372 49.7396 46.1878 45.7056 43.3759
threshold=0.46967236697673803 0.89871358871459972 7.5000000000000009 0.41666667163372045 0.84463602304458629 0.85053193569183361 0.78969484567642223 0.63453349471092235 0.57359308004379284 0.58333334326744091 0.68769904971122753 0.71010184288024913 0.34217563271522528 0.63343685865402233 0.9709441363811494 0.46943566203117376 7.5000000000000009 0.47413024306297308 0.74099972844123851 0.30068494379520422 1.0000000180025095e-35 0.89716076850891124 7.5000000000000009 0.59049528837203991 0.78261634707450878 0.90954548120498668 0.73546314239501964 46.500000000000007 0.86425063014030468 0.60719534754753124
decision_type=2 2 2 2 2 2 2 2 2 2 2 2 2 2 2 2 2 2 2 2 2 2 2 2 2 2 2 2 2 2
left_child=1 6 10 8 5 15 20 9 14 -8 11 -2 27 -14 -3 28 -11 18 -5 -20 21 -1 -23 -9 -13 -16 -17 -7 -4 -6
right_child=2 3 4 17 29 12 7 23 -10 16 -12 24 13 -15 25 26 -18 -19 19 -21 -22 22 -24 -25 -26 -27 -28 -29 -30 -31
leaf_value=-0.076656347797480262 -0.0048509817058647832 -0.058745071597086945 -0.076855997817044094 -0.032139058308869199 0.037136123934153886 0.15671311123794868 -0.071554027643802517 0.058660718796995415 0.18373327893028502 0.175879037347658 0.20754220044569852 0.020185889493455376 -0.039056361202635309 0.18458896982387787 -0.01246361557354256 -0.072855442573938597 -0.02319915327882658 0.21316251689661844 0.20066767935057375 0.063586886939131879 -0.08311232479341131 0.48290653836292896 0.075997198291024387 0.25689293256144968 0.19223657466949537 0.2792316349491441 0.012139718615161279 0.026376990580770962 0.074129982343979384 0.19678736092984095
leaf_weight=548.90056314691901 63.948421206325293 127.87574556097388 15.904440499842165 20.526273626834154 11.734638206660746 199.15528500080109 497.1706182025373 12.298106610774992 60.501825228333473 27.007106106728315 10547.982917074114 13.357008349150417 72.26751670986414 44.0053945556283 6.216725453734397 265.71534899249673 29.182139374315739 332.76354204118252 111.45486674830317 34.22618679702282 31723.791623257101 10.639939866960047 42.371837601065636 79.242553949356079 503.93894292786717 9.7017487883567792 52.825291454792023 19.067123278975487 66.410184800624847 151.56911945343018
leaf_count=11530 750 2371 219 308 77 1208 10065 99 322 255 45122 145 1161 246 70 4822 496 1534 591 229 675875 104 541 472 2646 71 646 116 889 784
internal_value=-0.0052839 -0.0766092 0.194402 0.143687 0.0581529 0.0299132 -0.0813082 -0.0161627 0.0305228 -0.0569278 0.205404 0.166599 0.110655 0.0455859 -0.033941 -0.0374621 0.0724869 0.190021 0.143688 0.168462 -0.0826078 -0.0560189 0.157668 0.230261 0.187794 0.165314 -0.0587602 0.145325 0.0449572 0.185315
internal_weight=45701.8 33673.9 12027.9 703.267 898.654 735.351 32970.6 644.901 204.296 553.36 11129.2 581.244 334.495 116.273 143.794 400.855 56.1892 498.971 166.207 145.681 32325.7 601.912 53.0118 91.5407 517.296 15.9185 318.541 218.222 82.3146 163.304
internal_count=763764 704933 58831 5496 10168 9307 699437 11387 2834 10816 48663 3541 2731 1407 2512 6576 751 2662 1128 820 688050 12175 645 571 2791 141 5468 1324 1108 861
is_linear=0
shrinkage=0.08


Tree=5
num_leaves=31
num_cat=0
split_feature=13 7 15 15 9 0 7 10 7 4 4 7 1 7 8 7 4 4 10 1 10 10 7 3 8 10 9 10 3 7
split_gain=85925.3 4880.25 2191.19 446.605 435.962 333.429 349.964 246.895 229.568 714.788 212.33 202.374 353.237 115.702 175.3 89.6854 87.5824 86.7136 84.0861 75.1741 77.0894 72.3598 65.8109 320.593 62.78 59.3992 59.3808 53.6118 114.9 116.044
threshold=0.46967236697673803 0.89871358871459972 9.5000000000000018 6.5000000000000009 0.87159258127212536 0.85053193569183361 0.88960573077201854 0.41666667163372045 0.7798304855823518 0.63245612382888805 0.60120484232902538 0.70983868837356578 0.70659971237182628 0.63661757111549389 0.41138803958892828 0.46943566203117376 0.51471862196922313 0.66145834326744091 0.41666667163372045 0.89059829711914074 0.41666667163372045 0.29166667163372045 1.0000000180025095e-35 0.89716076850891124 0.7697085738182069 0.41666667163372045 0.68771249055862438 0.41666667163372045 0.74286627769470226 0.93373253941535961
decision_type=2 2 2 2 2 2 2 2 2 2 2 2 2 2 2 2 2 2 2 2 2 2 2 2 2 2 2 2 2 2
left_child=1 4 11 -3 8 6 15 17 22 25 18 12 -2 14 -7 -4 26 -5 -6 20 -14 -11 23 -1 -12 -10 -9 28 29 -13
right_child=2 3 5 7 10 13 -8 16 9 21 24 27 19 -15 -16 -17 -18 -19 -20 -21 -22 -23 -24 -25 -26 -27 -28 -29 -30 -31
leaf_value=-0.075972142526498448 -0.0088362235756750465 0.17373341710989745 0.037924575029982269 -0.058793604607587362 -0.06521914960413619 0.11113213323244901 0.1700917414888786 -0.068577410819599838 -0.077716977849281152 0.08292342519581207 0.42045153704577526 0.018509375313850593 0.071999345368351175 0.1864412657658476 -0.044198001875455466 -0.057441865833790413 0.1981473474201165 0.13899870245130275 0.12173380552014947 0.17328073174927316 0.20488058330966719 0.24663097069097326 -0.082961547301383526 0.12009939780009156 0.1797374261530216 -0.0065097145675784545 0.10572036072221262 0.18567463845894186 0.1758947852438503 0.18558763162279948
leaf_weight=513.14341153949499 89.417548719793558 478.17633416131139 81.032717280089855 114.33375798165798 42.108995925635099 196.05371588841081 61.353844352066517 16.674844205379486 451.87096029147506 25.757769573479891 9.8063373640179616 60.990904808044434 103.19181215018034 76.367446471005678 60.957632649689913 285.37193996086717 55.554071709513664 16.194961830973625 24.272266738116741 556.6420030631125 38.316315095871687 52.500030674040318 29329.573087412864 59.566215664148331 23.675728306174278 89.88845182955265 50.079713393002748 8768.8329931199551 2141.8777711652219 47.190006248652935
leaf_count=11551 1093 2458 1056 2099 901 1147 307 250 9891 210 72 358 854 357 1027 5150 256 87 257 2583 223 294 673873 642 102 1652 335 35839 8889 199
internal_value=-0.00517184 -0.0760155 0.171566 0.128264 -0.0808921 0.0400037 -0.00674068 0.0422715 -0.0814381 -0.0332558 0.085987 0.180048 0.140871 0.0999815 0.0742911 -0.036351 0.123939 -0.0342531 0.00314008 0.160045 0.10798 0.192748 -0.0824371 -0.0555792 0.250239 -0.0659023 0.0621819 0.182848 0.171832 0.0913912
internal_weight=43920.8 31353.2 12567.6 731.014 30622.2 761.137 427.759 252.837 30522.3 620.017 99.8633 11806.5 787.568 333.379 257.011 366.405 122.309 130.529 66.3813 698.15 141.508 78.2578 29902.3 572.71 33.4821 541.759 66.7546 11018.9 2250.06 108.181
internal_count=764012 704930 59082 5485 699445 9044 6513 3027 698113 12047 1332 50038 4753 2531 2174 6206 841 2186 1158 3660 1077 504 686066 12193 174 11543 585 45285 9446 557
is_linear=0
shrinkage=0.08


Tree=6
num_leaves=31
num_cat=0
split_feature=13 8 15 3 10 8 4 8 15 13 2 8 4 8 1 10 10 8 13 8 13 15 4 4 10 13 4 15 15 4
split_gain=73521.1 4190.85 1806.01 325.274 316.668 289.141 463.652 252.947 170.4 136.344 438.347 170.57 149.899 122.318 176.792 149.586 110.668 101.288 76.0406 81.4107 69.4334 58.0312 52.4715 39.2377 37.3081 138.54 36.4869 35.5989 35.3397 29.608
threshold=0.46967236697673803 0.81705284118652355 7.5000000000000009 0.93097409605979931 0.41666667163372045 0.74099972844123851 0.62397539615631115 0.7697085738182069 6.5000000000000009 0.39715391397476202 0.60120484232902538 1.0000000180025095e-35 0.69309264421463024 0.64605829119682323 0.83935481309890758 0.41666667163372045 0.41666667163372045 0.36657941341400152 0.72869884967803966 0.38605175912380224 0.49991323053836828 45.500000000000007 0.53001201152801525 0.68801230192184459 0.58333334326744091 0.30001500248909002 0.97014260292053234 44.500000000000007 6.5000000000000009 0.45773810148239141
decision_type=2 2 2 2 2 2 2 2 2 2 2 2 2 2 2 2 2 2 2 2 2 2 2 2 2 2 2 2 2 2
left_child=1 5 13 7 8 9 16 18 22 24 12 -12 -11 14 15 17 -7 -2 19 -4 26 27 -3 -10 -1 -26 -5 -22 -18 -6
right_child=2 4 3 20 29 6 -8 -9 23 10 11 -13 -14 -15 -16 -17 28 -19 -20 -21 21 -23 -24 -25 25 -27 -28 -29 -30 -31
leaf_value=-0.082696441974023413 0.16335488605350768 0.042802042458140427 0.032383781002795708 0.10020830717880166 0.12323306141301135 -0.075811103923458453 0.20159148357887083 0.14381265555049022 -0.056067556317269104 0.02155993232443917 0.024063907566860502 -0.077648369751869187 0.24931643857682889 0.16598987376008301 0.15726868819437201 0.14889822402643976 0.14939452507039647 0.010693518336684693 0.11572560154443759 -0.047581926324134508 0.10961814858425648 0.033760270982121601 0.17182780799413139 0.12594854016287038 -0.076923722939063563 0.015794142699828647 -0.074730573811505302 0.17637208420737721 0.0011154749708242415 0.16444532868544545
leaf_weight=25740.237854521722 34.412385389208794 36.386118043214083 111.18026814609766 11.985035859048365 164.4038659632206 196.78789749741554 57.921111483126879 71.904936667531729 92.525285493582487 37.387459944933653 118.02991278097034 995.62281067296863 36.597898125648499 10586.617650322616 942.25591412931681 146.52504808455706 18.707392770797014 145.08336915820837 25.641437783837318 305.0202474668622 259.51516961678863 54.831257741898298 45.268344670534134 8.2562898695468885 1153.5975976362824 113.2672072276473 21.000266343355179 63.672948118299246 22.853694744408131 347.14416341856122
leaf_count=636965 240 539 1370 128 816 4565 323 347 1807 533 1977 24308 250 42622 4008 732 188 1181 156 5450 1555 392 202 36 28173 2359 410 368 354 1437
internal_value=-0.00524244 -0.0753127 0.154778 0.0470998 0.118928 -0.080044 -0.00142448 0.00466221 0.0284372 -0.0808702 -0.0543412 -0.0668684 0.134223 0.163177 0.139699 0.0889213 -0.0507593 0.0399613 -0.017983 -0.0262206 0.100146 0.109859 0.114333 -0.0411563 -0.0820368 -0.0686341 -0.0111675 0.12277 0.0678585 0.1512
internal_weight=41964.6 29185 12779.6 924.752 693.984 28491 296.27 513.747 182.436 28194.7 1187.64 1113.65 73.9854 11854.9 1268.28 326.021 238.349 179.496 441.842 416.201 411.005 378.019 81.6545 100.782 27007.1 1266.86 32.9853 323.188 41.5611 511.548
internal_count=763791 704832 58959 10176 4837 699995 5430 7323 2584 694565 27068 26285 783 48783 6161 2153 5107 1421 6976 6820 2853 2315 741 1843 667497 30532 538 1923 542 2253
is_linear=0
shrinkage=0.08


Tree=7
num_leaves=31
num_cat=0
split_feature=13 8 15 10 9 0 10 4 15 8 4 8 10 13 3 15 8 13 9 3 8 13 10 8 8 4 15 10 9 4
split_gain=63699.8 3817.46 1531.71 463.852 312.966 249.531 231.381 195.117 153.665 267.214 260.635 139.893 135 188.231 153.711 129.926 104.568 77.1148 104.575 71.4241 62.2432 55.9567 99.1076 54.5336 53.9096 50.4205 49.9439 49.7695 37.6251 37.0514
threshold=0.46967236697673803 0.78385168313980114 7.5000000000000009 0.41666667163372045 0.87159258127212536 0.85053193569183361 0.41666667163372045 0.53001201152801525 4.5000000000000009 0.58355855941772472 0.5524578094482423 1.0000000180025095e-35 0.41666667163372045 0.72869884967803966 0.80086025595664989 7.5000000000000009 0.88025155663490307 0.65463843941688549 0.48046410083770758 0.91853463649749767 0.81705284118652355 0.42108012735843664 0.58333334326744091 0.36404040455818182 0.92691829800605785 0.91715687513351452 5.5000000000000009 0.29166667163372045 0.54278853535652172 0.47413024306297308
decision_type=2 2 2 2 2 2 2 2 2 2 2 2 2 2 2 2 2 2 2 2 2 2 2 2 2 2 2 2 2 2
left_child=1 4 12 7 8 6 19 24 9 11 -11 -1 13 14 16 -6 -2 18 25 20 -4 -10 -23 -16 -3 -7 -9 -20 -21 -5
right_child=2 3 5 29 15 17 -8 26 21 10 -12 -13 -14 -15 23 -17 -18 -19 27 28 -22 22 -24 -25 -26 -27 -28 -29 -30 -31
leaf_value=0.20593823975483894 -0.018973300061134134 -0.058388351355405509 -0.041249574629737211 0.10842066438947581 0.24172911824856919 -0.062820724308433551 0.12970217009722246 0.15957052720220258 -0.081876096088296713 -0.038580151207676251 0.24941568429192054 -0.066860678779231325 0.15415614300676714 0.14751338037782058 0.14451818166990649 -0.018954528501491243 0.15014120136746376 0.14787535931919746 -0.024962800742223158 0.14620770191262217 0.095652821278051928 -0.062583878143443558 0.12053410431139756 0.098743582774599117 0.090551488259230289 0.10258647510002948 0.035582982826573802 0.19793803000060795 0.011898903433920381 0.15157253004011342
leaf_weight=12.283919624984263 97.637902218848467 152.46699597686529 337.58564732968807 195.60397219657898 26.539472565054893 12.398768700659273 79.094477094709873 47.712562654167414 25080.608739476651 43.805951125919819 37.18124582618475 583.59516792744398 9092.6665184907615 1963.7080318331718 275.09539681300521 22.704255610704422 30.776051610708237 102.11583979427814 79.991404328495264 21.929796881973743 22.682550206780434 527.80227202177048 19.61893867701292 422.22583444789052 17.320240270346403 241.99222853034735 36.85212479531765 6.9694807939231387 34.11586320027709 364.93014954030514
leaf_count=171 756 3446 5775 1013 227 101 611 211 668009 1064 461 15296 36595 7864 1210 448 126 426 1194 219 109 12492 233 2163 193 1184 296 52 501 1511
internal_value=-0.00532018 -0.0746799 0.14166 0.0958561 -0.0799529 0.0432908 0.00426993 0.00625474 -0.0803301 -0.0427061 0.0936388 -0.061237 0.149433 0.134037 0.10199 0.121539 0.0215572 0.086882 0.0686358 -0.0195606 -0.0326302 -0.0813238 -0.0560211 0.116802 -0.0431948 0.0945247 0.105538 -0.00709841 0.0644519 0.136514
internal_weight=39990 27169 12821 814.886 26354.1 938.876 495.408 254.352 26304.9 676.866 80.9872 595.879 11882.1 2789.44 825.735 49.2437 128.414 443.468 341.352 416.314 360.268 25628 547.421 697.321 169.787 254.391 84.5647 86.9609 56.0457 560.534
internal_count=763957 705071 58886 6670 698401 10172 7215 4146 697726 16992 1525 15467 48714 12119 4255 675 882 2957 2531 6604 5884 680734 12725 3373 3639 1285 507 1246 720 2524
is_linear=0
shrinkage=0.08


Tree=8
num_leaves=31
num_cat=0
split_feature=13 7 15 10 7 1 9 0 15 7 1 7 3 7 3 15 15 3 7 10 7 9 10 0 5 13 15 3 9 15
split_gain=55927.7 3647.49 1312.21 480.206 282.349 312.086 230.547 240.684 177.522 172.403 171.767 110.934 339.256 79.1424 294.418 74.4559 71.7741 69.503 67.2189 60.5643 60.5332 56.176 83.9242 52.9111 53.4765 52.4316 50.8456 48.3101 44.0534 42.2778
threshold=0.46967236697673803 0.85814890265464794 7.5000000000000009 0.41666667163372045 0.85814890265464794 0.82807883620262157 0.85324272513389599 0.48683299124240881 6.5000000000000009 0.68240872025489818 0.85880398750305187 0.75075757503509533 0.65926837921142589 1.0000000180025095e-35 0.9148516356945039 11.500000000000002 4.5000000000000009 0.88013967871665966 0.46943566203117376 0.41666667163372045 0.73546314239501964 0.87159258127212536 0.41666667163372045 0.40224719047546392 12.500000000000002 0.49991323053836828 4.5000000000000009 0.61692997813224804 0.66053891181945812 46.500000000000007
decision_type=2 2 2 2 2 2 2 2 2 2 2 2 2 2 2 2 2 2 2 2 2 2 2 2 2 2 2 2 2 2
left_child=1 6 9 8 5 18 11 16 -3 10 17 13 19 14 -1 -14 -8 -2 -4 -13 -20 22 -9 -10 -25 -7 -5 28 -28 -27
right_child=2 3 4 26 -6 25 7 21 23 -11 -12 12 15 -15 -16 -17 -18 -19 20 -21 -22 -23 -24 24 -26 29 27 -29 -30 -31
leaf_value=-0.069814140814926706 -0.029425784632346685 0.087930535711390839 0.029059452973108996 0.14270039169324286 0.1333446311321366 -0.021567580547494126 0.15171711718349901 0.092203725306367834 -0.063012419449823137 0.14111446932044769 0.12272652129469074 -0.076335153694019275 0.23212582622847891 -0.082158524814017544 0.1422426480727684 0.02089816819864505 -0.050435172468369552 0.074790486594279462 -0.073680594353986897 -0.0023288681722977238 0.018681542875012426 0.20913877861403646 0.86299257098802662 -0.023321717540146763 0.19843215203530817 0.08455051325808817 -0.024459627380350152 0.14553719143961938 0.08922608276271761 -0.0052757770341616871
leaf_weight=434.85586380213499 73.601868338882923 94.603276416659355 80.358283024281263 338.17714657261968 172.65215579047799 39.014744061976671 12.930847354233263 1.5273914113640814 167.73321610689163 11121.007810842246 490.43209553137422 436.93868137523532 31.018067516386509 23171.306438054889 46.37077446654439 16.288681898266077 85.994793862104416 92.335167594254017 215.21821892634034 84.450272001326084 57.55930969491601 18.865469042211771 2.2152669578790665 21.020508632063869 10.404907722026108 344.27753924950957 24.9478166885674 90.237936288118362 173.69656118750572 37.152879301458597
leaf_count=11825 770 915 990 1453 783 687 159 24 3859 45226 2099 11883 247 667283 365 258 2085 587 4619 1855 693 97 32 326 75 2133 397 408 1011 291
internal_value=-0.00530066 -0.0741885 0.131481 0.0821036 0.0408427 0.0201975 -0.0801006 0.0298087 -0.00230229 0.138763 0.0989215 -0.0806521 -0.0457362 -0.0814916 -0.0493804 0.159396 -0.0240113 0.028565 -0.0352469 -0.0643482 -0.0541911 0.265307 0.548431 -0.0451642 0.0501007 0.0667659 0.121646 0.0969981 0.0749483 0.0758011
internal_weight=37987.2 25263.6 12723.6 920.821 946.233 773.581 24342.8 121.534 293.762 11777.4 656.369 24221.2 568.696 23652.5 481.227 47.3067 98.9256 165.937 353.136 521.389 272.778 22.6081 3.74266 199.159 31.4254 420.445 627.059 288.882 198.644 381.43
internal_count=763435 704557 58878 8444 10196 9413 696113 2397 5175 48682 3456 693716 14243 679473 12190 505 2244 1357 6302 13738 5312 153 56 4260 401 3111 3269 1816 1408 2424
is_linear=0
shrinkage=0.08


Tree=9
num_leaves=31
num_cat=0
split_feature=7 3 4 15 7 15 7 15 7 7 3 7 7 10 10 2 8 7 4 10 3 7 1 7 10 0 10 0 15 7
split_gain=45928.1 3530.82 3322.79 1001.45 741.267 609.045 230.735 221.526 371.345 227.672 197.68 183.64 369.629 168.85 149.36 121.75 104.392 101.385 179.132 87.6022 204.863 143.928 70.517 65.9254 52.7026 52.4557 51.2502 47.3151 42.5844 42.5686
threshold=0.75075757503509533 0.93097409605979931 0.55625879764556896 6.5000000000000009 1.0000000180025095e-35 7.5000000000000009 0.56847450137138378 5.5000000000000009 0.61951711773872387 1.0000000180025095e-35 0.77840790152549755 0.55081140995025646 1.0000000180025095e-35 0.41666667163372045 0.41666667163372045 0.71010184288024913 0.92691829800605785 1.0000000180025095e-35 0.94185259938240062 0.41666667163372045 0.72965896129608165 0.9396781623363496 0.70659971237182628 0.9656645953655244 0.29166667163372045 0.8155706822872163 0.41666667163372045 0.62575301527977001 4.5000000000000009 0.92699080705642711
decision_type=2 2 2 2 2 2 2 2 2 2 2 2 2 2 2 2 2 2 2 2 2 2 2 2 2 2 2 2 2 2
left_child=1 7 5 11 -5 14 -6 8 9 27 26 12 -3 -14 23 -13 -7 18 -9 20 21 28 -20 -2 -12 29 -10 -1 -4 -22
right_child=2 3 19 4 6 16 -8 17 10 -11 24 15 13 -15 -16 -17 -18 -19 22 -21 25 -23 -24 -25 -26 -27 -28 -29 -30 -31
leaf_value=-0.041320983915093513 -0.043729225037762172 0.12386181092818749 0.073352232735303488 0.083346836422375947 -0.0805131485951677 -0.070231832748108 0.084299894825174443 -0.067754930389528414 -0.06061957548577341 -0.075933749140097109 0.048379255422796627 0.56387560718046903 -0.067824932190004433 0.22148029242125059 0.09867201914938796 0.13222801126337438 0.098766574649583744 -0.082072222582932355 -0.011073091931433982 0.13589549188441719 0.082417997051121739 0.13499648636517991 0.13086357242591193 0.13954699077259192 0.17718807281564533 0.13297822272126691 0.060839271249959297 0.17802393599199615 -0.021953915912967886 0.12955015277710671
leaf_weight=8.1029196679592115 85.349348049610853 228.67978899925947 40.625996675342321 315.00115393102169 603.97015728801489 638.44863093271852 59.741227444261312 430.15424969047308 69.84092727676034 776.92858221381903 29.259444382041693 4.2215309776365748 130.98714454844594 14.323037106543778 253.41209504753351 447.27827718108892 24.282532021403313 20361.716595973819 47.083108302205801 8878.6892464980483 274.87295089662075 80.064109206199646 42.734981946647167 14.728481061756609 66.60757277905941 1715.731538746506 32.617961376905441 28.192803457379341 114.76640577241778 221.44255915284157
leaf_count=148 1901 930 218 1526 17870 17205 401 11932 1642 22855 229 37 3168 155 1443 1833 162 630185 620 36927 1377 346 408 96 371 7074 582 217 1298 912
internal_value=-0.00536968 -0.0705455 0.119768 0.0370241 -0.0177141 -0.0188083 -0.0656782 -0.0794103 -0.0428477 -0.0667847 0.0553046 0.101922 0.0604636 -0.0393085 0.0659927 0.136264 -0.0640397 -0.0811814 -0.0462986 0.132202 0.118801 0.0478594 0.0564596 -0.0167564 0.137875 0.126352 -0.0219529 0.129056 0.00296305 0.103447
internal_weight=36039.9 23697.4 12342.4 1804.2 978.713 1016.22 663.711 21893.2 1011.55 813.224 198.326 825.49 373.99 145.31 353.49 451.5 662.731 20881.7 519.972 11326.2 2447.5 235.457 89.8181 100.078 95.867 2212.05 102.459 36.2957 155.392 496.316
internal_count=764068 695109 68959 25920 19797 20807 18271 669189 26044 23220 2824 6123 4253 3323 3440 1870 17367 643145 12960 48152 11225 1862 1028 1997 600 9363 2224 365 1516 2289
is_linear=0
shrinkage=0.08


Tree=10
num_leaves=31
num_cat=0
split_feature=13 7 15 15 7 3 7 9 4 1 4 7 4 7 15 7 7 10 9 9 7 3 10 1 8 7 7 4 10 5
split_gain=43836.6 2856.6 1336.29 403.572 232.663 266.823 173.479 165.897 152.128 137.714 97.7327 89.2413 419.145 81.4579 80.968 71.592 69.1964 64.6863 55.9521 80.2349 55.0851 164.509 53.1794 111.56 105.593 49.9323 45.0633 44.7665 44.6542 42.8114
threshold=0.45617751777172094 0.84463602304458629 7.5000000000000009 8.5000000000000018 0.86989709734916698 0.93097409605979931 0.66506412625312816 0.87159258127212536 0.55625879764556896 0.85880398750305187 0.55625879764556896 0.75075757503509533 0.68614074587821972 0.45622551441192633 7.5000000000000009 0.9709441363811494 0.78969484567642223 0.41666667163372045 0.82828345894813549 0.60559281706810009 1.0000000180025095e-35 0.89716076850891124 0.41666667163372045 0.78319624066352855 0.74099972844123851 0.70337250828742992 0.9656645953655244 0.57359308004379284 0.41666667163372045 4.5000000000000009
decision_type=2 2 2 2 2 2 2 2 2 2 2 2 2 2 2 2 2 2 2 2 2 2 2 2 2 2 2 2 2 2
left_child=1 7 6 10 5 13 9 11 15 18 17 20 27 29 -9 -5 -14 26 19 -2 21 -1 23 24 -8 -15 -3 -13 -10 -4
right_child=2 3 4 8 -6 -7 22 14 28 -11 -12 12 16 25 -16 -17 -18 -19 -20 -21 -22 -23 -24 -25 -26 -27 -28 -29 -30 -31
leaf_value=-0.070903424205305376 0.072763462962987371 -0.032515475029592983 0.13287881032584503 -0.059426999266380343 0.11098791138272375 0.055090615344083424 0.023549961198615136 0.14893103809795893 0.019492371205751872 0.10368401582871219 0.13242630949161355 -0.072541254081706794 0.45927069618443639 -0.0737010935944033 -0.047366855824182708 0.091560085611159997 0.17187615903815812 0.089020267780329884 0.2025899344207561 -0.046346048356548944 -0.081584746502490355 0.08232047465627948 0.12793636313207438 0.12344524913399069 0.10471119919674511 -0.0033923525426134268 0.12029839987266211 0.036398138291179175 0.14808410359208141 0.0021781403767936504
leaf_weight=370.63133971020579 63.148162990808487 54.858634375035763 19.832397669553757 203.28207391873002 176.54503366351128 423.2069495767355 146.96925654262304 29.648093231022358 31.268780793994665 446.35310501232743 313.85093787312508 415.78982213325799 6.7863958626985541 234.30526217445731 24.611870270222425 22.303735326975584 25.541090525686741 237.30617894604802 9.7249193936586362 84.801598988473415 19855.236768873408 51.018296524882317 8509.4169301912189 1772.3024025559425 339.77892337739468 89.278667461127043 15.9385394975543 25.629510033875704 38.639997936785221 83.860306233167648
leaf_count=11570 439 1115 159 5185 790 3064 813 229 278 1989 1379 12791 85 6107 589 176 136 1144 58 1003 666260 568 36241 7487 1428 1117 99 435 177 1023
internal_value=-0.00520974 -0.0737178 0.114807 0.064433 0.0274147 0.0100664 0.1227 -0.0798099 -0.0125445 0.0809806 0.101006 -0.0801752 -0.0458522 -0.034529 0.0598919 -0.0444989 0.232208 0.0689986 0.0167106 0.00449247 -0.0809771 -0.0523638 0.12504 0.114129 0.0802053 -0.0543025 0.00188745 -0.0662161 0.0905676 0.0271761
internal_weight=34121.9 21722.3 12399.5 917.449 1027.03 850.484 11372.5 20804.9 295.495 604.028 621.954 20750.6 473.747 427.277 54.26 225.586 32.3275 308.103 157.675 147.95 20276.9 421.65 10768.5 2259.05 486.748 323.584 70.7972 441.419 69.9088 103.693
internal_count=763934 702216 61718 9553 12260 11470 49458 692663 5816 3489 3737 691845 13447 8406 818 5361 221 2358 1500 1442 678398 12138 45969 9728 2241 7224 1214 13226 455 1182
is_linear=0
shrinkage=0.08


Tree=11
num_leaves=31
num_cat=0
split_feature=13 7 15 10 7 4 1 7 0 7 4 4 15 10 7 7 3 15 8 10 8 8 3 10 0 8 7 8 10 4
split_gain=39004.2 2634.17 1232.1 348.654 234.757 186.536 179.227 165.071 173.02 146.054 421.653 92.4493 60.7743 59.8448 59.1026 57.6166 175.634 74.9763 51.698 51.3767 96.976 50.5803 48.5425 46.8705 103.557 97.7888 44.1655 88.6781 37.6159 43.321
threshold=0.45617751777172094 0.84463602304458629 9.5000000000000018 0.41666667163372045 0.70983868837356578 0.55086207389831554 0.72255688905715953 0.92699080705642711 0.83047896623611461 0.75075757503509533 0.63733074069023143 0.53001201152801525 3.5000000000000004 0.58333334326744091 0.9656645953655244 1.0000000180025095e-35 0.88335159420967113 11.500000000000002 0.92691829800605785 0.41666667163372045 0.36804908514022833 0.38040143251419073 0.54129019379615795 0.41666667163372045 0.78629976511001598 0.72776681184768688 0.68240872025489818 0.28132851421833044 0.22500000149011615 0.82097071409225475
decision_type=2 2 2 2 2 2 2 2 2 2 2 2 2 2 2 2 2 2 2 2 2 2 2 2 2 2 2 2 2 2
left_child=1 9 4 5 6 14 -2 8 13 15 12 18 -11 21 -3 16 -1 -18 -5 20 -8 -4 -7 24 25 -6 27 -10 29 -12
right_child=2 3 7 11 23 22 19 -9 26 10 28 -13 -14 -15 -16 -17 17 -19 -20 -21 -22 -23 -24 -25 -26 -27 -28 -29 -30 -31
leaf_value=-0.073075484643043739 -0.016876731470246473 -0.06310858786059606 0.0095955047250538411 0.034166891083934184 0.014464825955870078 -0.05045657310938019 0.10304663515557476 0.1247758756238288 0.055687184090573244 0.10737065479833889 -0.011766464328978724 0.12735470111582164 -0.070259925729174708 0.13690304397655709 0.078829525398948455 -0.081231032193365457 0.19547079562032138 0.0094391633927668975 0.10189756063669697 0.12341955172284888 0.032532311163022076 -0.057836290947327139 0.11412914882776547 0.12207899234055516 0.11816034631099635 0.097202639350179879 0.10779444273096689 -0.033504839223461549 0.19529287422828698 0.27642819124077928
leaf_weight=336.8501761816442 115.52480048127472 193.8447521738708 97.503346960991621 162.37743025273085 122.71131533011794 13.550999576225875 337.47204354777932 82.427419885993004 259.33710497245193 12.70688923448324 13.644981950521471 302.38316247984767 412.55916820280254 12.721360266208647 20.788928050547838 18416.951351853088 21.3172896374017 39.663642749190331 129.76193384826183 212.95546896383166 198.08918355032802 263.82088155671954 74.638560416176915 8112.6914231665432 1693.4233430027962 358.57487571984529 55.596533633768559 98.415239568799734 45.250753547996283 4.4193154573440543
leaf_count=11259 1462 5455 1228 1434 642 131 1452 354 1251 214 157 1354 13215 107 180 666976 189 643 529 964 1391 6145 452 35769 7382 1546 244 1749 287 25
internal_value=-0.00533169 -0.0732304 0.108766 0.0607575 0.115919 -0.00911353 0.0758677 0.0170622 0.00578634 -0.079459 -0.0362761 0.0963467 -0.0649523 -0.0336356 -0.0493608 -0.0805804 -0.0504591 0.0744708 0.0642514 0.0901817 0.0769654 -0.0396398 0.0888393 0.119283 0.108854 0.0761074 0.0414598 0.0311511 0.156333 0.0587385
internal_weight=32222 20200.7 12021.3 897.346 11151.4 302.823 864.041 869.822 787.394 19303.4 488.581 594.523 425.266 374.046 214.634 18814.8 397.831 60.9809 292.139 748.517 535.561 361.324 88.1896 10287.4 2174.71 481.286 413.349 357.752 63.3151 18.0643
internal_count=764186 702500 61686 9535 50608 6218 5269 11078 10724 692965 13898 3317 13429 7480 5635 679067 12091 832 1963 3807 2843 7373 583 45339 9570 2188 3244 3000 469 182
is_linear=0
shrinkage=0.08


Tree=12
num_leaves=31
num_cat=0
split_feature=13 7 7 1 4 10 7 4 8 10 1 7 3 9 10 4 8 7 3 4 0 10 8 7 0 7 9 3 13 1
split_gain=35065.3 2454.5 1119.1 366.23 296.32 199.829 143.454 347.604 131.913 105.845 230.831 185.032 100.696 80.8437 70.19 65.6456 60.4648 53.7903 136.641 49.9544 45.358 44.0626 119.028 101.701 38.6946 37.2985 35.5672 102.018 29.6545 29.4339
threshold=0.45617751777172094 0.84463602304458629 0.66506412625312816 0.90070420503616344 0.53001201152801525 0.83333334326744091 0.75075757503509533 0.68614074587821972 0.3341307938098908 0.41666667163372045 0.75716626644134533 0.85814890265464794 0.90451204776763927 0.82266426086425792 0.41666667163372045 0.94826048612594616 0.870479315519333 1.0000000180025095e-35 0.88335159420967113 0.54201978445053112 0.55470088124275219 0.41666667163372045 0.38479596376419073 0.56148993968963634 0.21132376790046695 0.93373253941535961 0.85324272513389599 0.6931876838207246 0.53342181444168102 0.24068965017795566
decision_type=2 2 2 2 2 2 2 2 2 2 2 2 2 2 2 2 2 2 2 2 2 2 2 2 2 2 2 2 2 2
left_child=1 6 3 8 5 16 17 14 15 10 11 12 -4 28 -8 -2 -3 18 -1 -16 -17 22 -5 -24 -18 -13 -19 -28 -10 -7
right_child=2 4 9 21 -6 29 7 -9 13 -11 -12 25 -14 -15 19 20 24 26 -20 -21 -22 -23 23 -25 -26 -27 27 -29 -30 -31
leaf_value=-0.072156690645655802 -0.051429882347595948 -0.054896856077108307 -0.032380145079063873 0.079669893622738741 0.10858574006292696 0.10491673012790012 -0.07448717513359919 0.17055230396593857 -0.074398367377163335 0.11707125481256503 0.11139448675186792 0.058108203414196827 0.10682778602811825 0.11604572773273646 -0.021286117511201848 -0.042775448083405776 0.13004499753897583 -0.081089649531171856 0.056052385901834811 0.14138687245526116 0.079754857649677574 0.11979666736621089 -0.059544043832072617 0.072733831126224724 -0.0032060725829679581 0.11234716833015491 -0.057750897392032596 0.2886313586438285 -0.018040336375693057 0.046252935873892814
leaf_weight=312.57379784807563 43.930482525378466 192.02387613989413 173.32874519005418 510.5400152169168 397.28842190466821 95.843440286815166 336.18722506053746 47.225271627306938 226.2162751685828 7989.325700962916 1855.050799459219 139.78434932604432 41.15077343583107 17.757217628881335 64.91506109572947 22.995987331494689 18.573492776602507 17009.802720954642 64.113747179508209 14.844262745231388 121.45437331870198 93.847772069275379 84.343231523409486 66.550629328936338 55.995561260730028 193.41904269903898 40.579775433987379 6.2846507374197236 81.201449032872915 127.62854292616248
leaf_count=11189 470 5275 1913 2180 2083 465 11784 271 5699 36732 8465 647 224 184 1665 286 187 665593 842 174 916 420 1278 362 781 845 1333 53 1259 726
internal_value=-0.00498418 -0.0726307 0.103984 0.0330577 0.057241 0.0156166 -0.0790701 -0.0351279 -0.0190647 0.112644 0.0979213 0.0522863 -0.00567124 -0.049925 -0.0584802 0.034205 -0.0311548 -0.0802375 -0.050335 0.00898947 0.0602485 0.0684985 0.06122 -0.00120386 0.0299838 0.089593 -0.0808979 -0.0113001 -0.0595119 0.0714129
internal_weight=30444.8 18783.9 11660.9 1268.84 887.353 490.065 17896.5 463.172 513.556 10392.1 2402.73 547.683 214.48 325.175 415.947 188.381 266.593 17433.4 376.688 79.7593 144.45 755.282 661.434 150.894 74.5691 333.203 17056.7 46.8644 307.418 223.472
internal_count=764301 702421 61880 13054 9517 7434 692904 13894 8814 48826 12094 3629 2137 7142 13623 1672 6243 679010 12031 1839 1202 4240 3820 1640 968 1492 666979 1386 6958 1191
is_linear=0
shrinkage=0.08


Tree=13
num_leaves=31
num_cat=0
split_feature=13 7 15 15 7 8 7 4 7 13 4 4 15 9 13 7 3 15 7 0 4 4 7 4 3 11 9 3 9 4
split_gain=31253.3 2245.7 1144.42 302.812 219.348 227.789 137.347 382.366 120.663 119.822 113.363 93.4169 77.7886 63.2193 105.641 55.1516 126.943 45.1013 44.7683 44.3239 42.8861 37.9937 37.7133 63.0418 34.9881 33.4815 33.4802 73.7558 31.375 30.6397
threshold=0.45617751777172094 0.83405795693397533 6.5000000000000009 8.5000000000000018 0.78969484567642223 0.27792632579803472 0.73546314239501964 0.68614074587821972 0.64161032438278209 0.58608135581016552 0.56070175766944896 0.5524578094482423 6.5000000000000009 0.61276796460151683 0.53342181444168102 1.0000000180025095e-35 0.89716076850891124 7.5000000000000009 0.9709441363811494 0.24068965017795566 0.71535181999206554 0.86425063014030468 0.7798304855823518 0.75716626644134533 0.54824209213256847 1.0000000180025095e-35 0.85324272513389599 0.73596537113189708 0.85324272513389599 0.45222154259681707
decision_type=2 2 2 2 2 2 2 2 2 2 2 2 2 2 2 2 2 2 2 2 2 2 2 2 2 2 2 2 2 2
left_child=1 6 8 11 5 21 15 12 13 28 18 19 25 -2 -15 16 -1 -18 -5 -3 -6 -4 23 -9 -12 -8 -17 -28 -7 -21
right_child=2 3 4 10 20 9 7 22 -10 -11 24 -13 -14 14 -16 26 17 -19 -20 29 -22 -23 -24 -25 -26 -27 27 -29 -30 -31
leaf_value=-0.069648008705084252 0.090383230553829838 0.09017264675250708 -0.040174928216391799 -0.055841899986069352 0.014137936815346837 -0.066276015654851389 -0.055806008383354165 0.080935119969618094 0.11004858117736528 0.0362814701335335 -0.028591488629770428 0.11393561524631381 -0.07178483097651496 -0.053382530440814542 0.078076441617459066 -0.080966876236161819 0.18162774440784982 0.018632467940865562 0.061402556999650207 0.00517299417859436 0.092259475012146375 0.049956612914799442 0.13856731573326428 0.44967722069580035 0.098081412717075517 0.081632335447263782 -0.048320826082160311 0.2809085094791397 0.20054386978248204 0.073550939537657858
leaf_weight=304.34749438427389 299.60889547504485 116.71568424813449 32.274351440370083 203.3446837477386 53.442214533686638 307.54148324579 17.352309912443161 4.9501276016235334 9520.7524696141481 101.55129351839423 18.253102669492364 303.47307816892862 393.33296407014132 62.44396954216063 104.75431703031063 15654.563264962286 14.635542742907999 42.169035356491804 23.223749615252018 128.08504266478121 283.80217199027538 412.45548754930496 33.658886834979057 7.4079403299838305 59.265918778255582 32.762663254514337 36.191332217305899 4.950616978108882 2.8466150015592566 62.359512519091368
leaf_count=11561 1421 809 367 5941 312 8012 584 62 45548 919 154 1459 14886 746 523 661632 86 475 171 1206 1436 2340 167 69 346 635 1245 36 33 477
internal_value=-0.00517565 -0.072048 0.0992526 0.0499737 0.0252279 0.00371314 -0.0787937 -0.0370473 0.108102 -0.0391497 -0.0152527 0.0824556 -0.0598249 0.0683902 0.0289801 -0.0800663 -0.0491573 0.0606278 -0.0438241 0.0513535 0.0798798 0.0434157 0.182451 0.301974 0.0682542 0.0340443 -0.0807775 -0.00870461 -0.063829 0.0275628
internal_weight=28642.5 17461 11181.5 914.721 1193.91 856.669 16546.3 489.465 9987.56 411.939 304.087 610.633 443.448 466.807 167.198 16056.9 361.152 56.8046 226.568 307.16 337.244 444.73 46.017 12.3581 77.519 50.115 15695.7 41.1419 310.388 190.445
internal_count=763658 702001 61657 10563 13419 11671 691438 16403 48238 8964 6612 3951 16105 2690 1269 675035 12122 561 6112 2492 1748 2707 298 131 500 1219 662913 1281 8045 1683
is_linear=0
shrinkage=0.08


Tree=14
num_leaves=31
num_cat=0
split_feature=13 7 15 15 7 0 13 9 10 10 7 8 4 15 7 4 8 4 4 15 7 4 4 8 7 7 1 8 10 1
split_gain=28139.2 2047.26 1017.13 280.661 190.702 191.231 137.353 134.613 130.924 118.67 107.536 120.891 107.05 76.807 172.272 185.75 93.5469 62.6037 58.2852 57.5529 43.2554 39.0236 35.0973 33.0726 53.065 33.0332 58.7015 31.0481 26.5642 53.6169
threshold=0.45617751777172094 0.83405795693397533 6.5000000000000009 6.5000000000000009 0.88960573077201854 0.79772728681564342 0.58608135581016552 0.85324272513389599 0.41666667163372045 0.41666667163372045 0.45622551441192633 0.70623460412025463 0.59516963362693798 5.5000000000000009 0.66506412625312816 0.59516963362693798 0.22278624027967456 0.56070175766944896 0.53001201152801525 12.500000000000002 0.98270881175994884 0.63453349471092235 0.91715687513351452 0.32885724306106573 0.73546314239501964 1.0000000180025095e-35 0.80901724100112926 0.8445824682712556 0.41666667163372045 0.81120249629020702
decision_type=2 2 2 2 2 2 2 2 2 2 2 2 2 2 2 2 2 2 2 2 2 2 2 2 2 2 2 2 2 2
left_child=1 7 6 17 5 23 9 13 21 10 -2 -12 -9 14 16 -16 -1 20 27 -7 -3 -5 -21 -4 -25 26 -15 -10 29 -8
right_child=2 3 4 8 -6 19 28 12 18 -11 11 -13 -14 25 15 -17 -18 -19 -20 22 -22 -23 -24 24 -26 -27 -28 -29 -30 -31
leaf_value=0.11033288936270903 0.085033218287545703 0.029926147735663995 0.0079114396862924492 -0.061934902368327216 0.093137050294693699 0.071630846819614027 0.070170287171242379 -0.03647511174502599 -0.034295234910437788 0.10491491270827327 -0.031979226969542522 0.085550943344829544 0.15938394857788152 -0.065735694789425245 -0.041247920053219006 0.22268290664832313 -0.072357401321335585 0.11175186363853844 0.11002048274076004 -0.040049246809690769 0.096343537516567879 0.037798766173621906 0.029692880143974892 -0.072720283068664779 -0.00032966900575803147 -0.080815686646683815 0.052917379162803306 0.054685644226145129 0.10935083467981645 0.10513357887637673
leaf_weight=18.529011743143201 244.50851328670979 157.8707347214222 90.187908200547099 182.95818309672177 217.66986402869225 214.76932740211487 346.79565672576427 60.337004328146577 50.077580135315657 437.0624974835664 156.94030885584652 87.095203220844269 25.36918905004859 297.63270530663431 42.147079648450017 28.677984634414315 562.5615964718163 259.71064665913582 59.888814352452755 53.794127495959401 104.16262076795101 29.102645143866539 326.31188382022083 187.08586142398417 99.154808793216944 14284.806577989832 29.313452018424869 50.310973960906267 6813.1931702643633 1473.0558906942606
leaf_count=359 1065 1403 1036 5849 1018 1358 1628 1932 905 2233 1372 402 181 11566 1494 357 25094 1285 294 927 445 159 2530 5665 918 650343 323 231 34291 7229
internal_value=-0.00518209 -0.0716256 0.0952375 0.0460522 0.0254571 0.01029 0.103917 -0.0784802 -0.00700597 0.0746299 0.0475363 0.00996677 0.0214995 -0.0790415 -0.0521747 0.0656211 -0.066532 0.0839166 0.0475604 0.0385271 0.0563282 -0.0482477 0.0198227 -0.0343335 -0.0476439 -0.0802402 -0.0550975 0.0102986 0.107057 0.0984709
internal_weight=26991.1 16243.5 10747.6 894.082 1188.97 971.304 9558.65 15349.4 372.338 925.607 488.544 244.036 85.7062 15263.7 651.916 70.8251 581.091 521.744 160.277 594.875 262.033 212.061 380.106 376.429 286.241 14611.8 326.946 100.389 8633.04 1819.85
internal_count=763892 702220 61672 10571 13452 12434 48220 691649 7438 5072 2839 1774 2113 689536 27304 1851 25453 3133 1430 4815 1848 6008 3457 7619 6583 662232 11889 1136 43148 8857
is_linear=0
shrinkage=0.08


Tree=15
num_leaves=31
num_cat=0
split_feature=13 7 15 10 7 8 7 7 4 13 4 3 4 10 7 3 4 7 15 10 8 10 0 7 10 4 7 15 15 3
split_gain=25399.4 1920.03 952.044 245.249 170.905 181.65 144.986 131.061 362.307 116.141 113.454 106.312 78.7873 71.8507 58.728 105.116 54.9602 49.9556 44.0232 40.5167 40.1103 39.8017 69.5684 56.1013 38.172 37.184 37.0965 37.0602 34.8337 32.597
threshold=0.45617751777172094 0.83405795693397533 6.5000000000000009 0.41666667163372045 0.80127388238906871 0.27300959825515753 0.72779822349548351 0.72240144014358532 0.61651584506034862 0.58608135581016552 0.56070175766944896 0.89333844184875499 0.55625879764556896 0.29166667163372045 1.0000000180025095e-35 0.87369275093078624 0.82097071409225475 0.9656645953655244 11.500000000000002 0.41666667163372045 0.97793999314308178 0.41666667163372045 0.78629976511001598 0.88960573077201854 0.41666667163372045 0.69920635223388683 0.75075757503509533 8.5000000000000018 9.5000000000000018 0.74649930000305187
decision_type=2 2 2 2 2 2 2 2 2 2 2 2 2 2 2 2 2 2 2 2 2 2 2 2 2 2 2 2 2 2
left_child=1 7 6 10 5 29 11 14 19 -7 17 -2 20 16 15 -1 -10 -3 -17 -9 -5 22 23 -8 -13 -6 -15 -12 -21 -4
right_child=2 3 4 12 25 9 21 8 13 -11 27 24 -14 26 -16 18 -18 -19 -20 28 -22 -23 -24 -25 -26 -27 -28 -29 -30 -31
leaf_value=-0.070559896859432245 0.0012699675668263115 -0.059404025716066164 -0.063097331436364035 0.03102014782900929 0.0058645493504345895 -0.061395426060921209 0.024832924761682064 -0.076716880031510101 -0.032319336983686366 0.034454729724269821 0.10010883891685211 0.066178361739155797 0.10819711751888463 0.39991410864954108 -0.080427355476377582 0.12067984559571628 0.24362135934495274 0.063804403273711993 -0.0083216822693902032 0.058063204445086336 0.096670551046589712 0.10629920987423776 0.10117600639076779 0.087402225825209762 0.10818036055255129 0.085171752055261174 0.16294031378509086 -0.0034299193986044958 -0.054047255594123315 0.044096178989398487
leaf_weight=252.48835834860802 131.16009213030338 189.12444376014173 18.93742536380887 227.54514653421938 43.934724569320679 284.96361639164388 151.81152793392539 371.6419950351119 22.293977266177539 112.98353518918157 57.271217670291662 402.84580062143505 256.84839683771133 4.7141629941761485 13383.557388035581 26.474510837346315 5.8269113190472117 23.700532957911491 46.964807864278555 28.11305808275938 80.6788140386343 6648.3463891670108 1371.811246201396 231.67063906788826 211.01726065389812 272.5944910608232 40.9770761243999 36.052769726142287 48.059111353009939 439.99978287145495
leaf_count=10951 1182 6305 237 1796 251 8057 716 16976 389 1002 297 1994 1313 87 659223 232 35 187 888 621 339 35231 7086 1102 1068 1399 251 298 1898 2504
internal_value=-0.00494937 -0.071055 0.0917704 0.0442312 0.02393 0.00537384 0.100472 -0.0781127 -0.0387542 -0.034182 -0.0134342 0.0666478 0.0754735 0.125469 -0.0796103 -0.0460576 0.0248582 -0.0456833 0.0381827 -0.0658227 0.0482044 0.10347 0.0927553 0.0626325 0.0806167 0.0741638 0.18739 0.0601099 -0.0126704 0.039673
internal_weight=25424.4 15102.3 10322.1 871.221 1173.41 856.884 9148.66 14231.1 521.626 397.947 306.149 745.023 565.072 73.8121 13709.5 325.928 28.1209 212.825 73.4393 447.814 308.224 8403.64 1755.29 383.482 613.863 316.529 45.6912 93.324 76.1722 458.937
internal_count=763915 702086 61829 10535 13450 11800 48379 691551 20257 9059 7087 4244 3448 762 671294 12071 424 6492 1120 19495 2135 44135 8904 1818 3062 1650 338 595 2519 2741
is_linear=0
shrinkage=0.08


Tree=16
num_leaves=31
num_cat=0
split_feature=13 7 15 10 7 3 7 4 15 7 4 4 1 7 9 1 7 9 7 10 1 7 3 10 15 10 7 3 1 7
split_gain=22925.9 1777.91 905.162 312.901 149.582 168.223 143.449 119.943 96.7681 163.909 111.301 91.4934 83.2477 66.8664 84.6813 56.3076 54.3672 53.184 49.8972 48.1023 83.4054 60.3215 43.6059 43.537 42.4584 42.0374 40.6268 71.9196 39.0759 35.1234
threshold=0.45617751777172094 0.80127388238906871 6.5000000000000009 0.41666667163372045 0.92699080705642711 0.90769547224044811 0.70983868837356578 0.56070175766944896 4.5000000000000009 0.64161032438278209 0.61651584506034862 0.53001201152801525 0.65261757373809826 0.70337250828742992 0.52540060877799999 0.85053193569183361 1.0000000180025095e-35 0.68093383312225353 0.9656645953655244 0.41666667163372045 0.81120249629020702 0.93373253941535961 0.5948290526866914 0.29166667163372045 4.5000000000000009 0.58333334326744091 1.0000000180025095e-35 0.85909903049469005 0.23606811463832858 0.72240144014358532
decision_type=2 2 2 2 2 2 2 2 2 2 2 2 2 2 2 2 2 2 2 2 2 2 2 2 2 2 2 2 2 2
left_child=1 8 6 7 5 15 12 18 9 16 -11 17 -2 14 -7 25 -1 -5 -3 20 21 -8 -9 -12 -14 -4 27 -10 -19 -28
right_child=2 3 4 11 -6 13 19 22 26 10 23 -13 24 -15 -16 -17 -18 28 -20 -21 -22 -23 -24 -25 -26 -27 29 -29 -30 -31
leaf_value=0.11036237678550304 -0.032840776932725545 -0.062761980111702767 -0.046000245484532735 -0.044953546929538311 0.097101213086570881 0.044980751289443219 0.033511472761654247 -0.024117350913846633 -0.073191497521417473 -0.0069083851127916349 0.049584649867417133 0.10265087470598815 0.084737908020949423 0.095257635212894876 -0.030006790442839566 0.059161073003051186 -0.065856970884098531 0.090740946968890443 0.059830514790976931 0.10342263615505927 0.098688528556798993 0.093472299014925042 0.084673084938763174 0.30265923367803949 0.03911470127084711 0.071522277513749427 -0.080788708847359184 0.016774500466073445 0.02917093124388568 -0.054992834388408462
leaf_weight=11.648008633404968 55.207574868574739 245.52448547817767 340.52750937826931 40.984241962432861 147.80490413308144 367.67554058134556 258.66331380978227 35.406460117548704 222.88449588790536 28.782258711755276 6.0089525021612653 281.55215914174914 400.3286041598767 106.13946376368403 130.62081803195179 41.457693291828036 294.58068066090345 106.56846009939909 23.261644903570414 6364.48932210356 1283.3099736273289 183.59300766885281 70.594682661816478 15.763181636109948 193.72211498208344 20.661209441721439 12079.288080720231 76.348439618945122 173.17095599137247 347.53178067132831
leaf_count=160 610 9372 7372 827 719 1733 1233 326 10422 1021 119 1528 2085 540 2461 404 15019 595 180 35609 6977 925 440 146 1104 177 643743 1503 1174 15971
internal_value=-0.00478533 -0.0704395 0.0885108 0.0336586 0.021948 0.0109181 0.097307 -0.0237316 -0.0782139 -0.0371226 0.0963316 0.0693717 0.0611272 0.0376043 0.0253239 -0.029142 -0.0591541 0.040157 -0.0521524 0.100211 0.0883635 0.0584029 0.0483349 0.232812 0.06986 -0.0392776 -0.0793659 -0.0502369 0.0526264 -0.0800673
internal_weight=23954.1 14059.9 9894.2 977.063 1154.89 1007.08 8739.31 374.787 13082.8 356.783 50.5544 602.276 649.258 604.436 498.296 402.646 306.229 320.724 268.786 8090.06 1725.57 442.256 106.001 21.7721 594.051 361.189 12726.1 299.233 279.739 12426.8
internal_count=764495 702546 61949 14442 13406 12687 48543 10318 688104 16465 1286 4124 3799 4734 4194 7953 15179 2596 9552 44744 9135 2158 766 265 3189 7549 671639 11925 1769 659714
is_linear=0
shrinkage=0.08


Tree=17
num_leaves=31
num_cat=0
split_feature=7 3 4 15 7 15 7 7 10 3 7 4 9 10 15 8 8 7 15 7 0 10 15 3 8 2 8 7 2 5
split_gain=19486.7 1863.39 1552.82 437.796 361.386 294.361 213.27 133.356 127.502 185.976 115.533 110.881 101.964 77.3758 71.4002 67.0085 60.4847 115.723 52.4285 107.588 50.7217 49.3228 42.1552 50.6786 36.9915 36.8772 36.5769 33.2503 32.5745 28.9571
threshold=0.73546314239501964 0.91853463649749767 0.55625879764556896 5.5000000000000009 1.0000000180025095e-35 7.5000000000000009 0.56847450137138378 1.0000000180025095e-35 0.41666667163372045 0.75556775927543651 0.9396781623363496 0.95311355590820324 0.85324272513389599 0.29166667163372045 7.5000000000000009 0.8445824682712556 0.22278624027967456 0.55081140995025646 5.5000000000000009 0.61128804087638866 0.81872946023941051 0.41666667163372045 9.5000000000000018 0.84000545740127575 0.74099972844123851 0.81016731262207042 0.30317392945289617 0.9492306411266328 0.69282051920890819 5.5000000000000009
decision_type=2 2 2 2 2 2 2 2 2 2 2 2 2 2 2 2 2 2 2 2 2 2 2 2 2 2 2 2 2 2
left_child=1 7 5 13 -5 21 -6 11 9 10 -4 22 18 16 -14 -7 -3 -18 19 -9 24 27 23 -1 -11 -8 -15 -2 -28 -13
right_child=2 3 8 4 6 15 25 12 -10 20 -12 29 14 26 -16 -17 17 -19 -20 -21 -22 -23 -24 -25 -26 -27 28 -29 -30 -31
leaf_value=-0.076598258108619074 -0.040340005537206139 0.080378016592541623 -0.020665933683946692 0.040349422529701764 -0.077878259443730127 -0.069292191205963083 0.33154871868174829 -0.073797818729903195 0.10127484909893905 0.028420492982873712 0.093736801586192658 0.10178239942135463 0.12458524176026212 0.43834025227685663 -0.063264153215639163 0.017372439165903444 -0.065417119916039559 0.07924281580459408 -0.080480778975532685 0.012122477547606734 0.095699979047910735 0.056303617907026551 -0.068348565068931375 0.11095371403086662 0.079406598122163136 0.053039424120174816 0.3510522494140137 0.071723735873129496 0.1032086100751864 0.010846669039847616
leaf_weight=17.332836261019111 67.973851334303617 175.10782498680055 180.05757248215377 425.38510513305664 475.49562099948525 430.07373832166195 3.1703075002878895 429.22995806857944 6324.9136402644217 130.90732660889626 82.325897566974163 33.696727853268385 26.617642881348729 2.153023859485983 25.218885509297252 65.839943621307611 67.801098121330142 74.040507754310966 10844.209419559687 119.16731552220881 1262.1465522274375 255.71243006549776 247.16968400962651 19.701228749006987 299.26793355122209 75.591156549751759 3.4469536263495675 22.572097346186638 220.60233958996832 66.91667896322906
leaf_count=646 2104 813 1845 1966 24268 19377 68 22163 37365 812 412 216 266 31 1121 1051 2476 365 619999 2574 7167 1498 11191 274 1547 537 23 153 1400 722
internal_value=-0.0048981 -0.0664706 0.0852288 0.0168258 -0.015114 -0.0182653 -0.0576814 -0.0771934 0.0957559 0.077898 0.0152293 -0.0308715 -0.078751 0.0744332 0.033195 -0.0577862 0.0489247 0.0100945 -0.0792604 -0.0551272 0.0876144 0.0383368 -0.0564223 0.0231749 0.0638909 0.06425 0.110175 -0.0124038 0.107022 0.0413022
internal_weight=22473.8 13352.1 9121.79 1522.79 979.642 842.172 554.257 11829.3 8279.62 1954.71 262.383 384.817 11444.4 543.152 51.8365 495.914 316.949 141.842 11392.6 548.397 1692.32 346.258 284.204 37.0341 430.175 78.7615 226.202 90.5459 224.049 100.613
internal_count=764450 691119 73331 31947 26839 24183 24873 659172 49148 11783 2257 13049 646123 5108 1387 20428 3654 2841 644736 24737 9526 3755 12111 920 2359 605 1454 2257 1423 938
is_linear=0
shrinkage=0.08


Tree=18
num_leaves=31
num_cat=0
split_feature=13 7 15 15 7 13 10 3 15 7 4 7 1 4 4 8 10 10 7 7 10 0 7 8 13 7 2 4 3 7
split_gain=18709.3 1463.17 918.98 259.598 155.371 126.109 112.644 83.4211 78.0684 145.065 149.032 74.4227 84.183 65.4015 61.8759 57.2609 55.4638 52.6034 50.2275 48.8529 43.0128 72.7111 52.2116 42.5582 35.9965 35.4394 34.3127 33.4773 32.4393 30.596
threshold=0.44490455090999609 0.78969484567642223 6.5000000000000009 6.5000000000000009 0.7161327898502351 0.49991323053836828 0.58333334326744091 0.78261634707450878 5.5000000000000009 0.64161032438278209 0.58745098114013683 0.93373253941535961 0.69282051920890819 0.55625879764556896 0.63453349471092235 0.22278624027967456 0.29166667163372045 0.41666667163372045 0.88960573077201854 0.44494949281215673 0.41666667163372045 0.81120249629020702 0.91905540227890026 0.40083682537078863 0.65463843941688549 0.98270881175994884 0.69282051920890819 0.45773810148239141 0.84000545740127575 1.0000000180025095e-35
decision_type=2 2 2 2 2 2 2 2 2 2 2 2 2 2 2 2 2 2 2 2 2 2 2 2 2 2 2 2 2 2
left_child=1 8 4 13 7 18 14 -2 9 15 -11 12 26 25 -5 28 -12 23 19 -4 21 22 -6 -9 -14 -3 -7 -8 -1 -10
right_child=2 3 5 6 20 11 27 17 29 10 16 -13 24 -15 -16 -17 -18 -19 -20 -21 -22 -23 -24 -25 -26 -27 -28 -29 -30 -31
leaf_value=-0.082663951047840731 -0.044339076881492294 0.017969687082055454 0.027807022252244042 -0.055778459901221808 0.029603710808633898 0.039027964884506119 0.0066050703002398098 0.068896525296989489 -0.051773152452509685 -0.037721141587190303 0.029839229641169012 0.091027615616918189 0.025963563521099697 0.099147358490799711 0.046639627437961344 -0.069861684008743 0.28060475789348444 0.098789947663334501 0.062692353522868671 -0.066091350821564712 0.098873658578520637 0.094371178431316038 0.086172712164512777 0.017386362788414073 0.073639784985328915 0.078350705620098063 -0.043919166489089972 0.090128213340647648 0.15113014235471556 -0.08014336227753345
leaf_weight=5.5458391010761288 49.981339789927006 169.3883850555867 44.4037642236799 284.00343155115843 228.59413225390017 40.921979723498225 62.488929850980639 248.71667160093784 249.12156893499196 38.427571129053831 7.99185483157635 112.49872413277626 501.05284042097628 218.26881892047822 43.540609981864691 416.33356392383575 19.221669729799032 184.79952061735094 30.285331530496478 176.08284734934568 5630.8853867929429 1136.3948685973883 192.23364646732807 174.80136327631772 127.0532932728529 98.320788867771626 145.05866575613618 60.397202361375093 12.053556548431514 10387.668956829235
leaf_count=197 652 1823 315 11378 1133 299 696 1187 11697 1606 202 593 3903 1297 258 24535 193 1102 163 7000 35388 6867 1038 1336 674 439 2711 385 150 645066
internal_value=-0.00481795 -0.0699513 0.0823231 0.0260931 0.0922125 0.0164163 -0.0176594 0.0550131 -0.0780273 -0.04712 0.0637197 0.0300372 0.0216089 0.0666453 -0.042164 -0.0638867 0.206962 0.0631762 -0.0339119 -0.0471812 0.0956193 0.0838515 0.0554444 0.0476364 0.0356075 0.0401457 -0.025668 0.0476558 0.077458 -0.0794789
internal_weight=21096.5 12072.8 9023.76 936.408 7846.41 1177.36 450.43 658.299 11136.4 499.574 65.6411 926.586 814.087 485.978 327.544 433.933 27.2135 608.318 250.772 220.487 7188.11 1557.22 420.828 423.518 628.106 267.709 185.981 122.886 17.5994 10636.8
internal_count=764283 699922 64361 16276 48703 15658 12717 4277 683646 26883 2001 8180 7587 3559 11636 24882 395 3625 7478 7315 44426 9038 2171 2523 4577 2262 3010 1081 347 656763
is_linear=0
shrinkage=0.08


Tree=19
num_leaves=31
num_cat=0
split_feature=13 7 15 15 8 13 15 7 4 1 7 9 4 4 7 4 4 9 7 7 10 7 1 3 3 15 7 10 7 10
split_gain=16842.3 1477 795.777 215.744 191.442 108.263 101.306 202.109 181.303 96.2845 88.8479 85.0709 75.1386 71.9252 56.5112 50.6284 48.0473 44.4125 45.3588 37.8168 35.7946 33.6907 59.047 32.6262 31.1141 30.2552 28.7178 27.5144 27.4548 27.391
threshold=0.45617751777172094 0.80127388238906871 5.5000000000000009 8.5000000000000018 0.71654227375984203 0.58608135581016552 6.5000000000000009 0.63343685865402233 0.59516963362693798 0.90070420503616344 1.0000000180025095e-35 0.75185659527778637 0.55625879764556896 0.53752347826957714 0.88960573077201854 0.78192934393882763 0.95040982961654674 0.61276796460151683 0.84463602304458629 0.9492306411266328 0.29166667163372045 1.0000000180025095e-35 0.75123763084411632 0.42045469582080847 0.84000545740127575 45.500000000000007 0.61128804087638866 0.41666667163372045 0.98270881175994884 0.41666667163372045
decision_type=2 2 2 2 2 2 2 2 2 2 2 2 2 2 2 2 2 2 2 2 2 2 2 2 2 2 2 2 2 2
left_child=1 6 5 12 9 11 7 10 27 14 24 17 23 19 16 -10 -4 -2 -19 -5 -15 22 -8 -3 -1 26 -11 -9 -25 -7
right_child=2 3 4 13 -6 29 21 8 15 25 -12 -13 -14 20 -16 -17 -18 18 -20 -21 -22 -23 -24 28 -26 -27 -28 -29 -30 -31
leaf_value=-0.082295027757343889 0.058647707568452265 0.089852286193821324 -0.048830131585575198 -0.059442268926648847 0.075718582553283009 0.084240512114593574 -0.067751242905470091 -0.073664177465100997 0.10849625041445045 0.031882609476373905 -0.072291109670036949 0.09236006029884862 0.092607495750732932 -0.023241505064043277 0.057520663900214028 0.28407510768824373 0.00105422649015751 -0.020505801798700433 0.079913513690474794 0.02892217332626263 0.077941042717510303 -0.080064928925139722 0.036499262224463924 0.0034765127832254096 0.13076750992835623 -0.017458921735130292 0.086343384915317553 0.041077224767580932 0.058110302166011749 0.09700478942714684
leaf_weight=5.6841059308499124 227.08241163380444 55.16486625187099 245.45811482518911 196.74206279963255 360.54978636838496 1367.4414518922567 207.09414648450911 39.646418095566332 25.999298200011253 361.21711966954172 563.36830354947597 307.96330805495381 249.95920874550939 37.230637654662132 61.636342458426952 17.64322098903358 248.85355226136744 120.62569948099554 37.811577573418617 36.792916789650917 56.082719312980771 9489.2699753306806 41.787490474060178 172.20430013537407 19.215779397636652 64.549620015546679 74.79943049326539 20.184722482226789 89.443688675761223 5047.7027706131339
leaf_count=234 1195 431 5400 8556 2178 8354 11031 2097 487 2273 36140 1909 1556 493 298 135 4402 963 218 465 352 636056 744 2167 168 518 399 672 408 33750
internal_value=-0.00480131 -0.0687443 0.0801255 0.0299638 0.0253837 0.0910379 -0.0772015 -0.047619 0.055487 0.00820621 -0.0657549 0.0610102 0.0598143 -0.0217985 -0.0147101 0.179477 -0.0237166 0.035967 0.0034596 -0.0455206 0.0375707 -0.0793029 -0.0502475 0.033941 0.0821299 0.0336579 0.0412255 -0.0349548 0.0221529 0.094284
internal_weight=19849.2 11323.5 8525.69 893.62 1417.06 7108.63 10429.9 691.742 103.474 1056.51 588.268 693.483 566.772 326.848 555.948 43.6425 494.312 385.52 158.437 233.535 93.3134 9738.15 248.882 316.813 24.8999 500.566 436.017 59.8311 261.648 6415.14
internal_count=764049 702192 61857 14428 15468 46389 687764 39933 3391 13290 36542 4285 4562 9866 10100 622 9802 2376 1181 9021 845 647831 11775 3006 402 3190 2672 2769 2575 42104
is_linear=0
shrinkage=0.08


Tree=20
num_leaves=31
num_cat=0
split_feature=13 7 8 10 15 4 1 4 15 7 4 8 10 3 7 7 7 4 8 3 15 10 8 2 8 3 5 7 1 1
split_gain=15291.6 1352.91 774.011 250.043 221.34 114.123 99.0351 80.1683 75.3937 123.654 187.384 78.6605 68.2399 107.344 70.5787 56.7741 52.2305 51.8383 48.3596 47.5739 42.9528 42.5554 47.9968 40.9731 33.9098 33.4522 33.4032 32.8697 45.1548 27.3427
threshold=0.45617751777172094 0.7798304855823518 0.64605829119682323 0.41666667163372045 4.5000000000000009 0.63733074069023143 0.81120249629020702 0.53001201152801525 6.5000000000000009 0.61577314138412487 0.78192934393882763 0.22278624027967456 0.41666667163372045 0.80086025595664989 0.9396781623363496 0.85814890265464794 0.9656645953655244 0.59516963362693798 0.41189093887805944 0.78261634707450878 17.500000000000004 0.29166667163372045 0.35731539130210882 0.89725545048713695 0.55190372467041027 0.85070720314979564 4.5000000000000009 1.0000000180025095e-35 0.75123763084411632 0.27334994077682501
decision_type=2 2 2 2 2 2 2 2 2 2 2 2 2 2 2 2 2 2 2 2 2 2 2 2 2 2 2 2 2 2
left_child=1 8 4 5 19 16 15 20 9 11 17 25 13 14 23 18 -3 -11 -6 -2 29 22 -8 -4 -12 -1 -15 28 -10 -5
right_child=2 3 12 7 6 -7 21 -9 27 10 24 -13 -14 26 -16 -17 -18 -19 -20 -21 -22 -23 -24 -25 -26 -27 -28 -29 -30 -31
leaf_value=-0.082138842920260371 -0.0039700068259365057 -0.059021556718478647 -0.057045630870933402 0.063518504762060127 0.0058814051115295305 0.059666367756448388 0.036163583307848669 0.090556559160323291 -0.066422090338910222 -0.05468745827628179 0.58004859241254092 -0.07275266235495384 0.095412316836959235 0.089023048623481565 0.087300297236079807 0.044650403830616983 0.054039130122520429 0.085167610217949524 -0.055008378499188069 0.075568642488687165 -0.047404443441158468 0.094406313149337021 -0.012451676395558296 0.059606136122931613 0.24707800019468942 0.11731152476413927 0.05553641479255237 -0.080107754019942426 0.024166425383783628 0.013493572260943483
leaf_weight=7.2849604878574636 52.482692806050181 283.8533906172961 74.606217838823795 154.82695547863841 130.61268769390881 77.81034747697413 465.96807219460607 245.66315921209753 191.57261114753783 57.539820707403123 2.3502010833472005 513.25058887619525 4870.194007832557 1082.4304073099047 52.803480461239815 72.221444994211197 28.804174851626158 24.052069885656238 231.32457791082561 579.94523878023028 40.257758589461446 57.529355240985751 180.24693757295609 25.981692235916853 11.713796334341167 20.601937940344214 231.40094371885061 8708.1569879436865 43.147405590862036 127.52385720051825
leaf_count=331 427 12867 595 1016 1586 462 2167 1592 10898 3032 35 35437 34547 7150 316 368 205 573 6414 3614 1057 429 2652 140 100 210 1393 632084 756 975
internal_value=-0.00480431 -0.0683496 0.0777916 0.0222572 0.0310243 -0.0270298 0.00993577 0.0561231 -0.0774176 -0.0508213 0.0330267 -0.065643 0.0908559 0.0757314 0.0124027 -0.0201122 -0.0486056 -0.0134603 -0.033035 0.068968 0.0299023 0.0284732 0.0226035 -0.0269147 0.30272 0.0652086 0.0831252 -0.0793115 -0.0497697 0.0409247
internal_weight=18646.2 10538.4 8107.75 958.74 1770.33 390.468 1137.9 568.272 9579.67 636.793 95.6559 541.137 6337.42 1467.22 153.391 434.159 312.658 81.5919 361.937 632.428 322.609 703.744 646.215 100.588 14.064 27.8869 1313.83 8942.88 234.72 282.351
internal_count=763428 701630 61798 18174 17657 13534 13616 4640 683456 39718 3740 35978 44141 9594 1051 8368 13072 3605 8000 4041 3048 5248 4819 735 135 541 8543 643738 11654 1991
is_linear=0
shrinkage=0.08


Tree=21
num_leaves=31
num_cat=0
split_feature=13 7 15 15 7 0 13 10 4 15 7 4 10 10 8 4 3 7 0 7 3 9 4 7 3 8 7 4 3 9
split_gain=13843.9 1262.98 759.024 217.563 160.853 120.415 116.136 95.2539 87.2942 81.782 126.221 136.74 66.014 62.8837 62.6949 45.1775 42.1884 65.6972 41.4838 38.5152 38.2749 34.8702 34.74 33.7132 47.5183 30.257 28.1723 27.5851 26.2973 24.2986
threshold=0.45617751777172094 0.7798304855823518 5.5000000000000009 10.500000000000002 0.84463602304458629 0.70678734779357921 0.65463843941688549 0.58333334326744091 0.58919963240623485 6.5000000000000009 0.62306958436965953 0.78629976511001598 0.41666667163372045 0.58333334326744091 0.22278624027967456 0.91715687513351452 0.76799523830413829 0.93373253941535961 0.24068965017795566 0.63002911210060131 0.65281102061271679 0.7589000165462495 0.45773810148239141 1.0000000180025095e-35 0.85909903049469005 0.65724277496337902 0.96022596955299389 0.53752347826957714 0.8484494984149934 0.77469792962074291
decision_type=2 2 2 2 2 2 2 2 2 2 2 2 2 2 2 2 2 2 2 2 2 2 2 2 2 2 2 2 2 2
left_child=1 9 6 8 5 -4 7 16 18 10 14 12 -12 27 28 25 17 -2 -3 -17 26 -13 -20 24 -11 -7 -6 -5 -1 -18
right_child=2 3 4 13 20 15 -8 -9 -10 23 11 21 -14 -15 -16 19 29 -19 22 -21 -22 -23 -24 -25 -26 -27 -28 -29 -30 -31
leaf_value=-0.081952561762167433 -0.050585133615235534 0.062776105579798416 -0.04732150068551829 -0.065332055301101838 -0.04918906924086084 -0.038779338087339965 0.091635062026075617 0.092488714119323592 0.088056701986257854 -0.07142759498667442 -0.056484260625747594 0.40657374964321996 0.097380207781392572 0.039682786410665118 -0.070612533620943024 0.019737114322448998 0.040995615709946504 0.092354131055945268 -0.01556164187849856 0.07331933989269479 0.075707436324317187 0.14402032018918617 0.045357095762086928 -0.079849325673352831 0.010415433963095433 0.066609438003484456 0.07420316497662624 -0.003240901338346763 0.09867852724688049 0.087427405394560814
leaf_weight=6.8766725631430772 68.586811533197761 128.31794003397226 223.27744077332318 192.88127715140581 29.626432083547115 113.68962021358311 5431.7915146201849 367.03245702758431 228.51444295980036 161.62794545758516 50.000247607938945 6.6683990545570833 27.750571717508137 61.367353733628988 481.38974221982062 524.10466076619923 364.84169718623161 29.400324404239655 161.29803235270083 102.67564167268574 327.3735765889287 6.2921987287700176 95.313710153102875 8063.4581479076296 63.138165673241019 20.592774430289865 19.727317944169044 60.049129469320178 20.64251565374434 89.908076761290431
leaf_count=343 568 1291 5599 10490 172 2405 40439 2603 1541 10275 2519 67 833 773 35625 4202 2114 192 2262 611 2064 42 995 632700 1428 170 118 788 203 529
internal_value=-0.00463992 -0.067662 0.075566 0.0211588 0.0213513 0.00433739 0.0871836 0.0608951 0.0488889 -0.0769334 -0.0484026 0.0385346 -0.00156745 -0.0329647 -0.0638989 0.0194929 0.0399161 -0.00769725 0.0256369 0.0285147 0.0658066 0.279108 0.0070655 -0.0789975 -0.0484374 -0.0226175 0.000132367 -0.0505908 0.0535413 0.0501756
internal_weight=17528.2 9815.59 7712.63 927.742 1361.07 984.34 6351.56 919.769 613.444 8887.84 599.62 90.7114 77.7508 314.298 508.909 761.063 552.737 97.9871 384.93 626.78 376.727 12.9606 256.612 8288.22 224.766 134.282 49.3538 252.93 27.5192 454.75
internal_count=763961 702175 61786 18140 15341 12987 46445 6006 6089 684035 39632 3461 3352 12051 36171 7388 3403 760 4548 4813 2354 109 3257 644403 11703 2575 290 11278 546 2643
is_linear=0
shrinkage=0.08


Tree=22
num_leaves=31
num_cat=0
split_feature=13 7 7 10 1 10 1 4 7 4 15 3 9 9 0 7 15 7 4 10 9 4 0 9 15 10 0 7 7 3
split_gain=12484.9 1033.69 941.942 231.855 172.224 139.282 179.674 95.1023 87.4604 81.9036 75.0976 70.9031 56.3924 65.3286 54.4421 52.605 44.4208 62.7267 90.7812 32.9173 35.2276 32.225 30.017 29.4507 31.3635 27.8445 27.6792 24.6398 23.0726 57.3618
threshold=0.42862771451473242 0.75075757503509533 0.70983868837356578 0.41666667163372045 0.86425063014030468 0.41666667163372045 0.78319624066352855 0.63453349471092235 0.92699080705642711 0.49590164422988897 10.500000000000002 0.76799523830413829 0.84201759099960338 0.56336921453475963 0.24068965017795566 0.9492306411266328 5.5000000000000009 0.6072751283645631 0.78319624066352855 0.41666667163372045 0.54868108034133922 0.95040982961654674 0.90595519542694103 0.63008126616477977 44.500000000000007 0.41666667163372045 0.38757823407649999 1.0000000180025095e-35 1.0000000180025095e-35 0.92225828766822826
decision_type=2 2 2 2 2 2 2 2 2 2 2 2 2 2 2 2 2 2 2 2 2 2 2 2 2 2 2 2 2 2
left_child=1 16 4 7 12 6 8 15 11 14 19 -4 13 21 -5 -3 17 27 25 20 -6 -2 -15 24 -12 -19 -9 -1 29 -18
right_child=2 3 5 9 10 -7 -8 26 -10 -11 23 -13 -14 22 -16 -17 28 18 -20 -21 -22 -23 -24 -25 -26 -27 -28 -29 -30 -31
leaf_value=0.037406742577920683 -0.04192008103617046 -0.061776449424294722 -0.051199424133176963 0.061733014017852805 0.059571437190901716 0.091837282318584026 0.08279736876338141 -0.022257680047436779 0.070019937004596786 0.081813133676865019 -0.0052973807056647627 0.027357942695327559 0.10508281640947921 -0.051075469667566188 -0.0098764507256849307 0.038726869399212646 -0.061511893982434465 -0.06372342273679682 0.25989651950557019 0.092497463215175005 0.0090871784591045144 0.027616778010226817 0.23869750023972372 -0.048104749754593085 0.047720648372005625 0.062396916180307481 0.091213623720353534 -0.069927408091709012 -0.080028229354656005 0.14627265409744081
leaf_weight=14.343203974887727 59.441757339052856 304.46728260628879 113.40330369211733 111.1585776116699 280.67852881830186 4541.6584613304585 1050.9781049750745 20.057398175820708 174.69254337437451 233.5897059654817 176.13102553598583 209.13564285449684 21.557912565767765 328.01534113567322 174.79228179063648 37.42822739481926 178.74207612033933 30.491465489380062 8.9617821751162392 112.59595930017531 129.17131094541401 151.00824276544154 2.3039406305178991 53.874574905261397 120.10413435380906 17.710781440138817 43.807739967480302 299.66693225409836 7462.9577336832881 8.9277955889701825
leaf_count=238 1200 17024 1034 1024 1384 36378 7747 164 1085 1764 1439 1377 165 12513 2144 459 11271 1656 69 805 1255 1488 31 1314 782 584 293 23414 633934 79
internal_value=-0.00491211 -0.068785 0.0710343 0.0112791 0.0127231 0.0847734 0.0640517 -0.0340348 0.0244299 0.0466692 0.034973 -0.000262489 -0.0218017 -0.0268599 0.0179605 -0.0507741 -0.0780203 -0.0509927 0.0260866 0.0541857 0.0436604 0.00797604 -0.0490543 0.00630314 0.016198 -0.0173835 0.055577 -0.0650247 -0.0793316 -0.0516272
internal_weight=16471.9 8947.1 7524.75 925.301 1434.88 6089.87 1548.21 405.761 497.231 519.541 872.556 322.539 562.327 540.769 285.951 341.896 8021.8 371.174 57.164 522.446 409.85 210.45 330.319 350.11 296.235 48.2022 63.8651 314.01 7650.63 187.67
internal_count=764114 694117 69997 22872 22376 47621 11243 17940 3496 4932 6979 2411 15397 15232 3168 17483 671245 25961 2309 3444 2639 2688 12544 3535 2221 2240 457 23652 645284 11350
is_linear=0
shrinkage=0.08


Tree=23
num_leaves=31
num_cat=0
split_feature=13 7 8 15 15 8 7 10 1 15 7 4 0 10 3 7 3 8 4 1 5 4 15 15 10 7 3 7 4 0
split_gain=11316.9 974.045 871.545 227.001 131.539 101.902 133.631 89.9871 111.236 70.7481 114.208 91.8606 69.1391 66.6439 54.1881 61.1811 50.9747 37.5717 33.3024 28.7024 27.6836 26.4852 25.6518 67.6387 25.133 20.8271 42.0757 20.4088 19.5122 24.1706
threshold=0.42862771451473242 0.80127388238906871 0.64605829119682323 4.5000000000000009 5.5000000000000009 0.38605175912380224 0.56847450137138378 0.41666667163372045 0.81661397218704235 6.5000000000000009 0.63343685865402233 0.59516963362693798 0.83935481309890758 0.41666667163372045 0.7743646800518037 0.9656645953655244 0.78261634707450878 0.22278624027967456 0.56070175766944896 0.53248947858810436 11.500000000000002 0.68496242165565502 14.500000000000002 44.500000000000007 0.29166667163372045 1.0000000180025095e-35 0.92225828766822826 0.90976935625076305 0.60660174489021312 0.2362911254167557
decision_type=2 2 2 2 2 2 2 2 2 2 2 2 2 2 2 2 2 2 2 2 2 2 2 2 2 2 2 2 2 2
left_child=1 9 3 16 18 22 -7 8 14 10 17 -12 -8 21 15 -4 27 -1 -3 -18 -13 -6 -5 -24 -21 26 -11 -2 29 -15
right_child=2 4 7 5 13 6 12 -9 -10 25 11 20 -14 28 -16 -17 19 -19 -20 24 -22 -23 23 -25 -26 -27 -28 -29 -30 -31
leaf_value=0.039754643361061104 -0.036382671160161285 0.036782627937138886 -0.040510426641345514 0.040212128767790227 -0.050911565871685771 -0.07109955440856662 -0.017150830973265408 0.091154020710512582 0.083468090615483506 -0.06112120043023634 -0.032052916194515987 0.081755924818531597 0.05767969652977338 0.056273508662650795 0.052173023633726112 0.090045386703494434 -0.026970264458810362 -0.070489257282644963 0.088978452669139715 0.051801547445856501 0.22943720010662802 0.047728435019468718 -0.02255012232052344 0.049098111977230019 0.08760173871651715 -0.079475576656695648 0.10884655865222645 0.082940270516922807 0.072858105076204882 -0.010731449207579275
leaf_weight=20.782878368161619 43.608895688317716 204.93480842001736 98.348696516826749 307.09720826242119 194.11926049273461 224.08066694252193 237.26002956274897 4062.3199576726183 856.08658583834767 165.00972296390682 53.187719371169806 22.906542412936687 118.48375998623669 49.777083987370133 297.7447427213192 29.973533377051353 19.069357527419925 411.96693205181509 126.53564489632845 212.31469263881445 12.587881486862896 19.138796120882034 195.23900077491999 148.43974425457418 306.94187306519598 6883.3054334912449 9.8794173747301084 11.617791742086409 39.117992162704468 111.93615105934441
leaf_count=497 548 1596 827 1792 9193 10533 4899 34921 6740 11118 2767 328 807 492 1986 202 192 35003 943 1425 153 92 1736 998 2404 629937 86 77 239 1374
internal_value=-0.00465513 -0.0680999 0.0690256 0.0212794 0.01915 0.00167995 -0.0227088 0.0853221 0.0668446 -0.0766821 -0.0482459 0.0344607 0.00777217 -0.0109143 0.0334433 -0.0100152 0.0619145 -0.0651948 0.0567079 0.0694237 0.13413 -0.0420591 0.0234097 0.00839577 0.0729637 -0.0787829 -0.0515198 -0.0112812 0.0221577 0.0098934
internal_weight=15493.8 8325.19 7168.63 1824.15 745.56 1230.6 579.824 5344.47 1282.15 7579.63 521.432 88.6821 355.744 414.089 426.067 128.322 593.553 432.75 331.47 538.326 35.4944 213.258 650.776 343.679 519.257 7058.19 174.889 55.2267 200.831 161.713
internal_count=763905 693818 70087 25411 13929 20765 16239 44676 9755 679889 38748 3248 5706 11390 3015 1029 4646 35500 2539 4021 481 9285 4526 2734 3829 641141 11204 625 2105 1866
is_linear=0
shrinkage=0.08


Tree=24
num_leaves=31
num_cat=0
split_feature=15 7 7 7 3 4 4 3 8 8 3 9 8 11 7 7 7 4 7 2 9 3 7 1 15 15 11 8 0 1
split_gain=9816.17 1040.49 577.483 544.149 274.382 211.987 199.271 117.112 55.9896 54.101 80.7709 62.7122 51.8617 65.7203 41.9301 37.7645 37.7067 111.197 37.1377 36.3259 34.1236 33.8232 46.0089 32.2541 28.424 71.353 28.2612 23.5978 18.9762 18.2011
threshold=6.5000000000000009 0.61128804087638866 0.75075757503509533 1.0000000180025095e-35 0.8857233226299287 0.53907206654548656 0.62397539615631115 0.75556775927543651 0.8445824682712556 0.72776681184768688 0.92225828766822826 0.82266426086425792 0.25362622737884527 1.0000000180025095e-35 0.73546314239501964 1.0000000180025095e-35 0.63343685865402233 0.64346247911453258 0.52879089117050182 0.64747309684753429 0.59408587217330944 0.91112279891967785 0.9656645953655244 0.18301435559988025 14.500000000000002 44.500000000000007 1.0000000180025095e-35 0.97793999314308178 0.61651584506034862 0.90070420503616344
decision_type=2 2 2 2 2 2 2 2 2 2 2 2 2 2 2 2 2 2 2 2 2 2 2 2 2 2 2 2 2 2
left_child=1 4 3 7 15 14 8 -2 -4 10 11 -7 -6 18 -3 28 -5 -18 -14 -19 -15 22 26 -10 -9 -26 -8 -16 -1 -17
right_child=2 5 6 16 12 9 21 24 23 -11 -12 -13 13 20 27 29 17 19 -20 -21 -22 -23 -24 -25 25 -27 -28 -29 -30 -31
leaf_value=-0.064408373608671105 -0.071553348089199026 -0.065809385812037074 -0.052581257604753254 -0.079553281977730622 0.055356958424334073 0.01814459809639643 -0.020965748025255238 0.041607750936438717 0.13910892087756835 0.086919972015879116 0.085807566957736656 0.099053681152375644 -0.078092017769777658 0.17672425374895234 0.014351500591905618 -0.075072724458005738 -0.076238136001117091 0.13925421976552707 0.039175034948448484 -0.0028792676297792791 0.028286074263331584 0.082957169950074405 0.096929946989829111 -0.00020041770093915705 -0.02816806889158165 0.044320185099167533 0.038876727819093161 0.07182008805229502 0.090285981368593282 0.12597043705804228
leaf_weight=7.9398345081135657 123.14180348441005 35.693628218024969 313.71727655734867 6079.8022374399006 209.37688005529344 278.39522278029472 90.752417008392513 173.50393578596413 12.271746220067142 4595.176203565672 498.70209339633584 78.62682733591646 69.856190114282072 11.89501081779599 219.86551454477012 359.89297204930335 416.8429608149454 13.034247254021464 22.966329691931605 98.28630911372602 59.442106111906469 106.69717938452959 51.507311142981052 79.829497976228595 207.86009463015944 149.35255338065326 113.89155143499374 57.737338468432426 14.065551115199922 2.9052930483594528
leaf_count=218 8492 2378 17356 592767 1199 2521 720 1298 116 41187 4147 546 4191 333 2616 30721 40850 1103 129 2059 984 722 339 1210 3141 1489 792 283 155 64
internal_value=-0.00469017 0.0682131 -0.0639038 -0.0708835 -0.0198791 0.0798026 0.00203521 -0.001266 -0.0364807 0.0834806 0.0650117 0.0359632 0.0289623 -0.00470264 0.0158097 -0.0672905 -0.0777721 -0.0572687 -0.0490776 0.0137628 0.0530372 0.0451123 0.0293484 0.0183614 0.0150427 0.00213966 0.0123387 0.0263041 0.0344702 -0.0734628
internal_weight=14553 6522.54 8030.49 7261.82 758.34 5764.2 768.667 653.858 405.819 5450.9 855.724 357.022 373.537 164.16 313.296 384.804 6607.97 528.164 92.8225 111.321 71.3371 362.848 256.151 92.1012 530.717 357.213 204.644 277.603 22.0054 362.798
internal_count=764126 91672 672454 651199 37994 53678 21255 14420 18682 48401 7214 3067 6836 5637 5277 31158 636779 44012 4320 3162 1317 2573 1851 1326 5928 4630 1512 2899 373 30785
is_linear=0
shrinkage=0.08


Tree=25
num_leaves=31
num_cat=0
split_feature=7 3 4 10 7 7 10 0 10 7 7 15 7 3 10 8 3 8 8 7 7 2 15 1 4 4 15 15 15 9
split_gain=8851.55 1135.35 850.674 183.627 222.833 191.501 182.179 173.757 156.811 143.334 85.1858 70.7322 106.497 69.6792 54.9556 49.9574 49.1542 38.1176 30.8705 46.2439 56.6782 31.508 30.226 26.4389 39.623 25.4951 22.2787 21.5212 21.5075 20.097
threshold=0.72240144014358532 0.91853463649749767 0.56070175766944896 0.29166667163372045 1.0000000180025095e-35 0.54295176267623912 0.41666667163372045 0.8216732144355775 0.41666667163372045 1.0000000180025095e-35 0.9396781623363496 6.5000000000000009 0.61128804087638866 0.74649930000305187 0.29166667163372045 0.870479315519333 0.62404102087020885 0.64605829119682323 0.30722039937973028 0.49677366018295294 0.30564402043819433 0.69282051920890819 46.500000000000007 0.30068494379520422 0.44315245747566229 0.94185259938240062 9.5000000000000018 17.500000000000004 44.500000000000007 0.81391924619674694
decision_type=2 2 2 2 2 2 2 2 2 2 2 2 2 2 2 2 2 2 2 2 2 2 2 2 2 2 2 2 2 2
left_child=1 9 8 4 22 -6 7 10 15 13 16 12 -11 -1 -14 -2 -4 29 19 20 -5 -20 28 -19 -25 26 -15 -7 -3 -10
right_child=2 3 6 18 5 27 -8 -9 17 11 -12 -13 14 25 -16 -17 -18 23 21 -21 -22 -23 -24 24 -26 -27 -28 -29 -30 -31
leaf_value=-0.069090802607073065 -0.065831839865232805 0.029737584996987882 -0.05590944628368736 0.12583197465865292 -0.077650657454610264 0.060722575502724842 0.088269712453693958 0.078435920068582382 -0.055683469560720539 -0.071289026108863729 0.070500903619809985 -0.079322735193554955 -0.045882140888871221 0.042016800659177296 0.052984662153953775 0.022870823197225248 0.015217234773449297 0.051388126902228014 0.36269260406777692 0.078854278117832355 1.4311369440577273 0.083123941328496431 -0.044541473523974341 -0.047341561062229254 0.046990981528862767 0.038003668908267958 -0.045793199060155068 -0.010777005974987078 0.074608037218450773 0.12668176438946988
leaf_weight=117.06928303278983 292.83245060686022 458.46912897378206 75.743914597667754 0.38541298452764694 311.28729345090687 88.271338175982237 3895.6595061048865 821.61469162255526 47.805658717639744 367.60133857186884 163.34002997726202 5715.4728027544916 64.271412334404886 25.804974448867142 81.750672718510032 47.183080084621906 347.33765237405896 190.86551305092871 2.624375417828559 1.2024826630949972 0.47563327848911285 152.68111796211451 31.215341486036777 53.661541591398418 60.769389235414565 97.203753088600934 65.250770645216107 38.778839425183833 80.348967485129833 4.2078906865790477
leaf_count=8513 22036 2265 1127 25 26082 564 37712 7249 1827 32521 1153 606008 2103 396 1563 891 2635 1618 24 11 21 1675 151 596 529 829 3381 450 346 118
internal_value=-0.00440381 -0.0611691 0.0684342 0.0115599 -0.000983223 -0.0438692 0.0793558 0.0546935 -0.0146332 -0.074144 0.0214288 -0.0767672 -0.0483298 -0.0206273 0.00946858 -0.0535228 0.00248349 0.0223741 0.0919324 0.399323 0.846869 0.0878481 0.0319947 0.0331593 0.00275443 0.00950975 -0.0209081 0.0388991 0.0364287 -0.0409301
internal_weight=13701.2 7700.16 6001.02 1165.74 1008.37 438.337 5303.7 1408.04 697.326 6534.43 586.422 6229.1 513.623 305.329 146.022 340.016 423.082 357.31 157.369 2.06353 0.861046 155.305 570.033 305.296 114.431 188.259 91.0557 127.05 538.818 52.0135
internal_count=764419 686928 77491 31614 29858 27096 49876 12164 27615 655314 4915 642195 36187 13119 3666 22927 3762 4688 1756 57 46 1699 2762 2743 1125 4606 3777 1014 2611 1945
is_linear=0
shrinkage=0.08


Tree=26
num_leaves=31
num_cat=0
split_feature=13 7 8 15 15 15 4 13 15 7 3 7 9 5 13 15 2 4 0 7 7 1 9 2 3 7 3 15 9 9
split_gain=8449.53 855.406 763.904 171.325 137.279 69.6045 66.2898 64.3265 51.0653 52.5322 58.4206 46.8363 43.9813 40.0294 39.9145 39.5481 42.4751 34.308 33.4343 37.6783 33.0703 32.3088 32.0605 27.5124 23.639 23.3962 30.1178 22.1796 22.03 20.429
threshold=0.42862771451473242 0.76071646809577953 0.64605829119682323 4.5000000000000009 12.500000000000002 5.5000000000000009 0.63245612382888805 0.49991323053836828 6.5000000000000009 0.64161032438278209 0.61692997813224804 0.9396781623363496 0.50096467137336742 13.500000000000002 0.58608135581016552 4.5000000000000009 0.20126582682132724 0.53752347826957714 0.83047896623611461 0.9396781623363496 1.0000000180025095e-35 0.70659971237182628 0.60424929857254039 0.69282051920890819 0.74286627769470226 1.0000000180025095e-35 0.89716076850891124 46.500000000000007 0.85324272513389599 0.82828345894813549
decision_type=2 2 2 2 2 2 2 2 2 2 2 2 2 2 2 2 2 2 2 2 2 2 2 2 2 2 2 2 2 2
left_child=1 8 3 14 6 -4 15 12 9 20 -11 17 -5 -12 22 -3 -17 -6 19 24 -1 23 -2 -9 -7 26 -10 -23 -22 -14
right_child=2 4 5 7 11 18 -8 21 25 10 13 -13 29 -15 -16 16 -18 -19 -20 -21 28 27 -24 -25 -26 -27 -28 -29 -30 -31
leaf_value=0.040706346499571548 0.057329123120692618 0.04765196494982625 0.083926351222819079 0.01963504102659671 -0.067889990366464273 -0.040026774071625047 0.085346831729742945 0.044169591752228315 -0.061809830597076364 -0.044284519262143378 0.061832398323115191 0.043297653198533882 -0.05785838248769129 0.31206496962312974 0.075824684290115602 0.069865562336394932 -0.017462471659865916 0.0080595356380360212 0.077334334409728755 0.07117307685210876 -0.068648584510073579 0.022375507676972634 -0.0007335318594203418 -0.034742206541043201 0.028526362748197517 -0.079505870151745345 0.042167129380770066 -0.032679000307263936 0.17139728738152726 0.11143256619524775
leaf_weight=19.296281268820167 138.96019804198295 177.19625069294125 4091.4926842469722 71.495847427286208 171.42902668658644 53.653814016841352 124.33064777776599 35.10588969476521 129.19809860084206 35.929342148825526 18.285315882414583 39.772797804325819 189.1672497196123 5.270738946273922 284.97963564097881 43.324143423698843 201.12280642148107 48.929540984332561 138.372787065804 77.493942629545927 340.96925976127386 664.18255113996565 108.29619900509715 145.35078038088977 80.482029114849865 5379.6132463216782 20.683369651436806 50.385221093893051 2.4645313033834091 4.6747850095853201
leaf_count=357 900 1460 41588 752 12441 593 1023 248 10892 1998 396 571 11777 73 2542 678 4121 865 1190 647 35307 4615 1199 2868 704 623560 329 455 60 105
internal_value=-0.00440986 -0.0661148 0.0635693 0.0178371 0.0112241 0.0809972 0.0340121 0.000599403 -0.0765896 -0.0497728 0.0199095 -0.0366042 -0.033995 0.117823 0.0554181 0.018875 -0.00198503 -0.0510258 0.046756 0.0267626 -0.0612002 0.0108552 0.0318982 -0.0193908 0.00110538 -0.0786373 -0.0474612 0.0184935 -0.066926 -0.0537757
internal_weight=12891.9 6757.82 6134.09 1692.6 806.105 4441.5 545.974 1160.36 5951.71 422.215 59.4854 260.131 265.338 23.5561 532.236 421.643 244.447 220.359 350.003 211.63 362.73 895.024 247.256 180.457 134.136 5529.49 149.881 714.568 343.434 193.842
internal_count=764314 694131 70183 25461 21159 44722 7282 20820 672972 38191 2467 13877 12634 469 4641 6259 4799 13306 3134 1944 35724 8186 2099 3116 1297 634781 11221 5070 35367 11882
is_linear=0
shrinkage=0.08


Tree=27
num_leaves=31
num_cat=0
split_feature=13 7 10 13 10 0 7 3 9 5 15 7 3 7 9 13 7 9 5 3 10 3 9 7 3 9 15 7 15 7
split_gain=7630.97 835.939 721.027 336.028 138.05 92.942 67.8602 57.0411 56.9863 55.4205 53.428 56.1727 84.4041 49.5824 35.3461 35.0361 33.8382 33.972 33.8169 29.3415 23.3882 42.8206 23.7556 23.1914 26.1617 23.1076 21.9415 19.9754 18.0323 15.7525
threshold=0.42862771451473242 0.75075757503509533 0.41666667163372045 0.72869884967803966 0.29166667163372045 0.91042780876159679 0.9396781623363496 0.61692997813224804 0.45725645124912268 4.5000000000000009 6.5000000000000009 0.60049262642860424 0.61692997813224804 0.98270881175994884 0.81391924619674694 0.37842392921447759 0.68240872025489818 0.63507509231567394 12.500000000000002 0.7503490447998048 0.58333334326744091 0.7743646800518037 0.79249966144561779 1.0000000180025095e-35 0.92225828766822826 0.5286737084388734 5.5000000000000009 0.9709441363811494 14.500000000000002 0.9709441363811494
decision_type=2 2 2 2 2 2 2 2 2 2 2 2 2 2 2 2 2 2 2 2 2 2 2 2 2 2 2 2 2 2
left_child=1 10 3 5 13 6 8 14 -2 -5 11 15 -13 19 28 -1 17 -7 -14 26 21 22 29 24 -12 -17 -3 -11 -6 -4
right_child=2 4 20 9 7 16 -8 -9 -10 27 23 12 18 -15 -16 25 -18 -19 -20 -21 -22 -23 -24 -25 -26 -27 -28 -29 -30 -31
leaf_value=-0.07224544793646509 0.011970628301860362 0.001483514518480156 -0.043303512838559655 0.077060842395718393 0.013521088690816403 0.029910984895440192 0.06578582283614394 0.083960391808512544 -0.034190589079797939 0.013285569872172918 -0.056213532676649754 -0.055450545110849438 0.07106824869189389 0.085894231036953081 0.043066017888002454 0.10056769928717106 0.085233881629354913 -0.023631359915053149 0.27067922342129058 0.094866711757155442 0.0879964455451865 0.078125664459253716 0.080445148011990375 -0.079408268321925449 0.077160177458907547 -0.03219466206310815 -0.060847430435749639 0.080928228673326288 -0.037626528786159533 0.094711055712820444
leaf_weight=283.88399813231081 253.25320965889841 43.974966607987881 38.044565227814019 705.71881578862667 130.80863376986235 499.20168034173548 65.101248186081648 117.30220882408321 527.99474463891238 140.13890207186341 133.77220027614385 43.962850892916322 22.619514943100516 20.132776729762554 216.77398230414838 12.020812244154511 59.188140220940113 89.427852463908494 7.1484372690320006 9.3179992586374265 2902.8372198790312 492.78059165831655 20.298409080132842 4957.3586231535301 10.124908462166784 27.78228706959635 202.97515251114964 34.898404687643051 66.562102959491313 6.1480334326624861
leaf_count=31189 2238 898 566 7014 1871 3414 465 1177 15231 1005 11154 3009 692 132 1743 209 434 1404 116 71 32366 5505 211 621912 77 3000 14179 313 2752 50
internal_value=-0.00411868 -0.0651243 0.0618163 0.0278722 0.010864 0.00476857 -0.0126876 0.0347137 -0.0192267 0.0670667 -0.0762882 -0.0480355 0.0149829 -0.0349927 0.0207651 -0.0623901 0.0275743 0.0217765 0.119003 -0.0444898 0.0851146 0.0701032 0.00880327 -0.0784893 -0.0468291 0.00790049 -0.049748 0.026772 -0.00372814 -0.0241031
internal_weight=12141.6 6306.52 5835.03 2374.92 807.848 1494.17 846.349 531.447 781.248 880.756 5498.67 397.418 73.7308 276.401 414.145 323.687 647.818 588.63 29.768 256.268 3460.11 557.272 64.491 5101.26 143.897 39.8031 246.95 175.037 197.371 44.1926
internal_count=764397 694181 70216 31518 22823 23186 17934 7543 17469 8332 671358 38215 3817 15280 6366 34398 5252 4818 808 15148 38698 6332 827 633143 11231 3209 15077 1318 4623 616
is_linear=0
shrinkage=0.08


Tree=28
num_leaves=31
num_cat=0
split_feature=13 7 8 10 15 1 10 1 4 10 4 15 9 7 9 4 13 7 8 7 15 7 1 0 2 2 7 9 5 7
split_gain=6908.56 752.283 715.608 181.588 136.162 112.567 84.9189 80.8698 65.7826 48.1112 45.32 44.3139 53.8249 41.4836 60.606 39.9824 38.9159 38.0362 36.6285 38.0542 34.7286 33.2488 32.5393 28.7752 28.0247 25.7847 33.9866 21.007 20.9701 20.3153
threshold=0.42862771451473242 0.73546314239501964 0.6866312325000764 0.41666667163372045 11.500000000000002 0.86729559302330028 0.41666667163372045 0.78319624066352855 0.63733074069023143 0.29166667163372045 0.94494947791099559 7.5000000000000009 0.84201759099960338 0.61128804087638866 0.51148289442062389 0.51471862196922313 0.49991323053836828 0.9656645953655244 0.22278624027967456 0.63343685865402233 4.5000000000000009 0.92699080705642711 0.78830561041831981 0.60943254828453075 0.27812939882278448 0.71010184288024913 0.68769904971122753 0.82828345894813549 7.5000000000000009 1.0000000180025095e-35
decision_type=2 2 2 2 2 2 2 2 2 2 2 2 2 2 2 2 2 2 2 2 2 2 2 2 2 2 2 2 2 2
left_child=1 11 3 5 8 10 7 17 20 -6 21 12 18 14 -7 -11 -12 23 -1 -20 -3 -2 25 -4 -22 26 -5 -27 -9 -13
right_child=2 4 6 22 9 13 -8 28 -10 15 16 29 -14 -15 -16 -17 -18 -19 19 -21 24 -23 -24 -25 -26 27 -28 -29 -30 -31
leaf_value=0.036221380175160307 -0.051364580314922303 0.041680926310664487 -0.029603228954486142 0.32291185863766658 -0.065700088346453883 0.026880025896904153 0.086354453138287268 0.077121734414463863 0.084162747410966063 -0.033115528690072157 -0.062829246023385618 -0.048112956126428595 0.12928195006251991 0.060441211640991699 -0.036047621751875258 0.062720569562596445 0.013741009939107545 0.074991387126687251 -0.071013610706910216 0.0027507767392198883 0.024793579909323245 0.050033870069257622 0.084043950104844806 0.02972801295215672 -0.030149592675383554 -0.010614956840046388 0.061596444288215438 0.092984667175636262 -0.0057900584214443766 -0.079558821102897415
leaf_weight=25.565799030475318 278.19369574822485 183.29553848598152 82.933785578235984 3.3721867427229872 168.54006262030452 513.09247702732682 2831.5428052572533 622.02320347353816 113.20703971292824 80.382224590517581 51.488272411748767 135.47766678687185 10.168132707010953 160.0943972542882 121.06331741251051 42.639563665725291 242.80743423011154 71.015938214957714 380.38613278558478 50.72913037892431 111.00849801581353 22.359812626615167 243.58690289128572 141.70520820096135 127.83598462119699 70.041428532451391 57.494365437887609 15.254656563512979 20.155698157846928 4461.1639510332607
leaf_count=694 8773 1615 587 69 14208 2466 34104 6595 1007 4005 3837 11116 361 1251 3179 477 2949 631 46791 3055 2127 116 2660 971 3081 1152 414 118 181 605621
internal_value=-0.004354 -0.0646935 0.0597068 0.0178837 0.00605293 0.00434461 0.079444 0.0585796 0.0300101 -0.0379358 -0.0219704 -0.0762469 -0.0527632 0.0240531 0.0148668 0.000101428 0.000344721 0.0239573 -0.0568165 -0.0623338 0.0154878 -0.043821 0.0661382 0.00782369 -0.00461348 0.0362974 0.0760741 0.00791317 0.0745194 -0.078632
internal_weight=11438.6 5890.4 5548.23 1778.85 826.909 1389.1 3769.38 937.834 535.347 291.562 594.849 5063.49 466.849 794.25 634.156 123.022 294.296 295.655 456.681 431.115 422.14 300.554 389.75 224.639 238.844 146.163 60.8666 85.2961 642.179 4596.64
internal_count=764211 694158 70053 26984 26520 22571 43069 8965 7830 18690 15675 667638 50901 6896 5645 4482 6786 2189 50540 49846 6823 8889 4413 1558 5208 1753 483 1270 6776 616737
is_linear=0
shrinkage=0.08


Tree=29
num_leaves=31
num_cat=0
split_feature=13 15 8 10 15 10 5 4 10 13 3 8 3 13 8 9 10 4 9 8 1 2 1 8 1 3 3 8 15 10
split_gain=6205.84 688.052 641.855 160.153 128.203 102.685 93.2877 67.8775 62.8176 112.635 59.5962 48.5945 46.7099 41.0742 40.9315 44.3847 37.6777 36.9963 38.6331 36.3395 38.0607 35.9236 29.2717 27.0335 23.378 23.3116 22.2426 18.3143 17.1525 15.6008
threshold=0.42862771451473242 5.5000000000000009 0.65724277496337902 0.41666667163372045 17.500000000000004 0.58333334326744091 2.5000000000000004 0.62397539615631115 0.58333334326744091 0.31746700406074529 0.74286627769470226 1.0000000180025095e-35 0.83810892701148998 0.65463843941688549 0.72776681184768688 0.6373269557952882 0.41666667163372045 0.89087301492691051 0.4747507125139237 0.83087757229805004 0.54653680324554454 0.69282051920890819 0.51222422719001781 0.870479315519333 0.82009246945381176 0.93097409605979931 0.41105169057846075 0.90029239654541027 9.5000000000000018 0.41666667163372045
decision_type=2 2 2 2 2 2 2 2 2 2 2 2 2 2 2 2 2 2 2 2 2 2 2 2 2 2 2 2 2 2
left_child=2 3 8 6 7 10 13 16 11 17 27 12 24 -2 15 -12 23 -10 -19 20 -8 22 -11 -4 -1 -23 -18 -3 -14 -6
right_child=1 5 4 -5 29 -7 19 -9 9 21 14 -13 28 -15 -16 -17 26 18 -20 -21 -22 25 -24 -25 -26 -27 -28 -29 -30 -31
leaf_value=-0.068942851823619977 0.03674125359052919 -0.053004436524696441 -0.046841546309442032 0.084599341268621675 -0.067542420138811066 0.074569542553423199 -0.072289129007415534 0.082435393409012472 -0.061712256518174947 0.092023955277260441 0.011172596923541582 -0.077795218683645015 0.083623205739113443 0.077010275431710365 0.052361680848937012 -0.030415649930889358 0.082946644934179942 3.6332377427978417 0.22927722380311188 0.048804003470577895 0.012322274028018134 -0.066246931161126565 0.28972369113649021 0.027020807007953063 0.56910260327712947 0.44444423334861649 0.019466755961609971 0.057963590748745013 -0.0075012184902575434 -0.0054568941018793915
leaf_weight=94.040892027318478 229.88998338207603 149.49214055296034 93.839066254906356 2817.4886324014515 128.77339254785329 129.4596744030714 41.117088817059994 109.58466530358419 221.077806385234 23.715803279541436 668.37091332022101 4391.4619877347723 20.52467211522162 549.81779066473246 111.60586508363485 217.7430025478825 41.066766801755875 0.021541142836212557 2.2721128142438829 142.41093010827899 197.26428207941353 10.287166726775464 6.0071695093065491 47.901084993965924 0.36896406766027112 0.60573684424161989 252.70426726760343 10.165905738249419 37.146820175461471 32.425180131103843
leaf_count=9514 1696 5130 6830 36105 12973 1409 421 1182 27873 326 8222 627203 246 6211 983 6861 294 3 138 1319 1702 1278 240 665 23 29 2075 78 1825 1206
internal_value=-0.0042731 0.0578485 -0.0635893 0.0742974 0.00762216 0.00699993 0.0492863 0.026157 -0.0740513 -0.0361132 -0.000558141 -0.0762556 -0.0317973 0.0651373 0.0067038 0.0009532 0.0119961 -0.058396 0.261246 0.0168298 -0.00227188 0.0864333 0.13198 -0.0218798 -0.0664493 -0.0378482 0.0283407 -0.0459388 0.024929 -0.0550539
internal_weight=10778.7 5264.83 5513.83 3977.99 706.294 1286.84 1160.5 545.096 4807.53 263.987 1157.38 4543.54 152.081 779.708 997.72 886.114 435.511 223.371 2.29365 380.792 238.381 40.6159 29.723 141.74 94.4099 10.8929 293.771 159.658 57.6715 161.199
internal_count=764060 70137 693923 47454 25225 22683 11349 11046 668698 29887 21274 638811 11608 7907 16066 15083 9864 28014 141 3442 2123 1873 566 7495 9537 1307 2369 5208 2071 14179
is_linear=0
shrinkage=0.08


Tree=30
num_leaves=31
num_cat=0
split_feature=13 7 13 10 10 3 15 15 7 10 4 13 10 1 5 8 15 3 15 8 7 3 8 0 7 4 1 7 3 5
split_gain=5635.86 742.169 649.065 265.306 96.1692 70.3165 63.3294 58.0097 57.9886 48.3157 47.9547 44.5613 63.3834 56.9935 42.9708 36.6016 34.8458 29.3892 28.8398 24.5997 24.3648 32.8308 22.6286 21.1794 19.0469 57.7201 16.866 15.4778 16.4558 14.2745
threshold=0.42862771451473242 0.75075757503509533 0.72869884967803966 0.58333334326744091 0.29166667163372045 0.76799523830413829 14.500000000000002 6.5000000000000009 0.90976935625076305 0.41666667163372045 0.68237251043319713 0.33015114068984991 0.41666667163372045 0.9941176474094392 4.5000000000000009 0.85786435008049022 44.500000000000007 0.7503490447998048 4.5000000000000009 0.6353554129600526 1.0000000180025095e-35 0.85909903049469005 0.30023474991321569 0.4246212244033814 0.5855005979537965 0.59516963362693798 0.85053193569183361 0.9709441363811494 0.9487842619419099 10.500000000000002
decision_type=2 2 2 2 2 2 2 2 2 2 2 2 2 2 2 2 2 2 2 2 2 2 2 2 2 2 2 2 2 2
left_child=1 7 3 5 15 8 19 11 26 14 18 24 22 -14 -4 17 -8 -3 -6 -7 21 -9 -13 -10 -1 -26 -2 28 -16 -20
right_child=2 4 9 -5 10 6 16 20 23 -11 -12 12 13 -15 27 -17 -18 -19 29 -21 -22 -23 -24 -25 25 -27 -28 -29 -30 -31
leaf_value=-0.074235318136036427 -0.055630278875681512 -0.053648676899387307 0.072453038865602087 0.078931720818336146 0.047637760924220604 0.019261186251744489 -0.027340211570159378 -0.067788203148161252 -0.076931915049423732 0.085805224880627973 0.095317452029134511 0.049896101378316418 0.089660673516091291 0.75159310021470804 0.020912258884134029 0.024768943957653122 0.016577206308901485 0.1096456767115756 -0.0092542247458515473 0.050802437953036725 -0.078930838215943586 0.02459507910345668 -0.056577599107537069 0.055391001702085288 -0.059324818498379984 0.16515545543931592 0.095572548790159501 0.077259106548965853 -0.10520513477679638 0.027546634675640894
leaf_weight=185.14047130104154 197.328545674216 182.66061257803813 594.27025751769543 405.62941143848002 165.33964450657368 639.0663893786259 281.9651883142069 92.492647393606603 9.0549305742606503 2262.9565273374319 63.734651330858469 16.107318343129009 23.650367633439604 0.86286125797778268 125.60007655993104 59.047071089036763 196.00103191565722 7.3371651396155348 168.01720682065934 210.33924620691687 3931.7602147045545 33.549148367717862 61.744564139749855 53.369882185943425 39.915193399880081 8.9800497395917755 4.8371392562985411 30.750650763511658 6.9898723885416976 112.70761249773204
leaf_count=25474 6352 14252 7014 4972 1176 6706 6403 10091 63 31605 632 226 1459 39 912 1032 3276 53 3616 1797 621717 1197 7257 432 3476 257 114 320 75 2110
internal_value=-0.00379196 -0.0625577 0.0565534 0.0211738 0.0105012 0.00645715 0.0139637 -0.0751744 -0.0312012 0.0799509 0.0304066 -0.0432504 0.00077528 0.112961 0.0624643 -0.0302455 -0.00933087 -0.0473427 0.0211321 0.0270718 -0.0778209 -0.0431981 -0.0345485 0.0361971 -0.0625068 -0.018097 -0.0520125 0.0261232 0.0142636 0.00552087
internal_weight=10171.2 5153.05 5018.16 1997.59 758.844 1591.96 1327.37 4394.2 264.59 3020.57 509.799 336.401 102.365 24.5132 757.611 249.045 477.966 189.998 446.064 849.406 4057.8 126.042 77.8519 62.4248 234.036 48.8952 202.166 163.341 132.59 280.725
internal_count=764105 694064 70041 30115 22871 25143 18182 671193 6961 39926 7534 38188 8981 1498 8321 15337 9679 14305 6902 8503 633005 11288 7483 495 29207 3733 6466 1307 987 5726
is_linear=0
shrinkage=0.08


Tree=31
num_leaves=31
num_cat=0
split_feature=13 13 7 10 10 9 3 10 5 15 3 3 7 7 15 7 0 9 3 9 15 0 7 3 15 3 10 0 2 7
split_gain=5076.41 675.447 662.734 259.251 107.257 68.6004 86.7301 54.1424 51.3234 47.7499 43.9564 43.1769 41.2267 39.538 33.2309 30.9098 70.0077 67.701 32.9275 26.9695 18.1457 16.9426 16.9237 25.6028 15.8645 15.6725 24.0159 15.0848 16.1661 14.9259
threshold=0.41560471057891851 0.72869884967803966 0.72240144014358532 0.58333334326744091 0.41666667163372045 0.83436289429664623 0.91112279891967785 0.41666667163372045 4.5000000000000009 12.500000000000002 0.62671068310737621 0.61692997813224804 0.41519744694232946 0.9709441363811494 6.5000000000000009 0.54295176267623912 0.68133461475372326 0.67777207493782055 0.61692997813224804 0.66220417618751537 3.5000000000000004 0.22401433438062671 1.0000000180025095e-35 0.93097409605979931 20.500000000000004 0.8484494984149934 0.41666667163372045 0.43792808055877691 0.71010184288024913 0.73546314239501964
decision_type=2 2 2 2 2 2 2 2 2 2 2 2 2 2 2 2 2 2 2 2 2 2 2 2 2 2 2 2 2 2
left_child=2 3 14 5 10 6 12 8 24 -8 13 19 -2 20 15 25 18 -18 -17 -6 -4 -21 23 -16 -3 -1 -27 28 -5 -13
right_child=1 7 4 27 11 -7 9 -9 -10 -11 -12 29 -14 -15 22 16 17 -19 -20 21 -22 -23 -24 -25 -26 26 -28 -29 -30 -31
leaf_value=-0.078147303120772366 0.015594239568576076 0.073727202532768321 0.036427862443373704 0.05110076885883124 -0.040518835478893171 0.059787629885312263 0.031025880696972329 0.085173532681203992 0.020076976930127662 -0.0068524783660517284 0.042190297485355577 0.30758741667647249 -0.034105780767392159 0.060080044050915417 -0.053414401787849737 -0.061912336574553271 1.0480993826144596 0.16638095321865057 0.05539947435430826 0.055542462964866771 -0.055137684236358009 0.014692151422798594 -0.079217105132871307 0.19338879951372764 -0.0026414330405265226 -0.049577288344105373 0.10127198404441648 0.079887410484549337 -0.10051812648974463 0.077152140642266595
leaf_weight=162.08853419544175 136.43640764243901 539.26579133421183 14.666027425788341 19.539573898538951 43.657903353217989 130.78508016746491 522.17248749639839 2104.5183018855751 161.77250678092241 359.7298332490027 46.90994493663311 1.8393815970048297 492.05921314517036 22.65333329513669 105.6380825098604 45.203016965184361 0.70668719615787212 2.6371037978678942 23.157669751904905 91.631150701548904 249.32122688181698 223.3948606653139 3561.2659807987511 2.7603801339864722 17.989843867719173 54.916509280912578 7.7017853185534468 376.89658060763031 5.8476087558083227 81.87205616524443
leaf_count=23849 1980 6840 328 213 1349 1249 4660 31622 1312 5437 1421 47 17679 148 10722 4729 39 45 1339 875 22217 2541 609815 20 141 6280 647 4949 74 892
internal_value=-0.00405101 0.0533446 -0.0629595 0.0183124 0.00465547 0.00420472 -0.000608198 0.0786983 0.0597458 0.0155752 -0.0295985 0.0304817 -0.0233167 -0.041347 -0.0761881 -0.0504221 -0.00468952 0.352726 -0.0221721 0.0184079 -0.0500507 0.0265742 -0.0782693 -0.0471295 0.0712618 -0.0650155 -0.0310235 0.0758668 0.0161773 0.0822155
internal_weight=9609.03 4867.01 4742.02 2043.47 775.946 1641.18 1510.4 2823.55 719.028 881.902 333.551 442.395 628.496 286.641 3966.08 296.411 71.7045 3.34379 68.3607 358.684 263.987 315.026 3669.66 108.398 557.256 224.707 62.6183 402.284 25.3872 83.7114
internal_count=763459 76156 687303 36241 29818 31005 29756 39915 8293 10097 24114 5704 19659 22693 657485 36928 6152 84 6068 4765 22545 3416 620557 10742 6981 30776 6927 5236 287 939
is_linear=0
shrinkage=0.08


Tree=32
num_leaves=31
num_cat=0
split_feature=13 8 7 15 4 8 15 1 15 3 7 1 9 3 7 9 7 3 0 7 8 7 4 11 3 7 3 1 7 3
split_gain=4621.5 638.027 622.111 112.683 96.9939 62.0399 56.0448 55.1713 50.6902 39.7713 74.5509 46.7171 38.367 35.6114 35.45 38.3988 30.0711 38.3042 27.7472 25.5469 25.1849 23.8631 25.0529 22.5735 21.4829 21.3653 27.7645 21.2713 19.595 20.8613
threshold=0.42862771451473242 0.66849818825721752 0.73546314239501964 3.5000000000000004 0.53907206654548656 0.81705284118652355 5.5000000000000009 0.86729559302330028 6.5000000000000009 0.81437420845031749 0.53242081403732311 0.62397539615631115 0.82266426086425792 0.50733497738838207 0.63343685865402233 0.55518296360969555 0.88960573077201854 0.74286627769470226 0.28743545711040502 0.91905540227890026 0.30317392945289617 0.62306958436965953 0.52545297145843517 1.0000000180025095e-35 0.78261634707450878 0.9396781623363496 0.90769547224044811 0.90070420503616344 1.0000000180025095e-35 0.77840790152549755
decision_type=2 2 2 2 2 2 2 2 2 2 2 2 2 2 2 2 2 2 2 2 2 2 2 2 2 2 2 2 2 2
left_child=2 3 8 24 5 12 23 16 9 21 20 -12 -4 -6 15 -9 17 -5 -7 -14 -11 -1 -23 27 -2 26 -8 -3 29 -10
right_child=1 6 4 7 13 18 25 14 28 10 11 -13 19 -15 -16 -17 -18 -19 -20 -21 -22 22 -24 -25 -26 -27 -28 -29 -30 -31
leaf_value=-0.077594479666627664 -0.0074515796657595992 0.042385689295924192 -0.05485667160746209 -0.064492815534219525 -0.065240368892094183 0.035643294444195027 -0.0080823531367638143 0.018863324330799923 -0.074603950006466913 0.037663447697333541 0.11147337668575508 0.533425666881714 -0.0047996664193176901 0.057625259124286378 0.058191830048435665 -0.033383273339974637 0.036371198213848779 -0.011787470418797701 -0.017204340216948218 0.14172819191685057 -0.058711266816795275 -0.067343829551288731 0.055400264290072193 0.081122455461847084 0.060655997915114945 0.069736415343850652 0.057620054272208641 0.076110610789626693 -0.078882609746061108 -0.005704496943601577
leaf_weight=161.10929572582245 32.978135051205754 203.53545266762376 223.98103809636086 111.24145218683407 16.285352594684809 153.46772721316665 91.235604773741215 459.756451764144 66.142273883335292 24.815809147898108 11.694434827193616 1.9608838842250396 40.826782001648098 207.00385741423815 110.17439345270395 111.95073008304462 61.496520943939686 426.99651488289237 108.56390978582203 9.3612064095213992 57.712247993797064 22.93397552613169 19.8566411184147 2223.526941979304 292.83908365853131 91.259125763550401 75.001866988837719 290.57260020822287 3340.9009809331037 48.931353140622377
leaf_count=25210 400 1847 18388 5082 326 1630 833 2339 8332 1174 369 96 1936 2615 1054 2995 419 10921 1600 113 8444 1990 565 35119 3185 1103 785 4044 617815 2867
internal_value=-0.00423478 0.052364 -0.0616735 0.0117532 0.00436142 -0.0140875 0.0743056 0.00107343 -0.0750261 -0.0434869 -0.00108237 0.172065 -0.0406905 0.0486642 0.01664 0.00863248 -0.0166253 -0.0226805 0.0137477 0.0225311 -0.0297318 -0.0634899 -0.0103854 0.0776854 0.0537624 0.0386347 0.0215608 0.0622185 -0.0777646 -0.0453067
internal_weight=9098.11 4582.56 4515.55 1607.43 759.49 536.201 2975.13 1281.62 3756.06 300.083 96.1834 13.6553 274.169 223.289 681.882 571.707 599.734 538.238 262.032 50.188 82.5281 203.9 42.7906 2717.63 325.817 257.497 166.237 494.108 3455.97 115.074
internal_count=763596 70126 693470 26395 26608 23667 43731 22810 666862 37848 10083 465 20437 2941 6388 5334 16422 16003 3230 2049 9618 27765 2555 41010 3585 2721 1618 5891 629014 11199
is_linear=0
shrinkage=0.08


Tree=33
num_leaves=31
num_cat=0
split_feature=13 10 8 13 10 15 3 5 3 13 10 8 4 8 3 15 15 3 8 10 8 3 3 9 8 8 10 13 3 13
split_gain=4136.57 618.606 518.914 194.009 104.507 59.4777 57.5252 49.6074 43.76 42.7705 43.786 40.2193 37.2811 35.2047 47.81 34.9092 30.3791 29.2253 28.0498 26.1081 24.7258 23.8972 22.6126 20.5696 18.2969 17.2249 15.5184 28.9395 14.1985 13.5541
threshold=0.42862771451473242 0.41666667163372045 0.64112350344657909 0.72869884967803966 0.41666667163372045 6.5000000000000009 0.76799523830413829 4.5000000000000009 0.75556775927543651 0.33015114068984991 0.41666667163372045 0.870479315519333 0.53907206654548656 0.64605829119682323 0.78261634707450878 14.500000000000002 44.500000000000007 0.89716076850891124 1.0000000180025095e-35 1.0000000180025095e-35 0.870479315519333 0.85909903049469005 0.41105169057846075 0.51998367905616771 0.30023474991321569 0.97793999314308178 0.58333334326744091 0.30172640085220342 0.50557890534400951 0.9723496437072755
decision_type=2 2 2 2 2 2 2 2 2 2 2 2 2 2 2 2 2 2 2 2 2 2 2 2 2 2 2 2 2 2
left_child=2 3 5 6 8 9 20 23 11 -1 24 -4 22 14 -3 19 -17 -12 21 -8 -2 -7 -6 -5 -11 -24 -20 -28 -14 -9
right_child=1 13 4 7 12 18 15 29 -10 10 17 -13 28 -15 -16 16 -18 -19 26 -21 -22 -23 25 -25 -26 -27 27 -29 -30 -31
leaf_value=-0.060351019308133691 -0.04828365600793702 -0.010643222707835883 -0.053916556593194123 -0.10610498531743026 0.069950212837280645 -0.060778838545223375 0.026407811283074917 0.0054993334689704045 0.12145500406497756 0.045136872725405362 0.045391638446318966 0.018723979954134686 -0.05520590058534168 0.082461625211837239 0.069786039878300052 -0.026331907665567998 0.015450717296795079 0.24523534556354498 -0.07855302326886314 -0.01229397952659844 0.035289971887971609 0.020358634224477097 -0.0042350360337825264 0.068297886051295068 -0.052906405839708716 0.048004326995231834 -0.066038978587509442 0.036244121631790402 0.079839497369280157 0.071437557439121696
leaf_weight=200.32225757464767 177.39671693881974 60.823867720086128 226.33215229678899 4.3662833645939818 42.449114534072578 76.531441975384951 599.34565413044766 134.22095472738147 11.41336049698293 15.583010714035479 25.689931917469952 62.18437712546438 5.2587520084343842 2045.0353617137298 212.75424387026578 267.25470628868788 190.93375752307475 5.7275117691606274 2980.3334916010499 137.06885245535523 25.973663236945868 33.358076628297567 193.1545083783567 495.1264346241951 55.81826951680705 51.078716024756432 134.72822390124202 20.381922931410372 94.916199463885278 23.43504636734724
leaf_count=28727 6062 863 24597 45 470 9973 5507 1047 145 220 1377 993 63 34850 2875 6248 3286 140 588395 1900 210 1213 3150 6975 7211 272 24127 1564 1179 277
internal_value=-0.00403847 0.0505308 -0.0603919 0.0185738 0.00325946 -0.0727112 0.00172126 0.0544246 -0.0321825 -0.0388226 0.00312123 -0.0382602 0.0307376 0.0788561 0.0519044 0.00841704 -0.00892048 0.0818239 -0.0758767 0.0192042 -0.03761 -0.0361487 0.0160572 0.0667734 -0.0315089 0.00669026 -0.0772691 -0.0525987 0.0727502 0.0153008
internal_weight=8609 4373.74 4235.26 2055.12 686.787 3548.47 1397.97 657.149 299.93 303.141 102.819 288.517 386.857 2318.61 273.578 1194.6 458.188 31.4174 3245.33 736.415 203.37 109.89 286.682 499.493 71.4013 244.233 3135.44 155.11 100.175 157.656
internal_count=763961 70145 693816 31557 30869 662947 23213 8344 25735 37675 8948 25590 5134 38588 3738 16941 9534 1517 625272 7407 6272 11186 3892 7020 7431 3422 614086 25691 1242 1324
is_linear=0
shrinkage=0.08


Tree=34
num_leaves=31
num_cat=0
split_feature=13 10 8 13 15 9 9 13 5 10 4 8 13 2 1 4 8 4 15 15 0 5 9 9 15 9 8 8 15 5
split_gain=3733.41 676.374 449.622 205.696 77.6477 68.8802 93.4114 66.9595 53.2137 47.0582 58.6106 82.741 44.0681 39.1121 39.5734 33.9004 34.178 31.7839 23.1277 25.8197 22.1029 20.8842 20.1694 18.4084 16.5411 15.1801 14.9149 14.4724 14.0311 13.5518
threshold=0.39715391397476202 0.41666667163372045 0.65724277496337902 0.72869884967803966 17.500000000000004 0.45725645124912268 0.74591341614723217 0.53342181444168102 4.5000000000000009 0.58333334326744091 0.52545297145843517 0.50802230834960949 0.65463843941688549 0.68801230192184459 0.65485891699790966 0.69309264421463024 0.97793999314308178 0.5524578094482423 47.500000000000007 44.500000000000007 0.80259740352630626 10.500000000000002 0.619014471769333 0.83436289429664623 45.500000000000007 0.82266426086425792 1.0000000180025095e-35 0.95820856094360363 4.5000000000000009 13.500000000000002
decision_type=2 2 2 2 2 2 2 2 2 2 2 2 2 2 2 2 2 2 2 2 2 2 2 2 2 2 2 2 2 2
left_child=2 3 9 5 15 18 7 -7 24 26 -11 29 13 17 23 16 21 28 19 -2 -8 -4 -13 -15 -5 -16 -1 -6 -3 -12
right_child=1 12 4 8 27 6 20 -9 -10 10 11 22 -14 14 25 -17 -18 -19 -20 -21 -22 -23 -24 -25 -26 -27 -28 -29 -30 -31
leaf_value=-0.044466916083992329 0.012699021819202093 0.048044861972105814 -0.014275746620539282 0.068460997851592598 -0.056570838383134994 -0.055651301310343272 0.01542540734784918 -0.0026444784545209044 0.012482950482945879 -0.065493752247795717 -0.061644469918401432 0.3473455395748094 0.082783624803260167 -0.075715981301990198 0.023270975067839844 0.093880979505237577 0.062452348567406474 0.079309601857787196 -0.053251236563296195 0.053946042960532577 0.077507163353518052 0.025638663895526187 0.12452526155043606 0.07362072819480163 -0.059498615343734018 0.087881237846660132 -0.077185872974665046 0.15402651580703011 -0.088191921228364584 0.059624337167514307
leaf_weight=91.964068262372166 565.10914050182328 8.8252110630273837 212.34673262946308 460.85435713455081 123.64639743603766 348.46156053291634 146.10767981829122 271.24266879353672 154.30127313360572 130.50457978621125 32.085241694469005 3.0267941355705288 1807.8516192194074 31.32017836952582 68.597469894681126 34.788250616751611 70.725304324179888 250.23755085654557 28.921678560320288 117.2873063897714 49.016085245646536 138.69059005845338 18.436221131123602 6.3546319850720456 6.5574524924159041 35.222940323408693 2930.7773415804841 2.1242789402604094 10.709340763278304 7.2258190447464576
leaf_count=10239 4545 58 6247 6911 13939 28071 1763 3035 1323 22594 5148 91 33347 999 1246 418 477 3642 309 810 474 3353 924 71 46 413 612520 12 86 850
internal_value=-0.00401108 0.046432 -0.0620364 0.0144298 0.00264418 -0.00137167 -0.0172512 -0.0324504 0.0532183 -0.0737553 -0.035274 0.0296191 0.0774066 0.0537702 0.019705 0.0179769 0.0117161 0.0716374 0.0168186 0.0197884 0.0310207 0.00149395 0.155948 -0.0505273 0.0666658 0.0451912 -0.0761904 -0.0530138 -0.0266436 -0.0393539
internal_weight=8163.32 4366.98 3796.34 2147.86 582.322 1526.15 814.828 619.704 621.713 3214.02 191.279 60.7741 2219.12 411.267 141.495 456.551 421.763 269.772 711.318 682.396 195.124 351.037 21.463 37.6748 467.412 103.82 3022.74 125.771 19.5346 39.3111
internal_count=763961 87149 676812 47287 24446 39007 33343 31106 8280 652366 29607 7013 39862 6515 2729 10495 10077 3786 5664 5355 2237 9600 1015 1070 6957 1659 622759 13951 144 5998
is_linear=0
shrinkage=0.08


Tree=35
num_leaves=31
num_cat=0
split_feature=13 10 7 13 10 4 8 7 3 7 13 5 4 9 3 2 8 15 15 3 8 5 7 0 13 15 3 7 3 15
split_gain=3339.23 629.825 521.494 196.078 105.811 62.7666 56.3374 134.073 52.5386 49.1188 47.5698 45.2845 43.65 36.174 38.614 62.9612 33.2399 27.3348 29.6027 26.7047 24.0944 20.0336 19.7883 18.9296 18.1234 17.0919 20.9787 18.2398 16.9856 16.973
threshold=0.39715391397476202 0.41666667163372045 0.68240872025489818 0.72869884967803966 0.41666667163372045 0.68614074587821972 0.28132851421833044 0.56615138053894054 0.90451204776763927 0.73546314239501964 0.72869884967803966 4.5000000000000009 0.53001201152801525 0.82828345894813549 0.92655104398727428 0.68801230192184459 0.870479315519333 9.5000000000000018 44.500000000000007 0.62404102087020885 0.97793999314308178 10.500000000000002 1.0000000180025095e-35 0.27639257907867437 0.44490455090999609 3.5000000000000004 0.89716076850891124 0.54295176267623912 0.83810892701148998 10.500000000000002
decision_type=2 2 2 2 2 2 2 2 2 2 2 2 2 2 2 2 2 2 2 2 2 2 2 2 2 2 2 2 2 2
left_child=2 3 22 6 12 20 17 -8 -9 -7 13 29 16 14 15 -3 -4 -2 -19 -14 21 -6 28 -18 -16 26 -24 -28 -1 -5
right_child=1 10 4 11 5 9 7 8 -10 -11 -12 -13 19 -15 24 -17 23 18 -20 -21 -22 -23 25 -25 -26 -27 27 -29 -30 -31
leaf_value=-0.064162891449775786 0.033381342939224075 0.058615339074516541 -0.063010147517344336 0.069431165295199299 -0.0085174086061630388 0.42821465149838733 -0.065316497717001681 -0.012492194706742073 0.039225868640925393 0.099655817628601762 0.082927797092838457 0.015282123256647637 -0.022491876711648283 0.079325611660229209 0.25817051948578917 -0.028040321018115238 0.064846468880915997 -0.014321677910112501 0.030515040253890922 0.072045854408793381 0.063124683427078387 0.032714282118811812 -0.053909994041583781 -0.04378894551124219 0.078712899296176156 -0.078397242759874419 0.041315343951883292 0.39902965450218264 0.0099801787695885068 0.0014558359366759813
leaf_weight=58.475282601080835 298.2842007027939 118.58144065737724 214.37391980551183 420.1915020570159 187.60211956361309 3.221345050726085 244.77372047863901 353.88292400818318 194.97160533536226 30.3315435256809 1576.2238097265363 153.868044257164 44.655184373259544 214.86401088628918 3.8200672762468448 98.015608299989253 22.510023054666817 265.73460562014952 146.03117073792964 33.445858092047274 60.691549457609653 126.12016438879073 39.135686077177525 18.871770915575325 62.979074264876544 2680.0019289469346 6.9370482247322789 1.050414423458278 29.879867180250585 24.902284070849419
leaf_count=8594 1822 1520 31922 6798 4131 38 23859 7708 1844 382 31572 1323 1940 3528 78 2287 356 2737 1117 791 429 2301 6302 459 889 616693 778 10 1638 227
internal_value=-0.00366654 0.0448423 -0.0606275 0.0139867 -0.000954178 0.0263779 -0.00143189 -0.0160788 0.0058798 0.1312 0.0761167 0.0526946 -0.0343535 0.0545699 0.0358008 0.0194015 -0.0503387 0.0149391 0.00157949 0.0179928 0.0169844 0.00805823 -0.0763502 0.0153043 0.0889756 -0.0775574 -0.0297954 0.0883576 -0.0390893 0.0656281
internal_weight=7734.43 4177.12 3557.3 2102.64 741.823 407.967 1503.68 793.628 548.855 33.5529 2074.48 598.962 333.857 498.26 283.396 216.597 255.756 710.05 411.766 78.101 374.414 313.722 2815.48 41.3818 66.7991 2727.13 47.1231 7.98746 88.3551 445.094
internal_count=764073 87309 676764 47435 42749 7281 39087 33411 9552 420 39874 8348 35468 8302 4774 3807 32737 5676 3854 2731 6861 6432 634015 815 967 623783 7090 788 10232 7025
is_linear=0
shrinkage=0.08


Tree=36
num_leaves=31
num_cat=0
split_feature=13 10 7 15 4 10 13 5 7 1 0 7 15 9 9 7 7 2 4 0 15 15 13 15 10 4 4 10 7 0
split_gain=3001.75 614.754 460.591 167.166 88.7333 71.9187 55.8026 48.2346 44.6281 48.3395 48.2284 40.704 79.452 72.4159 38.9132 33.0542 31.0994 31.0538 26.9333 25.9552 23.5468 20.9063 20.8748 19.9601 16.4924 16.1504 15.5664 21.3071 15.38 10.99
threshold=0.39715391397476202 0.41666667163372045 0.68769904971122753 4.5000000000000009 0.68496242165565502 0.29166667163372045 0.65463843941688549 2.5000000000000004 0.9709441363811494 0.80901724100112926 0.91734972596168529 0.73546314239501964 6.5000000000000009 0.65895015001297008 0.80179178714752208 0.9492306411266328 0.92699080705642711 0.6900656819343568 0.68614074587821972 0.81872946023941051 3.5000000000000004 45.500000000000007 0.65463843941688549 3.5000000000000004 1.0000000180025095e-35 0.25320513546466833 0.90070420503616344 0.29166667163372045 1.0000000180025095e-35 0.52976614236831676
decision_type=2 2 2 2 2 2 2 2 2 2 2 2 2 2 2 2 2 2 2 2 2 2 2 2 2 2 2 2 2 2
left_child=2 3 20 7 5 15 14 22 9 10 -5 12 -6 -14 17 -4 29 18 -3 -19 26 -11 24 -7 -2 -25 -1 -28 -22 -9
right_child=1 6 4 8 11 23 -8 16 -10 21 -12 -13 13 -15 -16 -17 -18 19 -20 -21 28 -23 -24 25 -26 -27 27 -29 -30 -31
leaf_value=-0.041890084389276987 0.047618175218012739 -0.0084334706276658431 -0.057374348572941818 -0.030463027430183951 0.15922034154247663 0.042698401121734085 0.081338846857444025 -0.050980095480787531 0.080935653655581086 0.0099712489936923648 0.13422575968360456 0.074149503548826795 1.8554733184987802 0.38758642834561591 0.074728277425867767 0.03675329691664312 0.055494785680266993 -0.039845933889682175 0.07922208361624572 0.047215490629215262 -0.042978014427666897 -0.031573046362668875 0.068656260736998778 0.070106226899123325 -0.013331526154647095 -0.0048054038138848846 -0.048229130705922635 0.20093704879672369 -0.07803895899619849 0.0047919328669185236
leaf_weight=38.775549096986651 119.17851483915001 32.002496103290468 209.20213336357847 507.52673647645861 3.6103013809770337 87.019134976901114 1564.9452082253993 26.242150074336678 37.137390587478876 654.54489396605641 11.641365983057765 50.064342405647039 0.3717359323054551 0.51045344490557909 175.62422958016396 26.952774486504495 84.213582500815392 62.979663096833974 75.034800679888576 33.611809114925563 82.733310715761036 87.939182552974671 324.72757158428431 19.57908945158124 37.307876272592694 310.85479899309576 4.4039122122339887 4.3820397579111159 2490.7285681813955 163.47218851838261
leaf_count=6161 1091 337 28344 24216 34 698 33380 349 438 10583 96 541 39 53 2891 320 970 1759 1049 478 10113 1831 5526 536 451 9992 700 224 619013 1782
internal_value=-0.00430077 0.0424238 -0.0604138 0.0119034 -0.00316756 -0.011349 0.0746668 0.0418348 -0.00549925 -0.00804351 -0.0267702 0.0948492 0.325526 1.00612 0.0471351 -0.0466314 0.0150366 0.0233368 0.0530144 -0.00955038 -0.075881 0.00505078 0.0570895 0.00861034 0.0330872 -0.00036669 -0.0201044 0.0760438 -0.0769118 -0.00292271
internal_weight=7327.32 3998.13 3329.19 2053.93 708.165 653.608 1944.2 755.142 1298.79 1261.65 519.168 54.5568 4.49249 0.882189 379.253 236.155 273.928 203.629 107.037 96.5915 2621.02 742.484 481.214 417.453 156.486 330.434 47.5615 8.78595 2573.46 189.714
internal_count=763995 87227 676768 47333 40557 39890 39894 10169 37164 36726 24312 667 126 92 6514 28664 3101 3623 1386 2237 636211 12414 7068 11226 1542 10528 7085 924 629126 2131
is_linear=0
shrinkage=0.08


Tree=37
num_leaves=31
num_cat=0
split_feature=15 13 13 9 9 10 13 5 4 13 2 10 9 3 15 10 15 15 0 2 4 9 0 10 13 2 0 5 5 13
split_gain=2741.64 507.393 407.494 115.831 73.4099 66.6102 60.5912 54.46 42.3486 40.2368 42.4659 30.9438 32.9715 27.7628 26.2703 22.5338 20.967 39.0961 19.5206 17.8798 42.8289 40.2738 17.8658 14.3399 21.8752 30.6693 13.3801 12.1972 12.1622 12.068
threshold=6.5000000000000009 0.39715391397476202 0.65463843941688549 0.80179178714752208 0.73521250486373912 0.41666667163372045 0.33015114068984991 4.5000000000000009 0.55625879764556896 0.49991323053836828 0.98213717341423046 0.83333334326744091 0.54868108034133922 0.65451496839523327 19.500000000000004 0.58333334326744091 45.500000000000007 44.500000000000007 0.24068965017795566 0.64747309684753429 0.74352160096168529 0.44193056225776678 0.64346247911453258 0.41666667163372045 0.31113032996654516 0.60922586917877208 0.48683299124240881 12.500000000000002 10.500000000000002 0.99756097793579113
decision_type=2 2 2 2 2 2 2 2 2 2 2 2 2 2 2 2 2 2 2 2 2 2 2 2 2 2 2 2 2 2
left_child=2 4 3 6 23 7 15 -4 18 10 19 12 -8 -11 22 27 17 -15 -5 20 -3 -21 28 -2 -25 -26 -20 -1 -6 -9
right_child=1 9 5 8 14 -7 11 29 -10 13 -12 -13 -14 16 -16 -17 -18 -19 26 21 -22 -23 -24 24 25 -27 -28 -29 -30 -31
leaf_value=-0.064498848949600313 -0.076977286458932176 -0.016978447078976219 0.063319926068183735 0.057295617807655408 -0.028906395357748815 0.081530338300329089 0.028109159456564503 -0.0025261339779721606 0.070424187536006294 -0.063678242508735675 -0.076330922273269583 0.05621808373007664 -0.01163909113865026 0.0063458676872568658 -0.059238649220269571 0.0052006059174993071 -0.025519623268449924 0.066301960543332233 0.0047834924612859368 0.011056749982886929 0.12054896380758413 -0.071383240157259928 0.23839666758344621 -0.066499410222492922 0.062892746997824892 -0.080325176175416679 -0.17803993238358629 -0.010989056164536307 0.018883361232793924 0.080445445582673011
leaf_weight=129.88197359396145 2041.1054159435444 50.075529136229306 405.17311722040176 58.051460259128362 85.746857407735661 1425.4975994639099 216.49080261774361 124.52118928357959 245.84254045551643 35.713742136023939 87.241508151870221 81.847332032397389 348.67095881234854 543.94894893839955 105.28969251946546 56.752373150084168 99.538819369859993 79.820025481283665 117.51727385306731 84.695432077161968 20.394798260647804 68.677780823782086 1.8789591691456724 289.11397991934791 21.001042202115059 17.580198978073895 2.6190769327804437 34.506117052864283 56.564165821997449 12.329922094941137
leaf_count=22394 534225 1105 7014 603 7526 32971 2271 1067 3886 817 13077 1448 10985 5714 18330 3157 1063 590 1526 1887 238 10487 104 67886 653 4477 27 3851 3590 169
internal_value=-0.0039243 -0.0511668 0.0495311 0.0146283 -0.070136 0.0724537 -0.00211118 0.0485824 0.0489003 -0.00475389 -0.0289851 0.0102448 0.00358687 0.00517728 -0.0288592 -0.038262 0.00857707 0.0140181 0.0192041 -0.0105324 0.0228233 -0.0258584 -0.00667573 -0.0744833 -0.0589488 -0.00236694 0.000797783 -0.0532668 -0.00991147 0.00494939
internal_weight=6948.09 3688.39 3259.7 1292.18 2618.28 1967.52 868.15 542.024 424.03 1070.11 311.085 647.009 565.162 759.022 249.48 221.14 723.308 623.769 178.188 223.844 70.4703 153.373 144.19 2368.8 327.695 38.5812 120.136 164.388 142.311 136.851
internal_count=763138 671769 91369 50148 636791 41221 44106 8250 6042 34978 26794 14704 13256 8184 29550 29402 7367 6304 2156 13717 1343 12374 11220 607241 73016 5130 1553 26245 11116 1236
is_linear=0
shrinkage=0.08


Tree=38
num_leaves=31
num_cat=0
split_feature=7 13 3 10 10 0 3 7 10 9 7 8 5 13 5 0 15 3 3 10 7 7 15 15 8 8 3 15 2 7
split_gain=2450.35 651.023 392.169 155.187 99.6734 76.9881 60.1861 46.2385 43.7326 56.873 36.2674 35.0447 34.5596 31.7392 27.7107 31.3549 24.3448 22.3908 19.0462 21.6795 28.2545 18.2911 16.7228 16.1461 16.1226 15.6011 15.5607 15.4301 14.8965 13.3307
threshold=0.68240872025489818 0.40004926919937139 0.65281102061271679 0.41666667163372045 0.41666667163372045 0.8155706822872163 0.7743646800518037 0.84463602304458629 0.83333334326744091 0.64087966084480297 0.9709441363811494 0.61298426985740673 11.500000000000002 0.53342181444168102 11.500000000000002 0.3647450208663941 4.5000000000000009 0.52944019436836254 0.92655104398727428 0.29166667163372045 0.54592314362525951 1.0000000180025095e-35 3.5000000000000004 2.5000000000000004 0.96677702665328991 0.66849818825721752 0.83810892701148998 20.500000000000004 0.71010184288024913 0.7798304855823518
decision_type=2 2 2 2 2 2 2 2 2 2 2 2 2 2 2 2 2 2 2 2 2 2 2 2 2 2 2 2 2 2
left_child=1 16 4 5 7 10 -3 -2 9 13 12 -11 -4 -8 17 25 18 24 -1 20 -20 26 -9 -19 -6 -16 -18 -7 -10 -17
right_child=2 6 3 -5 14 27 8 22 28 11 -12 -13 -14 -15 15 29 21 23 19 -21 -22 -23 -24 -25 -26 -27 -28 -29 -30 -31
leaf_value=-0.046325460662842287 -0.060783431369952005 -0.058527532362842749 -0.0095403939078454146 0.078868895973383715 0.014991092167402567 0.062775970022854857 0.0063511423871270394 0.054292354653145559 0.24689796580321155 -0.051661296749630117 0.076309387220724709 0.035680070247519693 0.057012057457706773 0.071590270698434044 -0.038965482651822529 0.22887369056115336 -0.064483285715004002 0.053289801100566837 -0.064639501990008646 0.21051806214437388 1.118613360055607 -0.078009307113149337 -0.013741554729431196 -0.029944404924013214 0.0792730523900263 0.035195760243972592 0.011272461754964961 0.0012449067241152654 0.071557574838449906 0.078063876407436991
leaf_weight=75.96276275604032 180.97974084760062 107.99650590308011 292.0060253071133 1532.1189930993132 127.43134700180963 421.01812772080302 769.71052162256092 27.542195999994874 3.3905545244924715 170.59638506919146 47.499489098787308 35.523174677975476 60.238338536815718 50.881450255401433 23.027886579278857 3.9463693546131244 50.046812764368951 17.405281541869044 5.0611987416632456 4.1676453920081258 0.13253763690590847 2109.8154374470469 144.10094058280811 104.28149581723846 31.056815907359123 85.78264627372846 26.563741202931851 27.805748760700226 36.309609232936054 75.860209751874208
leaf_count=13233 29352 10501 3493 36084 2641 7388 14144 296 24 8525 576 544 546 534 1019 110 8842 200 974 100 2 612046 5918 2145 227 919 1674 207 565 1326
internal_value=-0.00316183 -0.0499784 0.047223 0.0636682 -0.000439698 0.0362229 -0.00161786 -0.0325714 0.00414544 0.00095976 0.0106896 -0.0366087 0.00184094 0.0103963 0.0237296 0.047435 -0.074979 0.00777079 -0.0330568 0.0746118 -0.0344444 -0.076615 -0.0028247 -0.0180391 0.0275876 0.0195008 -0.0382159 0.058964 0.0865324 0.0855213
internal_weight=6648.26 3446.16 3202.1 2380.69 821.415 848.568 1174.41 352.623 1066.41 1026.71 399.744 206.12 352.244 820.592 468.792 188.617 2271.75 280.175 85.3241 9.36138 5.19374 2186.43 171.643 121.687 158.488 108.811 76.6106 448.824 39.7002 79.8066
internal_count=764155 671708 92447 48294 44153 12210 34837 35566 24336 23747 4615 9069 4039 14678 8587 3374 636871 5213 14309 1076 976 622562 6214 2345 2868 1938 10516 7595 589 1436
is_linear=0
shrinkage=0.08


Tree=39
num_leaves=31
num_cat=0
split_feature=15 13 13 7 10 10 10 9 7 5 13 4 7 10 3 7 3 4 7 15 15 7 4 1 3 3 4 1 5 7
split_gain=2212.31 529.793 289.286 191.61 80.0995 55.9508 48.6524 48.2066 104.089 36.2036 34.8973 34.3089 29.6331 29.2969 28.6145 26.8157 24.6648 22.2941 18.0401 15.4738 31.4488 15.3741 137.144 50.6748 15.199 15.0656 13.7226 12.1184 11.6173 11.4437
threshold=5.5000000000000009 0.37842392921447759 0.65463843941688549 0.75075757503509533 0.58333334326744091 0.58333334326744091 0.41666667163372045 0.45725645124912268 0.55891487002372753 4.5000000000000009 0.31270058453083044 0.47413024306297308 0.65319725871086132 0.29166667163372045 0.91112279891967785 0.94496843218803417 0.88855791091918956 0.51668518781661998 0.9709441363811494 47.500000000000007 44.500000000000007 0.63343685865402233 0.69028213620185863 0.52240803837776195 0.61692997813224804 0.55382132530212413 0.52545297145843517 0.30068494379520422 12.500000000000002 0.64946165680885326
decision_type=2 2 2 2 2 2 2 2 2 2 2 2 2 2 2 2 2 2 2 2 2 2 2 2 2 2 2 2 2 2
left_child=2 3 4 21 10 7 9 19 -9 -4 12 27 -1 18 -10 16 -12 -7 -5 20 -3 -2 26 -24 -15 -19 -23 -6 -26 -27
right_child=1 5 6 13 11 17 -8 8 14 -11 15 -13 -14 24 -16 -17 -18 25 -20 -21 -22 22 23 -25 28 29 -28 -29 -30 -31
leaf_value=-0.074185951520736038 -0.078064416724467497 0.0018718940825950556 0.063554730042767307 -0.048500869003865334 0.030211116648168793 -0.092184385424590301 0.080692335051024897 -0.071702105512970432 -0.017110361067925985 0.012948295809313145 -0.015237021604368088 0.067007352506239001 0.00093790108732370631 0.00050988846710842302 0.025387344399555464 0.066269261074931654 0.02112223168635886 -0.055765030451680485 0.081855203283063255 -0.047806066247095387 0.048401229522296835 -0.07330152632265044 0.27149939460966421 1.0902103859407473 0.013745661295034559 -0.018344804047910002 0.0094882543101891623 -0.027953936745488153 0.11888821369587677 0.081319517834520988
leaf_weight=63.302186453016475 1845.255029701395 414.66329868929461 346.21594162657857 113.50744435191154 75.079914118163288 6.2538651111535719 1209.1670677810907 194.09562369599007 270.7821998258587 122.47977997735143 210.34966892725788 232.41481031384319 71.631013199221343 174.41912565845996 162.10119859455153 51.199097376316786 276.18375619174913 6.3037707130424669 7.2270900681614867 28.890086211264133 119.83405409939587 136.92335771489888 4.4538655593059948 0.54281987715512503 13.770507335662844 8.1141139054670912 14.136249585309995 33.000862386543304 13.146240485366432 80.767804480157793
leaf_count=14946 574817 4268 6745 13788 963 45 32494 32875 8667 1158 7078 5494 1959 4831 1831 613 4428 92 54 384 902 38449 239 39 270 409 3238 656 138 1268
internal_value=-0.00309213 -0.0439732 0.0518285 -0.066809 0.0180739 -0.00290184 0.072211 -0.00776209 -0.023023 0.0503302 0.00207011 0.0496901 -0.0343055 -0.00953979 -0.00119631 0.0111978 0.00540254 0.0541318 -0.0406978 0.00922136 0.0123037 -0.0760253 -0.0519143 0.360441 0.00914468 0.0637451 -0.065554 0.0124513 0.0650977 0.0722211
internal_weight=6306.21 3615.19 2691.02 2323.38 1013.16 1291.81 1677.86 1190.37 626.979 468.696 672.666 340.496 134.933 322.07 432.883 537.733 486.533 101.44 120.735 563.387 534.497 2001.31 156.056 4.99669 201.336 95.1857 151.06 108.081 26.9167 88.8819
internal_count=763138 686604 76534 635863 36137 50741 40397 48927 43373 7903 29024 7113 16905 19081 10498 12119 11506 1814 13842 5554 5170 616782 41965 278 5239 1769 41687 1619 408 1677
is_linear=0
shrinkage=0.08


Tree=40
num_leaves=31
num_cat=0
split_feature=7 13 4 10 10 0 9 9 8 7 13 15 9 4 1 7 15 15 15 0 5 15 1 5 10 3 13 9 1 8
split_gain=1984.56 590.673 369.57 145.887 70.3912 62.4836 51.0404 59.6643 39.9598 38.7322 29.521 26.4011 26.0343 23.7786 35.3925 23.4381 21.5472 60.3028 31.2911 19.8067 25.4857 18.9937 18.7204 16.5606 14.547 18.7076 17.6278 12.9093 12.6671 12.5642
threshold=0.68240872025489818 0.40004926919937139 0.69309264421463024 0.41666667163372045 0.29166667163372045 0.89059829711914074 0.61346963047981273 0.74017333984375011 0.870479315519333 0.9709441363811494 0.53342181444168102 4.5000000000000009 0.6535596251487733 0.49590164422988897 0.24068965017795566 1.0000000180025095e-35 44.500000000000007 45.500000000000007 14.500000000000002 0.18321678787469867 12.500000000000002 3.5000000000000004 0.89059829711914074 2.5000000000000004 0.58333334326744091 0.92225828766822826 0.43652808666229254 0.51998367905616771 0.65058138966560375 0.30317392945289617
decision_type=2 2 2 2 2 2 2 2 2 2 2 2 2 2 2 2 2 2 2 2 2 2 2 2 2 2 2 2 2 2
left_child=1 15 4 5 8 9 11 10 28 22 -8 -3 -12 14 -6 23 18 -18 -13 -15 -21 29 -4 -1 25 26 -5 -7 -2 -17
right_child=2 6 3 24 13 27 7 -9 -10 -11 12 16 -14 19 -16 21 17 -19 -20 20 -22 -23 -24 -25 -26 -27 -28 -29 -30 -31
leaf_value=0.018939147093681143 -0.056406375286124355 0.042512177949414393 0.0029317289848238034 0.12622151441771956 0.036186791745319732 -0.083849254819391122 -0.062620832874551641 0.047498488408820726 0.022408038729330934 0.077567063269968206 0.047226724190157977 0.011650040451509445 -0.036158269064774859 -0.070116590502841386 -0.021588621191014741 0.11735727736063636 0.083439858929967012 -0.01707628857705042 -0.028397075892619944 0.019055391010961566 0.078639789977600058 -0.077287251197891871 0.0994490924478834 -0.059062827915600274 0.081164719576594796 0.077155555960465957 0.016763124943996188 0.06194899949013629 0.050838713035781552 -0.036498076999147568
leaf_weight=27.492415505461395 202.26209352025762 127.94062972115353 386.58765253098682 10.722456691786645 107.31696996139362 3.9324981719255439 177.23807890038006 56.595397519646212 57.909989030100405 55.312559723854065 34.868951287120581 299.9765054716263 76.620043019764125 10.878447703085838 184.55946808680892 3.7291390704922369 70.673038230743259 83.129630667623132 213.91600770922378 126.17862334148958 72.247935239924118 1842.6638776410837 13.303885936737059 47.54681898932904 1119.5031875735149 140.15015962347388 77.298772530630231 333.47113125957549 7.3031045212410381 38.135830369312316
leaf_count=3163 30171 1297 3854 107 2783 44 18136 1235 928 797 459 4097 1210 232 6878 405 696 1732 5919 2263 1098 618710 191 7425 31221 3876 1338 6582 70 6718
internal_value=-0.00315662 -0.0476867 0.0443063 0.0613947 -0.00327543 0.0341598 -0.0019262 -0.0276099 -0.0364144 0.0148216 -0.0423324 0.00922104 -0.010079 0.0144105 -0.000345789 -0.0743308 0.00284194 0.0291113 -0.00502021 0.0349881 0.0407503 -0.0760767 0.00614274 -0.0304849 0.0774124 0.0590019 0.030097 0.0602497 -0.052669 -0.0227933
internal_weight=6009.47 3100.53 2908.94 2140.28 768.657 792.608 1140.96 345.322 267.475 455.204 288.727 795.636 111.489 501.181 291.876 1959.57 667.695 153.803 513.893 209.305 198.427 1884.53 399.892 75.0392 1347.67 228.171 88.0212 337.404 209.565 41.865
internal_count=763635 671202 92433 48010 44423 11468 34781 21040 31169 4842 19805 13741 1669 13254 9661 636421 12444 2428 10016 3593 3361 625833 4045 10588 36542 5321 1445 6626 30241 7123
is_linear=0
shrinkage=0.08


Tree=41
num_leaves=31
num_cat=0
split_feature=7 13 3 10 7 10 3 0 15 8 0 10 8 15 7 7 7 3 5 9 5 8 15 8 1 3 1 7 1 9
split_gain=1766.29 537.852 354.233 125.405 93.472 55.1909 49.2782 43.355 38.3142 35.2675 30.7776 24.8874 26.3559 23.2536 20.7483 20.7151 20.3937 22.4486 18.7042 18.4761 28.4819 21.6628 18.1533 15.8183 13.8319 13.6817 13.3564 13.177 13.0606 12.1949
threshold=0.68240872025489818 0.39715391397476202 0.72965896129608165 0.41666667163372045 0.9396781623363496 0.29166667163372045 0.74286627769470226 0.83047896623611461 13.500000000000002 0.37688747048377996 0.42020373046398168 0.83333334326744091 0.38364128768444067 4.5000000000000009 0.98270881175994884 1.0000000180025095e-35 0.54295176267623912 0.82265600562095653 3.5000000000000004 0.84201759099960338 11.500000000000002 0.74099972844123851 44.500000000000007 0.97793999314308178 0.88067796826362621 0.78261634707450878 0.87570226192474376 0.85814890265464794 0.59491634368896495 0.59484562277793895
decision_type=2 2 2 2 2 2 2 2 2 2 2 2 2 2 2 2 2 2 2 2 2 2 2 2 2 2 2 2 2 2
left_child=1 13 4 7 5 24 -3 14 11 22 23 12 -8 16 26 25 -1 29 -19 20 -7 -21 -10 -6 27 -15 -4 -2 -13 -18
right_child=2 6 3 -5 10 19 8 -9 9 -11 -12 28 -14 15 -16 -17 17 18 -20 21 -22 -23 -24 -25 -26 -27 -28 -29 -30 -31
leaf_value=-0.053089065968355553 -0.059852136345378774 -0.063870657827487687 0.0043348913842908713 0.078273925771381161 0.0031379104338854452 -0.029608230662493552 0.023465223039870291 0.054036819801639178 -0.019055432228939854 -0.052864451821250824 0.066502441308546753 -0.038774367190529513 -0.012020994901219526 -0.062634834584188864 0.078838980727217484 -0.077480834014991298 0.25206906116629391 0.0047862555848389729 0.40318075151380767 0.10295329351728462 0.027451367990680344 0.012669048323182249 0.018691892360734368 0.049849142879911809 0.13211067148050959 0.013103708297135775 0.087843461798047431 -0.022007039033590151 0.097656737654409118 -0.019018545251664864
leaf_weight=56.985816093627363 169.76769557828084 81.191420203773305 285.67713726405054 1162.5456949479412 157.08586731925607 144.17649004375562 350.73373950016685 374.80190646275878 192.41717367200181 125.07815706171095 125.19332477170974 5.2440482557285568 216.71327142091468 36.068449880927801 28.96232071146369 1668.5862685993779 1.157167623052376 1.2752095554023974 1.8460167977027593 22.553549014497548 91.53160065272823 69.182613555341959 141.50112285325304 65.846724115312099 2.797669254243373 26.464777113869786 12.807182073593138 90.147904146462679 31.261598398210481 12.918307343497871
leaf_count=12145 27391 9718 2689 34463 1563 7114 2521 7426 2066 14324 2674 73 7236 7792 419 609519 150 57 54 533 3180 741 1156 560 29 2382 195 3775 505 1720
internal_value=-0.00349498 -0.0467105 0.041977 0.06215 0.00188433 -0.0175088 -0.0037977 0.0354573 0.000790866 -0.0166316 0.0347604 0.0140317 0.00991271 -0.0739072 0.0141909 -0.0757867 -0.0300467 0.0463101 0.240413 0.00440471 -0.0074505 0.0348656 -0.00305964 0.0169348 -0.0448217 -0.0305814 0.00791803 -0.0467261 0.0780584 0.00326801
internal_weight=5752.52 2949.44 2803.08 1864.79 938.283 590.158 1144.14 702.249 1062.95 458.996 348.126 603.953 567.447 1805.3 327.447 1731.12 74.1825 17.1967 3.12123 327.444 235.708 91.7362 333.918 222.933 262.713 62.5332 298.484 259.916 36.5056 14.0755
internal_count=764170 671418 92752 45192 47560 42763 37599 10729 27881 17546 4797 10335 9757 633819 3303 619693 14126 1981 111 11568 10294 1274 3222 2123 31195 10174 2884 31166 578 1870
is_linear=0
shrinkage=0.08


Tree=42
num_leaves=31
num_cat=0
split_feature=13 10 7 13 15 9 3 4 5 2 4 8 2 15 3 7 0 5 15 7 3 4 7 8 13 8 7 15 4 2
split_gain=1628.17 452.848 368.495 156.302 63.0544 46.0807 54.9295 41.7229 30.292 29.8686 26.8814 23.2937 22.0872 21.8114 18.4844 21.7281 17.3515 22.7232 15.3766 18.4751 52.1954 17.5383 14.5235 14.1411 14.3229 13.8546 13.3833 19.7398 12.7626 11.8251
threshold=0.38503368198871618 0.58333334326744091 0.66506412625312816 0.78267124295234691 17.500000000000004 0.84201759099960338 0.76799523830413829 0.68496242165565502 4.5000000000000009 0.63224515318870556 0.53001201152801525 0.99790793657302868 0.69282051920890819 3.5000000000000004 0.75556775927543651 0.83405795693397533 0.3312236368656159 12.500000000000002 7.5000000000000009 0.53863716125488292 0.86142602562904369 0.66145834326744091 0.91905540227890026 0.30722039937973028 0.30640345811843878 0.54880884289741527 0.76071646809577953 6.5000000000000009 0.52545297145843517 0.63564214110374462
decision_type=2 2 2 2 2 2 2 2 2 2 2 2 2 2 2 2 2 2 2 2 2 2 2 2 2 2 2 2 2 2
left_child=2 3 18 5 7 6 12 11 -5 -8 22 13 -2 -4 15 29 -12 -18 19 23 21 -21 -6 24 -1 -22 27 -9 -17 -3
right_child=1 14 4 8 10 -7 9 26 -10 -11 16 -13 -14 -15 -16 28 17 -19 -20 20 25 -23 -24 -25 -26 -27 -28 -29 -30 -31
leaf_value=-0.06091257539493284 -0.010734296596777831 0.081061280855764958 0.033997245554627513 0.063381506486589703 -0.070011924355830035 0.048830743595497536 0.066553996938676474 0.10005936388559215 0.019617022538637393 0.0012163546633367636 -0.064089611272828764 0.05693408317132357 -0.0600669973824422 -0.011785053748561326 0.080869128327822296 -0.016697960551678433 -0.019490935780431245 0.12510201258962161 -0.077417764756035554 -0.050647204664074352 0.71073097684088526 0.10634058146617299 0.011214825614148716 -0.07600382065424556 0.072386323661283142 0.24330566202851217 0.06277231240544634 0.34236241401895717 0.071728085771067832 -0.053161366778851193
leaf_weight=12.219991723075511 103.47388769779354 5.5259497580118504 85.019456266891211 372.56653068587184 123.80755881336518 118.57184383505955 46.47054875921458 7.4918876858428103 138.97711741924286 1229.6382969722617 12.783118496183304 48.44139951467514 132.40789262251928 307.38980362238362 921.39664891688153 11.507110539823769 14.804963833419608 13.12034408119507 1456.0688792909496 23.915860430803157 0.69920799462124594 5.6258099146652958 15.897102695424108 111.23480235622264 8.9280695600900781 0.9672366336453706 26.157011551782489 3.0189122178126127 113.30199576728046 17.518017342314124
leaf_count=3305 2481 61 1012 9639 29509 1615 570 67 1713 33219 645 400 13686 16882 29619 75 1090 439 571440 5913 33 672 768 34955 342 16 378 69 3012 405
internal_value=-0.00255886 0.0341346 -0.0542959 0.01291 -0.00380776 0.00080608 -0.00296006 0.0114151 0.0514915 0.00359568 -0.0440997 0.00459518 -0.0384263 -0.00186585 0.0766556 0.0503977 0.0131067 0.0484442 -0.074805 -0.0515498 0.00382155 -0.020751 -0.0607691 -0.0646032 -0.00463783 0.439428 0.0934098 0.169654 0.0635754 -0.0209747
internal_weight=5488.95 3211.36 2277.59 2142.11 657.932 1630.56 1511.99 477.518 511.544 1276.11 180.413 440.851 235.882 392.409 1069.25 147.853 40.7084 27.9253 1619.66 163.591 31.2081 29.5417 139.705 132.383 21.1481 1.66644 36.6678 10.5108 124.809 23.044
internal_count=764030 96095 667935 62923 51259 51571 49956 18808 11352 33789 32451 18294 16167 17894 33172 3553 2174 1529 616676 45236 6634 6585 30277 38602 3647 49 514 136 3087 466
is_linear=0
shrinkage=0.08


Tree=43
num_leaves=31
num_cat=0
split_feature=15 13 13 7 9 3 10 10 8 13 2 4 3 10 7 3 4 13 10 3 1 3 9 8 1 10 1 8 4 7
split_gain=1456.33 376.674 240.606 169.372 63.043 47.4573 45.3879 40.3095 37.3246 30.9424 45.7785 26.8713 25.7478 24.2713 22.2029 21.9068 21.1872 18.099 17.5321 16.4822 15.6094 15.3809 15.1569 31.6118 48.0241 13.1497 19.0742 18.8306 12.617 12.4962
threshold=5.5000000000000009 0.36075492203235632 0.72869884967803966 0.75075757503509533 0.83436289429664623 0.92655104398727428 0.41666667163372045 0.83333334326744091 0.7697085738182069 0.49991323053836828 0.9941176474094392 0.55625879764556896 0.85909903049469005 0.29166667163372045 0.97687783837318432 0.65451496839523327 0.64075469970703136 0.44490455090999609 1.0000000180025095e-35 0.61581933498382579 0.90070420503616344 0.48595099151134497 0.84201759099960338 0.70623460412025463 0.2237871661782265 0.29166667163372045 0.38757823407649999 0.85786435008049022 0.45773810148239141 0.56148993968963634
decision_type=2 2 2 2 2 2 2 2 2 2 2 2 2 2 2 2 2 2 2 2 2 2 2 2 2 2 2 2 2 2
left_child=2 3 4 22 5 8 20 9 19 10 12 21 -3 18 15 -11 -9 -15 -7 -1 -4 -6 -2 -24 -25 27 -27 -5 -10 -18
right_child=1 7 6 25 11 13 -8 16 28 14 -12 -13 -14 17 -16 -17 29 -19 -20 -21 -22 -23 23 24 -26 26 -28 -29 -30 -31
leaf_value=-0.053536542312878146 -0.076006862199489322 -0.034156915420138378 0.023456991546156655 -0.049603577192358424 0.053916067652960989 0.024590724417288552 0.079809628425754994 -0.024844302049985834 -0.010990613046429301 -0.068149351950599193 -0.076565151525398348 0.067649545824829849 0.014747616469229419 0.17923157534973844 0.082873016267397501 -0.0010738633718677898 -0.071406760262101243 0.057863031336463477 -0.075857964523260782 -0.013350018465003687 0.058646141297560669 -0.0031959211108345447 -0.020042355895587956 1.6184396582987577 0.16544233527932389 -0.002618952894275921 0.10051698303912071 0.035988126418593502 0.043999292372254153 0.079637351847107976
leaf_weight=85.454684543190524 1431.7650360020343 159.32518286653794 129.65633533149958 79.136770481942222 50.09951104153879 170.33416303293779 852.05705454386771 19.62294819811359 38.118220000062138 32.488214085809886 97.796244339784607 180.59456240385771 121.40043117990717 9.1047758944332582 19.370996817946434 763.63060227967799 3.7300679213367394 57.684618680737913 11.897238438250495 277.19271432468668 213.56535252556205 75.900849644560367 9.3487424370832706 0.18831566465087313 0.64155343896709383 177.84298024885356 12.268098867032675 20.767573403194547 89.173819775693119 58.224382185377181
leaf_count=10646 598154 24924 1701 13079 455 3211 30894 181 364 822 24188 4072 7196 232 299 7836 348 998 205 15936 5568 733 2714 27 99 4793 358 655 1491 1182
internal_value=-0.00342337 -0.0397987 0.0453979 -0.0640957 0.0173694 0.00471605 0.0699155 -0.00680882 -0.0097376 -0.0105261 -0.0294289 0.0478669 -0.013008 0.0331531 -0.00175202 -0.0038111 0.0475985 0.0744081 0.0180328 -0.0228196 0.045353 0.0195126 -0.0753153 0.0219624 0.49516 -0.00831229 0.00403653 -0.0318112 0.0275323 0.0705435
internal_weight=5248.38 3007.55 2240.83 1731.96 1045.56 738.96 1195.28 1275.59 489.939 1194.01 378.522 306.595 280.726 249.021 815.49 796.119 81.5774 66.7894 182.231 362.647 343.222 126 1441.94 10.1786 0.829869 290.015 190.111 99.9043 127.292 61.9545
internal_count=763361 686855 76506 619879 38343 33083 38163 66976 28437 65265 56308 5260 32120 4646 8957 8658 1711 1230 3416 26582 7269 1188 600994 2840 126 18885 5151 13734 1855 1530
is_linear=0
shrinkage=0.08


Tree=44
num_leaves=31
num_cat=0
split_feature=15 13 13 7 9 3 10 7 5 4 7 8 7 10 5 3 8 10 7 10 1 15 15 3 9 7 4 1 8 7
split_gain=1279.66 326.27 307.846 115.028 70.2823 57.8454 57.3079 41.0647 33.898 32.6324 26.606 27.9163 83.683 23.3122 22.7441 22.6254 18.6869 18.1552 18.0999 16.4724 14.9542 12.0285 36.2925 11.8606 10.7467 13.4418 10.6218 10.5266 10.3775 9.41091
threshold=7.5000000000000009 0.72869884967803966 0.36367270350456243 0.72240144014358532 0.80179178714752208 0.80086025595664989 0.41666667163372045 0.6072751283645631 5.5000000000000009 0.55625879764556896 0.9656645953655244 0.32799692451953893 0.55891487002372753 0.83333334326744091 11.500000000000002 0.91112279891967785 0.26108804345130926 0.83333334326744091 0.91905540227890026 0.29166667163372045 0.30068494379520422 46.500000000000007 44.500000000000007 0.40484943985939031 0.53193199634552013 0.87888437509536754 0.44315245747566229 0.38165266811847692 0.69592735171318065 0.98270881175994884
decision_type=2 2 2 2 2 2 2 2 2 2 2 2 2 2 2 2 2 2 2 2 2 2 2 2 2 2 2 2 2 2
left_child=1 4 3 -2 5 7 8 -1 24 20 11 21 -13 16 -9 -14 -7 -11 19 -5 28 22 -4 -22 25 -3 -12 -21 -6 -10
right_child=2 6 10 18 9 13 -8 14 29 17 26 12 15 -15 -16 -17 -18 -19 -20 27 23 -23 -24 -25 -26 -27 -28 -29 -30 -31
leaf_value=-0.067593392372239769 -0.076222944109001461 -0.28806022809091042 -0.0062439041294167306 -0.054860183598885864 0.12567233397147809 0.027112878787151264 0.079519772809100706 -0.026782426745254717 -0.0051990004909283826 0.035333195296884667 -0.1341478764781403 -0.073044780675778215 -0.01597414205778672 0.067259319289684164 0.022291524218688359 0.031349223441491082 -0.0030609787878122558 0.079092169679324892 0.019035728042109526 -0.017052135242198358 0.20998952477174218 -0.034656773302766342 0.048563403549517804 -0.021914520659319085 0.058573201382408402 0.084754470372853621 0.075838580397109459 0.059929780758447924 0.023761700833804311 0.066989180677053867
leaf_weight=108.98057541646995 1266.1945697490592 1.2870389707386487 333.21875733160414 82.792753954650834 6.7904223990626624 221.61481502233073 809.25185552611947 168.54592286772095 94.231237605214119 124.46131466282532 1.6283147763460899 155.11625583306886 195.84072903217748 48.230123153422028 94.23842801596038 96.527979644248262 322.53404722316191 118.41058915387839 69.396299573592842 68.971324095036834 1.4412347332108755 50.834979507606477 100.69094231328927 68.345568397315219 260.4151032269001 1.1923492997884748 28.975646978244185 13.611788527108727 109.78671961301006 13.173737287521361
leaf_count=33036 576355 25 4630 17240 505 1829 31469 5089 845 1835 17 40767 8499 1306 2316 1054 15998 3582 1399 4780 22 731 804 1211 6710 25 375 593 914 236
internal_value=-0.00283068 0.0366288 -0.0440379 -0.0666867 0.0104175 -0.00157077 0.0675916 -0.0263062 0.0415238 0.0373453 -0.00873066 -0.0111402 -0.0255489 0.0139527 -0.00918377 -0.000349936 0.00922789 0.0566676 -0.0152547 -0.0296439 0.0121642 0.002161 0.00647441 -0.0171252 0.056995 -0.108772 0.064666 -0.00436357 0.0296978 0.00365523
internal_weight=5036.73 2572.93 2463.8 1500.97 1393.38 964.144 1179.55 371.765 370.299 429.236 962.834 932.23 447.485 592.379 262.784 292.369 544.149 242.872 234.772 165.376 186.364 484.745 433.91 69.7868 262.894 2.47939 30.604 82.5831 116.577 107.405
internal_count=764197 106953 657244 600367 67643 59574 39310 40441 7841 8069 56877 56485 50320 19133 7405 9553 17827 5417 24012 22613 2652 6165 5434 1233 6760 50 392 5373 1419 1081
is_linear=0
shrinkage=0.08


Tree=45
num_leaves=31
num_cat=0
split_feature=15 13 13 7 10 10 3 9 10 9 7 4 10 5 0 4 4 4 4 13 7 1 7 15 15 15 4 0 7 7
split_gain=1152.08 358.841 218.983 169.833 49.6395 44.69 36.6043 34.0258 31.5191 38.4099 96.539 30.1802 22.3798 20.873 19.6566 19.6202 18.7774 18.7144 15.4453 14.1982 16.0914 12.3483 11.2088 10.8596 43.383 21.1876 10.3153 9.73514 10.8414 9.0028
threshold=5.5000000000000009 0.36075492203235632 0.72869884967803966 0.72240144014358532 0.58333334326744091 0.41666667163372045 0.92225828766822826 0.84201759099960338 0.83333334326744091 0.45725645124912268 0.56847450137138378 0.5524578094482423 0.41666667163372045 5.5000000000000009 0.85053193569183361 0.96720427274703991 0.96225070953369152 0.64075469970703136 0.25320513546466833 0.076471496373415007 0.5170399844646455 0.85053193569183361 0.56148993968963634 44.500000000000007 45.500000000000007 29.500000000000004 0.53001201152801525 0.69309264421463024 0.86989709734916698 0.63343685865402233
decision_type=2 2 2 2 2 2 2 2 2 2 2 2 2 2 2 2 2 2 2 2 2 2 2 2 2 2 2 2 2 2
left_child=2 3 4 29 6 13 7 16 9 23 -11 -6 27 -4 -12 -8 -1 -10 -14 -13 -21 -15 -17 25 -25 -3 -20 28 -5 -2
right_child=1 8 5 12 11 -7 15 -9 17 10 14 19 18 21 -16 22 -18 -19 26 20 -22 -23 -24 24 -26 -27 -28 -29 -30 -31
leaf_value=-0.028891799381294107 -0.077498569886806798 0.0097601358494302567 0.055825475009645492 -0.052721159126789409 0.011893230259921155 0.079158942396083176 0.069064672277902028 0.034301314245489191 -0.024169726986927615 -0.069948349884954311 -0.011270642548951744 1.2395621604326672 0.10650402168886655 0.018034876199000464 0.027051098007580411 0.0043694968937140954 0.021426463632244094 0.067906688539962762 -0.0064732444530420739 -0.024609908847787743 0.067775131328132537 -0.10146805568935442 0.04901801885924862 0.071467281807109165 -0.015382672675201528 -0.036358622355477321 0.042834200941270516 0.16828102625488825 -0.0073247145514129478 -0.050405037861012268
leaf_weight=297.49214029405266 1136.1696163914166 330.37498377496377 231.63649007678032 84.148066678550094 127.71691471291706 732.26083942316473 58.886923880781978 89.69053609855473 18.699779697228223 183.83210350619629 307.20591198094189 0.065508516971020891 10.162358092842622 81.168621622025967 118.78746225032955 137.21590824867599 56.474278948269784 57.775579888839275 119.87580792792141 12.930499305715783 180.50997878913768 5.9387595392763606 48.77738880366087 70.587170973420143 76.923076571431011 78.998667347244918 35.106672933558002 1.5308572053909291 56.124401934444904 84.31726212776266
leaf_count=22789 559935 3494 6401 18411 2125 30876 1101 1127 179 47383 9772 5 206 843 1360 2869 1531 1563 3170 1209 5064 82 585 477 1017 1712 372 7 3513 34799
internal_value=-0.00258344 -0.036275 0.0427135 -0.062249 0.0161078 0.0682751 0.00399253 -0.00971141 -0.00436205 -0.00762333 -0.0214944 0.0420768 -0.00905609 0.0432714 -0.000584696 0.0288204 -0.0208637 0.0453921 0.0109608 0.0619984 0.0615997 0.00988747 0.0160787 0.00756641 0.0261771 0.000860392 0.00469589 -0.0323678 -0.0345576 -0.0756268
internal_weight=4831.38 2770.62 2060.76 1527.44 1009.76 1051 688.537 443.657 1243.18 1166.71 609.825 321.223 306.948 318.744 425.993 244.88 353.966 76.4754 165.145 193.506 193.44 87.1074 185.993 556.884 147.51 409.374 154.982 141.803 140.272 1220.49
internal_count=763977 687370 76607 620413 38405 38202 30002 25447 66957 65215 58515 8403 25679 7326 11132 4555 24320 1742 3748 6278 6273 925 3454 6700 1494 5206 3542 21931 21924 594734
is_linear=0
shrinkage=0.08


Tree=46
num_leaves=31
num_cat=0
split_feature=15 13 7 13 10 9 10 4 10 7 9 7 5 0 8 4 0 0 4 15 7 13 7 9 4 2 0 0 5 2
split_gain=1029.04 380.027 203.638 137.52 50.0187 37.0443 35.7203 31.9479 29.6005 27.5769 31.7934 69.2574 21.878 21.8075 19.9945 19.2325 17.3868 16.8844 15.9303 12.3077 12.2247 11.6762 10.7507 10.6865 10.2305 9.9947 9.08804 11.0016 9.08638 13.5635
threshold=4.5000000000000009 0.37842392921447759 0.68240872025489818 0.72869884967803966 0.58333334326744091 0.83436289429664623 0.41666667163372045 0.75716626644134533 0.41666667163372045 0.97687783837318432 0.45725645124912268 0.55891487002372753 8.5000000000000018 0.87585616111755382 0.74099972844123851 0.50423729419708263 0.50287356972694408 0.42933948338031774 0.25320513546466833 45.500000000000007 0.87888437509536754 0.33015114068984991 1.0000000180025095e-35 0.70425623655319225 0.47413024306297308 0.97014260292053234 0.5604878067970277 0.5646599829196931 5.5000000000000009 0.66260164976120006
decision_type=2 2 2 2 2 2 2 2 2 2 2 2 2 2 2 2 2 2 2 2 2 2 2 2 2 2 2 2 2 2
left_child=3 2 22 5 9 13 12 8 20 10 19 -12 -5 14 23 -7 28 -9 -10 -3 -4 -19 26 -1 -16 -15 -2 -28 -6 -30
right_child=1 4 7 6 16 15 -8 17 18 -11 11 -13 -14 25 24 -17 -18 21 -20 -21 -22 -23 -24 -25 -26 -27 27 -29 29 -31
leaf_value=-0.0046358951191472183 -0.075771820965008452 0.01009525015307907 -0.052510777438202351 0.053687258538845616 -0.071731526723938496 0.018989037418145355 0.078868938751261525 0.02151210438576498 0.086764757385861049 0.067405070071516041 -0.065837402740027862 -0.0049743457697514169 -0.01048358961737671 0.082753447955262308 -0.010194750687679553 0.068296714232231687 0.063940819797618828 0.37618284200388907 0.00030659996699047967 -0.024563574655346084 -0.009755579206396043 0.13719208775279401 -0.076416997084193153 -0.046291504983199755 0.044237893488999688 0.026776114976823497 0.35436289542264027 -0.0075362661328656592 0.060513639752209525 -0.066780333245284013
leaf_weight=202.8902580216527 17.738583169411868 530.26016364060342 119.85240524006076 225.92873169481754 8.9438735598232579 80.836631519719958 645.40868142805994 5.64995926665142 14.598486863542346 32.341640084981918 157.60896736942232 496.92196081229486 40.026683170348406 24.217465501511469 31.094850304536521 135.47352681355551 95.98795927176252 1.9319340977817772 207.57883802149445 74.827028005383909 66.573155045043677 4.0533194486051798 1124.4721424386371 48.91895927186124 76.377036331221461 129.97528168815188 0.55207504914142447 20.506791669176891 17.720900564454499 7.6784531299490473
leaf_count=14903 5352 5046 30647 6063 82 709 29382 64 318 578 34161 11935 412 524 318 3558 3011 24 5451 859 3322 41 597732 1414 1360 2340 142 3728 270 191
internal_value=-0.00296904 -0.0307865 -0.0577453 0.0479792 -0.000771831 0.0221002 0.068702 -0.0100142 -0.0137364 -0.00553682 -0.00740966 -0.01963 0.0440295 0.0104016 -0.000399006 0.0498701 0.046463 0.120701 0.00598746 0.00580923 -0.0372428 0.214334 -0.0749884 -0.0127283 0.0284889 0.0355679 -0.0335845 0.00195121 -0.00238682 0.0220315
internal_weight=4646.95 3005.8 1583.51 1641.15 1422.29 729.784 911.364 420.238 408.603 1291.96 1259.62 654.531 265.955 513.474 359.281 216.31 130.331 11.6352 222.177 605.087 186.426 5.98525 1163.27 251.809 107.472 154.193 38.7974 21.0589 34.3432 25.3994
internal_count=763937 702954 646821 60983 56133 25126 35857 39867 39738 52579 52001 46096 6475 20859 17995 4267 3554 129 5769 5905 33969 65 606954 16317 1678 2864 9222 3870 543 461
is_linear=0
shrinkage=0.08


Tree=47
num_leaves=31
num_cat=0
split_feature=15 13 13 7 15 11 3 7 2 2 13 2 5 2 3 5 7 7 9 7 3 2 7 0 5 7 3 9 3 5
split_gain=915.555 303.868 254.727 73.5341 58.8794 38.4161 33.9339 50.3908 45.2102 27.4548 21.2248 26.4321 20.7039 25.5822 24.8017 20.4572 19.9396 18.8961 18.8455 14.9658 13.6162 14.7173 12.4677 12.4414 12.7833 13.3186 11.2784 10.9506 10.2318 10.056
threshold=9.5000000000000018 0.72869884967803966 0.36367270350456243 0.76986128091812145 3.5000000000000004 1.0000000180025095e-35 0.85909903049469005 0.61951711773872387 0.6900656819343568 0.64565756916999828 0.49991323053836828 0.96824595332145702 12.500000000000002 0.63702240586280834 0.89333844184875499 5.5000000000000009 0.56345811486244213 1.0000000180025095e-35 0.61622634530067455 0.91905540227890026 0.92225828766822826 0.7228132188320161 1.0000000180025095e-35 0.48528139293193823 13.500000000000002 0.67806351184844982 0.9487842619419099 0.87159258127212536 0.52587759494781505 4.5000000000000009
decision_type=2 2 2 2 2 2 2 2 2 2 2 2 2 2 2 2 2 2 2 2 2 2 2 2 2 2 2 2 2 2
left_child=1 4 3 27 16 15 7 17 -9 -8 11 12 14 -14 -4 -3 18 -6 29 -5 21 -18 -11 -12 -25 -26 -17 -2 -29 -1
right_child=2 5 10 19 6 -7 9 8 -10 22 23 -13 13 -15 -16 26 20 -19 -20 -21 -22 -23 -24 24 25 -27 -28 28 -30 -31
leaf_value=0.040455178710616081 -0.076289778644601167 0.051589467814454761 -0.047781706083896147 -0.033045698358401425 0.015692808561251732 0.072448312979494847 0.085801607130611884 0.0077041698056929796 -0.062927689974254436 0.020909767810133279 -0.055154787389439741 -0.073043647552158225 0.10008245220529499 -0.070453067760681151 0.014289915152441988 0.0085227711169463989 0.04131746160782522 -0.067687083273337265 -0.048216325921839158 0.021484723150179224 0.071251131051355165 -0.0043745440642631705 -0.0060443727944414476 0.00066664702765112133 0.0048135852887502446 0.16625363397182583 -0.14852077271834213 0.23505645344777268 -0.10620047575283335 -0.026028290574070474
leaf_weight=56.116994332289323 999.10931697033811 175.42813281156123 106.62664533534553 97.701281717978418 20.094052330823615 745.67483151890337 30.533384394948371 384.84327281464357 68.290045375470072 218.3168110596016 24.922751694452018 62.817451570881531 19.545389601727951 7.9073187005706123 67.13876168243587 75.278445396572351 220.55904147913679 129.5136988570448 34.368109565693885 48.05332665797323 70.926970618776977 56.717427728231996 221.01321520202328 491.75029151048511 6.9622422736138088 6.1678693201392889 3.045145370066165 1.3914989146869623 0.94361178297549475 19.662153836339712
leaf_count=2277 560850 5101 19954 11874 704 33781 1153 11897 780 1337 708 20076 322 2585 3105 768 4303 54562 3462 1196 1654 748 13419 5404 236 84 38 156 109 1769
internal_value=-0.00271863 0.0289868 -0.0440505 -0.0681583 0.0065875 0.0632987 -0.00366829 -0.0162317 -0.0029405 0.012448 -0.00921169 -0.0277416 -0.0135989 0.0509624 -0.0237987 0.0364118 0.0305875 -0.0564882 0.000920103 -0.0150678 0.0399722 0.0319711 0.00734998 2.29497e-05 0.00274673 0.08065 0.00241707 -0.0758853 0.0971555 0.0232049
internal_weight=4471.42 2530.38 1941.04 1147.2 1530.96 999.427 1072.6 602.741 453.133 469.863 793.839 264.036 201.218 27.4527 173.765 253.752 458.351 149.608 110.147 145.755 348.203 277.276 439.33 529.803 504.88 13.1301 78.3236 1001.44 2.33511 75.7791
internal_count=764412 137753 626659 574185 98065 39688 83852 67943 12677 15909 52474 46042 25966 2907 23059 5907 14213 55266 7508 13070 6705 5051 14756 6432 5724 320 806 561115 265 4046
is_linear=0
shrinkage=0.08


Tree=48
num_leaves=31
num_cat=0
split_feature=15 13 13 7 15 11 3 7 2 9 13 2 5 4 1 7 8 7 9 15 9 3 5 7 7 9 4 5 4 3
split_gain=823.023 268.214 212.725 70.9903 52.7964 37.5363 34.3722 58.1798 30.7685 30.4125 34.0146 27.9363 25.8597 22.887 22.6702 22.6205 20.8483 40.6147 18.2619 13.8996 13.6179 15.2298 14.6076 11.535 10.376 9.49901 9.1568 8.92845 8.05179 8.78763
threshold=9.5000000000000018 0.72869884967803966 0.33261258900165563 0.76986128091812145 3.5000000000000004 1.0000000180025095e-35 0.76799523830413829 0.65682536363601696 0.6900656819343568 0.80179178714752208 0.49991323053836828 0.62575301527977001 7.5000000000000009 0.81165540218353283 0.83424907922744762 1.0000000180025095e-35 0.26108804345130926 0.63343685865402233 0.6466963291168214 20.500000000000004 0.83436289429664623 0.92225828766822826 11.500000000000002 0.91905540227890026 0.54295176267623912 0.68093383312225353 0.97825059294700634 12.500000000000002 0.50423729419708263 0.47124460339546209
decision_type=2 2 2 2 2 2 2 2 2 2 2 2 2 2 2 2 2 2 2 2 2 2 2 2 2 2 2 2 2 2
left_child=1 4 3 -2 20 12 7 -6 -9 10 16 13 -3 -8 25 -13 26 -18 24 -20 21 22 -1 -5 -12 -14 -4 -11 29 -22
right_child=2 5 9 23 6 -7 11 8 -10 27 18 15 14 -15 -16 -17 17 -19 19 -21 28 -23 -24 -25 -26 -27 -28 -29 -30 -31
leaf_value=-0.0058669929349537365 -0.076166293060911952 0.048399557434293028 -0.0003172204860801406 -0.029726998527383839 -0.068361002407671345 0.070983805654053239 0.0101739398382909 0.0041557353008301427 -0.075543075654088729 0.031537828414971304 -0.0028440027003319374 0.02366268251763223 -0.091813757799813434 0.11412759771623726 -0.24239323834247878 -0.010022059603276815 -0.074481577984302119 -0.00059755388080396472 0.0036695991147457654 -0.058008663351496487 0.072318391255239922 0.044479689757521187 0.043392538813611783 0.020787836165224824 0.030727544787788996 0.010701223845877079 -0.11532280949856941 0.11838007370486425 0.064573534060161655 -0.00047363329711972265
leaf_weight=144.26262286049314 868.28690774959978 190.2104910146445 87.917497067479417 84.995611613849178 114.13430692267139 691.93311653099954 25.665869925869629 340.02847729471978 34.111593737266958 36.130256404634565 335.37856410024688 227.89770108042285 6.6406882032752028 28.7249915311113 2.6511650010943404 289.88262723735534 151.93165052647237 69.352929376065731 37.216737440787256 62.913678212091327 15.997737952042369 109.76939575979486 52.567490067798644 43.859510815702379 71.478527462109923 44.879410274326801 4.6659912026952943 9.5875748913967964 91.957708031870425 31.540568769909441
leaf_count=7241 528213 5370 5769 11181 49020 33610 3080 8972 380 1007 2589 1482 45 769 31 20254 69313 3583 883 1640 140 2070 1873 1059 1059 457 46 185 2673 240
internal_value=-0.00270764 0.0278395 -0.0427472 -0.0679433 0.00694167 0.0614645 -0.00277174 -0.018363 -0.00311067 -0.0137548 -0.0172917 0.0105334 0.0345117 0.0650741 -0.0142523 0.00480406 -0.037989 -0.0513255 -0.00447827 -0.0350839 0.0300321 0.0206039 0.00728877 -0.0125328 0.003054 -0.00251245 -0.00611323 0.0497497 0.0507543 0.0240226
internal_weight=4306.57 2442.86 1863.72 997.142 1506.54 936.315 1060.45 488.274 374.14 866.573 820.856 572.171 244.382 54.3909 54.1713 517.78 313.868 221.285 506.988 100.13 446.096 306.6 196.83 128.855 406.857 51.5201 92.5835 45.7178 139.496 47.5383
internal_count=764234 137707 626527 540453 98194 39513 83957 58372 9352 86074 84882 25585 5903 3849 533 21736 78711 72896 6171 2523 14237 11184 9114 12240 3648 502 5815 1192 3053 380
is_linear=0
shrinkage=0.08


Tree=49
num_leaves=31
num_cat=0
split_feature=13 10 7 13 4 10 3 5 3 5 7 2 10 10 3 4 7 10 7 0 7 4 5 0 3 10 4 2 7 2
split_gain=719.715 313.187 291.848 83.7779 48.3818 37.3458 31.1462 30.8527 30.6564 25.705 24.347 23.2268 21.5801 62.3197 33.0462 21.0268 20.7278 21.5893 16.4745 14.0339 15.4243 13.3753 12.6083 16.1636 11.2269 10.8441 20.4113 57.681 10.8348 10.5567
threshold=0.37842392921447759 0.58333334326744091 0.64946165680885326 0.82563906908035289 0.53001201152801525 0.29166667163372045 0.78261634707450878 18.500000000000004 0.61692997813224804 4.5000000000000009 0.83405795693397533 0.27334994077682501 0.29166667163372045 1.0000000180025095e-35 0.92655104398727428 0.44315245747566229 0.72240144014358532 0.29166667163372045 1.0000000180025095e-35 0.24316334724426272 0.78969484567642223 0.44315245747566229 12.500000000000002 0.3647450208663941 0.65451496839523327 0.58333334326744091 0.72065573930740368 0.53427231311798107 0.55891487002372753 0.63564214110374462
decision_type=2 2 2 2 2 2 2 2 2 2 2 2 2 2 2 2 2 2 2 2 2 2 2 2 2 2 2 2 2 2
left_child=2 3 18 7 5 19 10 12 22 -5 29 -7 13 -2 -14 -13 17 -10 -1 20 -4 -12 -6 -24 -18 -20 -27 -28 -8 -3
right_child=1 6 4 9 8 11 28 -9 16 -11 21 15 14 -15 -16 -17 24 -19 25 -21 -22 -23 23 -25 -26 26 27 -29 -30 -31
leaf_value=-0.020887846181032923 0.0014846890451203243 0.047967446759887053 -0.074901122154628519 0.058945907387827512 -0.037765949134885381 0.022633331765174458 -0.0073047301800521561 -0.090986838859572719 0.034992131224976832 0.011010966945124606 -0.086868365991295313 -0.043006442805656936 0.0036216587891288476 -0.063004099588312712 0.065200224136478885 0.01822735897378697 0.10779732261524698 0.27095180546944286 -0.07682326908542815 -0.064490927925744318 0.025985819122385394 0.057139158808360249 -0.0026789127200358776 0.096275823607238312 0.031778616464697061 -0.062123763578148229 0.59595167321843034 -0.007580954038022625 0.079304145370987178 -0.069249404819631377
leaf_weight=37.936890995362774 1188.4355451037409 6.7722698673605946 14.971327068982644 223.54529936052859 27.390274125733413 161.71939816523809 9.4020947755780053 23.889626695308834 3.9552618754096311 105.33254466950893 4.306030746549367 98.546822859207168 198.5716176982969 104.32258177129552 77.561044247238897 56.447229315992445 20.003124920884147 6.6610012368764728 870.26159830612596 99.104743263334967 27.539043421391398 99.695954965427518 31.609688754542731 15.867624926846473 32.857546920655295 44.166478137369268 1.1617017677053789 7.942720475140959 550.91065333853476 17.952683422248811
leaf_count=9400 38811 74 6889 8580 1544 6063 265 2242 555 1522 27 5510 7513 7840 1830 2760 425 233 568974 28483 2411 3489 1149 438 527 24766 165 2309 28830 485
internal_value=-0.00225441 0.0234252 -0.0452811 0.00683322 -0.00133052 -0.0138462 0.0696984 -0.000757028 0.0401334 0.0435934 0.0342129 0.00142395 0.000616909 -0.00371941 0.020918 -0.0207057 0.081032 0.183041 -0.0725561 -0.047997 -0.0095446 0.0511768 0.00545723 0.0303932 0.060545 -0.0746785 -0.0396405 0.0694283 0.0778508 -0.0371432
internal_weight=4168.84 2610.7 1558.14 1921.66 596.673 458.329 689.04 1592.78 138.345 328.878 128.727 316.713 1568.89 1292.76 276.133 154.994 63.4769 10.6163 961.469 141.615 42.5104 104.002 74.8676 47.4773 52.8607 923.532 53.2709 9.10442 560.313 24.725
internal_count=764109 101508 662601 68338 56987 52116 33170 58236 4871 10102 4075 14333 55994 46651 9343 8270 1740 788 605614 37783 9300 3516 3131 1587 952 596214 27240 2474 29095 559
is_linear=0
shrinkage=0.08


Tree=50
num_leaves=31
num_cat=0
split_feature=15 13 10 8 1 3 10 3 8 8 13 0 9 3 5 15 8 13 2 13 9 5 10 5 0 15 15 5 5 9
split_gain=637 272.999 125.358 116.473 48.1526 41.8851 40.6863 40.3553 39.3639 49.1134 46.1494 23.6729 19.1925 18.7162 18.5106 17.3568 17.1562 14.5598 13.9038 13.8142 13.5313 13.3565 11.8876 12.2517 48.6397 11.3652 25.1715 10.2972 9.46178 8.83634
threshold=4.5000000000000009 0.31270058453083044 0.58333334326744091 0.6353554129600526 0.90070420503616344 0.62671068310737621 0.41666667163372045 0.92225828766822826 0.28633540868759161 0.56675580143928539 0.53342181444168102 0.72850123047828685 0.85324272513389599 0.92225828766822826 1.5000000000000002 17.500000000000004 0.59763106703758251 0.16256374120712283 0.6900656819343568 0.36944207549095159 0.63374108076095592 12.500000000000002 0.58333334326744091 13.500000000000002 0.38408851623535162 46.500000000000007 44.500000000000007 11.500000000000002 22.500000000000004 0.73521250486373912
decision_type=2 2 2 2 2 2 2 2 2 2 2 2 2 2 2 2 2 2 2 2 2 2 2 2 2 2 2 2 2 2
left_child=2 3 4 22 12 -4 8 14 25 10 -10 15 13 27 -8 17 20 -5 -16 -9 -6 -11 -2 -24 -25 26 -3 -1 -14 -22
right_child=1 6 5 11 16 -7 7 19 9 21 -12 -13 28 -15 18 -17 -18 -19 -20 -21 29 -23 23 24 -26 -27 -28 -29 -30 -31
leaf_value=-0.023656151119287826 -0.074887796006766344 -0.00019552715152868841 0.025096861044671077 0.055193135364868189 0.036145391753156737 0.077128467671707876 -0.044226122767435254 0.38027161950866839 -0.062314100631938388 -0.0075430680938475053 -0.00035236875777844111 0.7025933902973438 0.034837189833938485 0.033456427923148284 0.03700693046486777 -0.044193780360888717 0.057915190743108691 -0.0068112023516443991 -0.010267549761601769 0.085858125290856638 -0.041237642932996386 0.038806940546111481 -0.057378924739967488 -0.022788847227567181 0.4720577419874436 -0.032174462632234835 0.043828814299061936 0.012862594280406961 -0.17342662076498924 0.064910414541132389
leaf_weight=218.92913936870173 741.35386028059293 472.79453093220945 122.3747118501924 29.065989525755867 91.631293972721323 518.73518714797683 34.055956951342523 1.043680703267454 254.5807258937275 288.14580170740373 110.24496421450749 0.2988790012896051 105.40615203976631 60.970687373075634 112.43242892483249 67.785015320288949 194.57821940258145 145.91168107534759 61.64767455146648 44.911257661762647 28.528373847249895 46.164973026607186 42.489028953714296 11.666822748607954 1.4267043655272562 50.137130894581787 100.8494507727446 63.821891114581376 1.4148676563054312 6.0906878672540179
leaf_count=12606 510904 8136 2732 1644 1877 29363 1797 42 104480 9036 1674 3 1864 1311 2323 17502 8020 7870 5677 1801 495 1133 21325 4322 385 1115 1040 2771 21 120
internal_value=-0.00224119 -0.0256093 0.0410546 -0.057427 0.0193272 0.0671967 -0.00462632 0.024694 -0.0102578 -0.0232927 -0.0435902 -0.00894949 0.00246022 -0.00674454 0.0097131 -0.00982551 0.0430136 0.0034885 0.0202654 0.0925445 0.0200471 -0.0011426 -0.0722124 -0.0365288 0.0311309 0.00435174 0.00754417 -0.0154132 0.0320787 -0.0225625
internal_weight=4029.49 2617.01 1412.48 1040 771.371 641.11 1577.01 254.091 1322.92 699.136 364.826 243.062 450.543 343.722 208.136 242.763 320.829 174.978 174.08 45.9549 126.25 334.311 796.936 55.5826 13.0935 623.781 573.644 282.751 106.821 34.6191
internal_count=763389 702209 61180 563955 29085 32095 138254 11640 126614 116323 106154 27019 18573 16688 9797 27016 10512 9514 8000 1843 2492 10169 536936 26032 4707 10291 9176 15377 1885 615
is_linear=0
shrinkage=0.08


Tree=51
num_leaves=31
num_cat=0
split_feature=13 10 7 7 4 3 8 3 13 15 7 8 1 1 3 3 7 0 10 9 4 7 7 8 8 10 4 0 15 7
split_gain=580.249 271.898 266.519 60.1074 49.9238 44.1146 34.6401 31.1384 29.5272 29.0511 21.048 25.0228 19.4468 18.1569 17.8216 21.9991 14.8609 14.6171 13.9544 13.6753 13.3477 12.4072 12.3126 11.7427 11.3462 11.0746 20.952 28.8468 11.0197 10.677
threshold=0.37842392921447759 0.58333334326744091 0.63343685865402233 0.9709441363811494 0.53001201152801525 0.74286627769470226 0.69592735171318065 0.61692997813224804 0.72869884967803966 4.5000000000000009 0.72240144014358532 0.51244834065437328 0.30068494379520422 0.86729559302330028 0.63663211464881908 0.63405200839042675 1.0000000180025095e-35 0.90259328484535228 0.83333334326744091 0.82266426086425792 0.44315245747566229 0.66830870509147655 0.85814890265464794 0.99790793657302868 0.59381821751594555 0.58333334326744091 0.72065573930740368 0.49719101190567022 45.500000000000007 0.80127388238906871
decision_type=2 2 2 2 2 2 2 2 2 2 2 2 2 2 2 2 2 2 2 2 2 2 2 2 2 2 2 2 2 2
left_child=2 3 16 5 6 13 19 18 14 17 11 -9 23 21 15 -3 -1 -7 -6 -4 -14 -2 -21 -8 -16 -18 -27 -28 -11 -20
right_child=1 8 4 -5 7 9 12 10 -10 28 -12 -13 20 -15 24 -17 25 -19 29 22 -22 -23 -24 -25 -26 26 27 -29 -30 -31
leaf_value=-0.021881837874318629 -0.066226090437344454 0.012841178390678127 -0.056761963708019982 0.061423723906359057 -0.018970680727476763 0.0093464163743293676 0.0074057492367274966 0.44750761817602164 0.079603591884531685 0.0027086536247474856 0.056377312225270357 0.12672194765631958 -0.051500102081645349 0.11389430503748964 0.023326402459723533 -0.20126871714171887 -0.076913519678314599 0.036957122257650424 0.15276344887719071 -0.013607350770657627 0.007982601491460314 -0.022880700303073209 0.15935657058515132 0.065493519494267613 0.070256630314620261 -0.063634681033915938 0.42543983681481495 0.01455343320326968 -0.023589347192242656 0.025946432856308196
leaf_weight=35.936171534936875 57.731762798153795 39.318216648185626 123.20792696799617 118.54347697272897 50.017407925333828 240.73001865018159 180.65781325032003 1.7713974831858639 420.16700010560453 924.29164962354116 49.677257852279581 12.814885510597376 61.718632296775468 5.4099171006819224 49.22040474973619 3.3314562255982301 738.92839671927504 250.30251654540189 5.5365763702429858 13.345847588032486 39.657488230848685 157.74061577883549 3.2817183937877408 25.405223168432713 99.86541284318082 38.658349509816617 1.2583976862952102 8.3472194846253824 114.62426509789657 18.268283635377884
leaf_count=9343 13925 787 43362 3815 3178 3903 7144 146 27344 31042 937 912 4060 174 1066 48 561269 7563 143 2480 2149 2633 94 216 4007 24131 302 2172 5276 250
internal_value=-0.00183471 0.0214448 -0.0428453 0.00629359 -0.00157867 0.00256089 -0.01456 0.0404693 0.0677322 0.00738593 0.0811862 0.165679 0.000454848 -0.0308599 0.0417175 -0.0038834 -0.0721918 0.0234209 0.00502449 -0.0475713 -0.028231 -0.0344943 0.0205299 0.0145673 0.0547627 -0.0744885 -0.0373603 0.0683822 -0.000192822 0.0554418
internal_weight=3889.77 2481.28 1408.49 1869.37 585.36 1750.83 447.275 138.086 611.902 1529.95 64.2635 14.5863 307.439 220.882 191.735 42.6497 823.129 491.033 73.8223 139.835 101.376 215.472 16.6276 206.063 149.086 787.192 48.264 9.60562 1038.92 23.8049
internal_count=763871 101583 662288 68331 65071 64516 59505 5566 33252 47784 1995 1058 13569 16732 5908 835 597217 11466 3571 45936 6209 16558 2574 7360 5073 587874 26605 2474 36318 393
is_linear=0
shrinkage=0.08


Tree=52
num_leaves=31
num_cat=0
split_feature=7 13 0 10 4 9 10 13 4 5 2 9 9 10 0 1 2 2 7 1 0 2 10 4 8 4 2 10 7 9
split_gain=526.959 305.209 178.151 51.1312 55.9811 50.1435 46.0505 38.7498 28.63 32.2327 37.0407 27.5532 29.71 25.5716 24.9606 24.8723 22.2713 14.1915 14.7354 14.1728 12.1207 32.1186 11.2246 17.4711 14.1411 27.9208 10.5478 45.787 10.3965 9.59462
threshold=0.66506412625312816 0.35822324454784399 0.8216732144355775 0.83333334326744091 0.60120484232902538 0.56336921453475963 0.41666667163372045 0.53342181444168102 0.54201978445053112 12.500000000000002 0.61651584506034862 0.64814937114715587 0.73096078634262096 0.29166667163372045 0.24316334724426272 0.87570226192474376 0.13484849035739901 0.84292763471603405 0.84463602304458629 0.59491634368896495 0.48331478238105779 0.45512083172798162 0.58333334326744091 0.88067796826362621 0.6353554129600526 0.54201978445053112 0.7228132188320161 0.41666667163372045 0.72240144014358532 0.68093383312225353
decision_type=2 2 2 2 2 2 2 2 2 2 2 2 2 2 2 2 2 2 2 2 2 2 2 2 2 2 2 2 2 2
left_child=1 22 3 8 20 26 17 13 14 15 -11 -9 -13 -7 28 -10 -16 -4 -19 -15 29 -22 -1 24 -24 -26 27 -3 -2 -5
right_child=2 5 6 4 -6 7 -8 11 9 10 -12 12 -14 19 16 -17 -18 18 -20 -21 21 -23 23 -25 25 -27 -28 -29 -30 -31
leaf_value=-0.074775524977471183 -0.070936674219669316 0.082198133613281293 0.095446129231287244 -0.037447568436443465 0.064491569039481722 -0.067464730803949532 0.077022654987964553 0.059880894705856412 -0.0066761797640243993 0.066965336395844247 -0.020642014641283252 -0.050313577710694578 0.059755659936013464 -0.07172554801322932 0.58971519393087335 0.095468656320620029 -0.04247179966141415 0.0054198846307302829 0.044905804377054437 0.0099918807058567427 -0.38856558731650359 0.023520322431738499 -0.054475542872579226 0.14327038575573356 0.028407378020461574 1.0827685793357016 0.0057960718551176658 1.5463667918406541 0.022675035446650661 0.014403218134415552
leaf_weight=706.94453147717286 8.5003069948870671 1.8907756237313145 22.431387896649539 25.742229622672312 186.57732689520344 159.93422865553293 400.93539284844883 40.685857691336423 440.16796401271131 100.82355052023195 44.528364004334435 58.815238618757576 21.406945338007063 18.063790011336096 0.35736064054071803 15.804578110575674 177.67679598275572 101.12247247807682 150.52013540640473 54.76430917577818 1.8018928471719835 3.6881198761984706 43.755942028015852 3.2851939129177472 0.73489012068603088 0.20574382157064974 716.21445942809805 0.14734284812584508 71.125000873929821 202.59108323627152
leaf_count=565136 4721 357 338 1100 8757 44030 26965 566 7596 2000 652 1102 414 3242 54 436 33495 1880 5417 5900 19 82 26706 311 325 19 13981 17 6358 2390
internal_value=-0.00238001 -0.0332699 0.026494 0.0089498 0.0318107 -0.00582838 0.0597464 -0.0304862 -0.0022387 0.00732172 0.0401269 0.00625506 -0.0209421 -0.0495714 -0.0245508 -0.00313571 -0.0412028 0.0344735 0.0290384 -0.0102768 0.00573327 -0.111732 -0.0722341 -0.0347905 -0.0478779 0.259027 0.00631323 0.188048 0.0126816 0.00855758
internal_weight=3781.24 1826.85 1954.39 1279.38 420.401 1071.92 675.009 353.67 858.984 601.324 145.352 120.908 80.2222 232.762 257.659 455.973 178.034 274.074 251.643 72.8281 233.823 5.49001 754.926 47.9818 44.6966 0.940634 718.253 2.03812 79.6253 228.333
internal_count=764366 662106 102260 67660 12348 69609 34600 55254 55312 10684 2652 2082 1516 53172 44628 8032 33549 7635 7297 9142 3591 101 592497 27361 27050 344 14355 374 11079 3490
is_linear=0
shrinkage=0.08


Tree=53
num_leaves=31
num_cat=0
split_feature=7 13 0 10 4 10 9 9 13 7 8 10 1 5 7 10 4 7 0 8 3 3 4 5 8 9 3 2 13 9
split_gain=468.716 290.679 171.812 66.0693 47.0201 41.7133 36.2828 30.8905 26.6838 26.0658 25.8362 22.4749 21.5737 24.8756 17.5946 17.6248 17.9763 29.1245 16.4551 15.6725 13.3857 13.2197 12.7952 12.5836 11.4474 12.2732 11.2476 10.7647 12.3212 9.91234
threshold=0.66506412625312816 0.37842392921447759 0.8216732144355775 0.58333334326744091 0.58919963240623485 0.41666667163372045 0.63955503702163707 0.74017333984375011 0.53342181444168102 0.98270881175994884 0.37850958108901983 0.29166667163372045 0.87570226192474376 12.500000000000002 1.0000000180025095e-35 0.58333334326744091 0.52545297145843517 0.55329477787017833 0.38507877290248876 0.93398621678352367 0.51894250512123119 0.81437420845031749 0.39369101822376257 4.5000000000000009 0.56675580143928539 0.69413498044013988 0.93097409605979931 0.82807883620262157 0.87880107760429393 0.77469792962074291
decision_type=2 2 2 2 2 2 2 2 2 2 2 2 2 2 2 2 2 2 2 2 2 2 2 2 2 2 2 2 2 2
left_child=1 14 3 9 20 27 8 24 10 12 23 -12 13 -2 21 -16 -17 -18 19 -11 -5 -1 -22 -3 -8 -26 -9 -4 -29 -6
right_child=2 6 5 4 29 -7 7 26 -10 18 11 -13 -14 -15 15 16 17 -19 -20 -21 22 -23 -24 -25 25 -27 -28 28 -30 -31
leaf_value=-0.058574547652706289 -0.019229363178199756 0.012337910005038373 0.096138057951680067 0.026702941154739489 0.038171104843201673 0.077375437084653442 -0.061866368120609735 -0.0083403820595288024 0.06327063110308602 -0.048273640291085218 -0.059893942227277286 0.03683773421703148 0.094760970047316526 0.015556862061741434 -0.075571537620157656 -0.066288955018095855 -0.025728069339004213 0.19205441376284577 0.072376192897482025 0.073719124281843657 -0.066441364550025681 0.041964470572651361 0.0026447647920751654 -0.012362947850458507 0.016569286826652894 -0.069179431797209534 0.080752636926995733 0.015449417924542587 0.05156075531632081 0.075143507756354422
leaf_weight=18.468372258357704 550.5059866423253 501.01931415556464 17.615044228732586 133.89931034797337 71.627255974570289 371.49424674292095 118.58015465829521 19.729336945805699 45.844182297121733 19.037042638286952 72.406295318854973 19.515690285246819 12.578560843132434 172.88079612678848 656.1993544776924 28.879148817504756 14.776418326888235 5.3539536730386308 43.399994594044983 10.433787995949386 21.495993613149039 15.307787991594521 85.000992289744318 179.20996263122652 29.150487880688161 16.862110873800702 16.783719636499882 136.97006029449403 108.27176607400179 131.81397111830302
leaf_count=7479 39773 4753 273 2055 1926 26927 17392 938 611 165 18362 2002 342 13140 574200 21039 5949 659 922 84 442 1937 1352 3908 1193 830 304 3113 4207 7469
internal_value=-0.0014927 -0.0312133 0.0261972 0.00901912 0.0338213 0.0601192 -0.00351298 -0.0339565 0.00397163 -0.00459071 0.000450926 -0.0393571 -0.00910972 -0.0109159 -0.0694137 -0.0721152 -0.0258376 0.0321942 0.0410495 -0.00508359 0.00986741 -0.013009 -0.0113 0.00583034 -0.0487241 -0.0148548 0.0326124 0.0357311 0.0313922 0.0621263
internal_weight=3645.11 1758.09 1887.02 1252.67 443.838 634.351 1019.1 201.106 817.995 808.836 772.151 91.922 735.965 723.387 738.985 705.209 49.0095 20.1304 72.8708 29.4708 240.396 33.7762 106.497 680.229 164.593 46.0126 36.5131 262.857 245.242 203.441
internal_count=763746 661556 102190 67670 13244 34520 50293 20657 29636 54426 29025 20364 53255 52913 611263 601847 27647 6608 1171 249 3849 9416 1794 8661 19415 2023 1242 7593 7320 9395
is_linear=0
shrinkage=0.08


Tree=54
num_leaves=31
num_cat=0
split_feature=15 13 7 13 10 10 8 7 0 15 10 5 2 7 0 10 5 4 7 8 13 7 10 10 7 8 7 5 2 15
split_gain=424.625 185.605 123.266 104.402 38.2759 25.966 38.2088 73.5038 24.7055 24.4282 24.139 23.0923 23.4097 18.6526 15.7824 15.497 15.4463 14.2148 12.3542 156.538 12.163 12.0001 11.8868 9.77018 9.33556 9.17925 9.32779 8.53432 8.43303 7.86628
threshold=4.5000000000000009 0.31270058453083044 0.65682536363601696 0.72869884967803966 0.58333334326744091 0.29166667163372045 0.27792632579803472 0.55891487002372753 0.85053193569183361 12.500000000000002 1.0000000180025095e-35 12.500000000000002 0.70505386590957653 0.9656645953655244 0.90595519542694103 0.29166667163372045 4.5000000000000009 0.61651584506034862 0.69789379835128795 0.39672766625881201 0.16256374120712283 0.51358735561370861 0.83333334326744091 1.0000000180025095e-35 0.67806351184844982 0.75419202446937572 0.99756097793579113 24.500000000000004 0.38165266811847692 44.500000000000007
decision_type=2 2 2 2 2 2 2 2 2 2 2 2 2 2 2 2 2 2 2 2 2 2 2 2 2 2 2 2 2 2
left_child=3 2 -2 13 16 6 29 -8 11 18 -9 17 -13 14 15 23 -5 -7 19 -4 -20 -17 -11 -1 -16 -18 -27 -15 -24 -3
right_child=1 5 9 4 -6 8 7 10 -10 22 -12 12 -14 27 24 21 25 -19 20 -21 -22 -23 28 -25 -26 26 -28 -29 -30 -31
leaf_value=-0.0090230271798477125 -0.07557014672461744 -0.0026202395844932514 4.4388703480994165 0.051079307114747285 0.079457255917131084 -0.039500247235310426 -0.071664692022213775 0.0005845610919492987 0.067295551489969171 -0.049035989729339667 -0.056221059818401045 0.076466987440123008 -0.035882047913042558 0.049795668955448298 0.021776482525303783 -0.04513263991756096 0.061423349226778987 0.0056513165011439406 0.051953482625906877 0.079054631047106597 -0.0061262186410590974 0.018938741707328375 0.0063507409947981272 -0.057583213727988206 0.076968287636761792 -0.016557411065987931 0.07370252827966918 -0.10845770447967373 0.30564270764959178 0.018856981061138881
leaf_weight=141.88806094392203 541.43214598088525 466.20040554844309 0.053106588427907719 176.82623496744782 311.30431796144694 62.371679108357057 163.41441200568806 330.0657744766213 47.704727428033948 106.98772077844478 55.998311931616627 46.677201234037057 15.917213608045129 93.512573439627886 113.46852725883946 20.492259582388215 16.922287202440202 156.83158276986796 27.795248576090671 6.9950259723700583 135.93165737146046 214.91095355676953 22.314981817384254 32.611452413606457 23.713314139284194 56.11755658686161 8.4282573424279672 2.2330146078020325 0.61924316151998837 142.50392439239658
leaf_count=6098 518182 8022 22 8978 25621 1591 89298 10767 2394 35256 3587 996 2065 2461 2274 5432 238 17369 1086 2588 5520 4875 1403 2989 957 900 269 35 118 2101
internal_value=-0.00276786 -0.022749 -0.0527607 0.0356281 0.0605672 -0.00576043 -0.0113978 -0.0266915 0.0140547 -0.0116903 -0.00765505 0.00504167 0.0478976 0.0135302 0.00782925 -3.13704e-05 0.0378003 -0.00719602 0.00819813 0.111905 0.00373374 0.0133612 -0.0378324 -0.0180982 0.031317 0.00897831 -0.00477146 0.0461048 0.0144319 0.0024078
internal_weight=3542.24 2329.81 842.129 1212.43 569.599 1487.69 1158.18 549.478 329.502 300.697 386.064 281.798 62.5944 642.83 547.085 409.903 258.294 219.203 170.775 7.04813 163.727 235.403 129.922 174.5 137.182 81.4681 64.5458 95.7456 22.9342 608.704
internal_count=763492 702365 564175 61127 36006 138190 113775 103652 24415 45993 14354 22021 3061 25121 22625 19394 10385 18960 9216 2610 6606 10307 36777 9087 3231 1407 1169 2496 1521 10123
is_linear=0
shrinkage=0.08


Tree=55
num_leaves=31
num_cat=0
split_feature=15 13 13 10 7 9 13 7 4 9 5 2 3 4 7 9 7 7 7 5 2 3 5 0 9 10 4 15 0 5
split_gain=362.955 165.509 155.046 65.7317 54.8902 26.8081 27.5721 27.1494 23.9777 22.7686 19.1694 18.7667 43.9032 30.4205 15.7712 13.4571 19.3945 13.2753 27.4136 20.6059 12.8479 20.8183 11.8711 11.7654 10.2472 10.2808 9.68467 9.46278 9.1157 9.11444
threshold=10.500000000000002 0.72869884967803966 0.33261258900165563 0.41666667163372045 0.72240144014358532 0.82828345894813549 0.27778623998165136 0.65682536363601696 0.63245612382888805 0.80179178714752208 8.5000000000000018 0.57932874560356151 0.80086025595664989 0.74813431501388561 0.91905540227890026 0.6373269557952882 0.60424160957336437 0.56148993968963634 0.33417935669422155 11.500000000000002 0.62397539615631115 0.80086025595664989 14.500000000000002 0.19139194488525393 0.53193199634552013 0.29166667163372045 0.49590164422988897 4.5000000000000009 0.36254107952117925 2.5000000000000004
decision_type=2 2 2 2 2 2 2 2 2 2 2 2 2 2 2 2 2 2 2 2 2 2 2 2 2 2 2 2 2 2
left_child=1 5 4 10 -2 6 7 -1 23 15 24 13 -13 -8 -6 17 -17 18 -4 -19 -10 -22 -18 26 25 -3 -7 -25 -9 -16
right_child=2 3 9 -5 14 8 11 28 20 -11 -12 12 -14 -15 29 16 22 19 -20 -21 21 -23 -24 27 -26 -27 -28 -29 -30 -31
leaf_value=-0.070573249614722625 -0.075434774690173567 -0.3367099692698638 -0.004047239559537885 0.074684507152510141 -0.033552006837232397 0.066700946699052591 0.0091920085291165333 -0.013269258313042636 0.079199739632108787 0.05276885389747922 -0.017925387421798285 -0.043707698002629379 0.0069819644040689331 0.09243464908559601 0.13683769488873895 -0.069985608560148557 -0.021772430487575611 0.0048077107513608761 -0.061983603936948253 0.10940749553936635 -0.048620497552974713 0.051096439061679017 0.062524948681288231 0.017306062691499646 0.035704804081207464 0.016910376499524662 -0.081597778355034248 -0.020303653961561925 0.068438376665856837 0.014028155848336814
leaf_weight=68.690349334734492 495.43402753933333 0.94895864464342516 395.61594620108372 371.67749141622335 93.114195376751013 27.838988678180616 122.12801683315774 92.953137565520592 55.984702507965267 35.939852095674723 57.696220524609089 132.6758689636481 622.1259032052476 36.491964111686684 4.4488795553334048 57.327627367863897 102.17332428524969 70.086517856630962 60.226067334588151 14.556904618046245 17.238056580652483 60.173803030513227 11.941092459717764 83.890758968773298 214.34852151200175 1.1810511518269777 3.1357711575692511 87.44396272872109 9.6454438148066384 29.603246127720922
leaf_count=53475 507511 21 8476 31459 19628 373 4264 5020 2140 1094 563 19269 21922 790 126 26414 4177 2244 39756 400 377 1910 366 998 7391 32 47 2059 802 847
internal_value=-0.00198613 0.0191869 -0.033909 0.0527645 -0.0634003 0.00391952 -0.00219466 -0.0316483 0.0236752 -0.00935746 0.0230491 0.00332861 -0.00192805 0.0283427 -0.0165147 -0.0124938 -0.0320228 -0.00629914 -0.0117018 0.0227967 0.0500052 0.0288915 -0.0129514 0.0063141 0.0339697 -0.140634 0.0516877 -0.00188878 -0.0055878 0.0300731
internal_weight=3436.74 2066.27 1370.47 645.852 622.6 1420.42 1084.71 171.289 335.706 747.867 274.175 913.422 754.802 158.62 127.166 711.927 171.442 540.485 455.842 84.6434 133.397 77.4119 114.114 202.309 216.479 2.13001 30.9748 171.335 102.599 34.0521
internal_count=763951 152912 611039 39466 528112 113446 105542 59297 7904 82927 8007 46245 41191 5054 20601 81833 30957 50876 48232 2644 4427 2287 4543 3477 7444 53 420 3057 5822 973
is_linear=0
shrinkage=0.08


Tree=56
num_leaves=31
num_cat=0
split_feature=15 13 7 10 10 10 3 4 5 3 3 9 10 2 5 3 8 5 0 13 9 8 4 2 7 1 8 3 1 9
split_gain=326.203 188.141 121.097 60.2248 41.2491 39.5125 37.29 29.0259 22.998 27.4804 22.2451 19.8957 18.4462 17.9523 18.3967 16.3668 16.2183 15.1022 15.0933 14.8029 14.5074 11.6983 11.3035 14.7742 11.3011 11.2615 10.0163 9.84673 9.83789 9.30375
threshold=3.5000000000000004 0.31113032996654516 0.65319725871086132 0.58333334326744091 0.29166667163372045 1.0000000180025095e-35 0.91853463649749767 0.4248871803283692 12.500000000000002 0.55231815576553356 0.74286627769470226 0.77469792962074291 0.41666667163372045 0.65058138966560375 11.500000000000002 0.73596537113189708 0.6018558442592622 3.5000000000000004 0.64549729228019725 0.31580458581447607 0.59484562277793895 0.64605829119682323 0.25320513546466833 0.11882352828979494 0.75075757503509533 0.32071428000926977 0.7697085738182069 0.85070720314979564 0.28759399056434637 0.59484562277793895
decision_type=2 2 2 2 2 2 2 2 2 2 2 2 2 2 2 2 2 2 2 2 2 2 2 2 2 2 2 2 2 2
left_child=3 2 -2 17 5 10 8 25 15 -10 11 -3 18 14 -7 -6 -12 21 26 -8 -15 27 -14 -24 29 -5 -4 -1 -23 -9
right_child=1 4 12 7 6 13 19 24 9 -11 16 -13 22 20 -16 -17 -18 -19 -20 -21 -22 28 23 -25 -26 -27 -28 -29 -30 -31
leaf_value=-0.049843112961212084 -0.074772237492565119 -0.052165571805264481 -0.051346565790233632 0.011724179606344609 -0.023866929283167658 -0.038515019861484652 0.57559125311649983 0.12317070540915336 -0.054201246957397045 0.06765961909818724 -0.0058846781033141497 0.01481455027406002 0.066347363741495663 0.016837540405773649 0.14278824725479475 0.015978961942147502 0.01969390640413932 0.0045166454973581804 0.43604025633921317 0.060920032555775556 -0.089246233563054111 0.18209367032792845 -0.12901878199321537 0.0018983214217949541 0.076969710373828604 -0.12028174022477343 -0.007918182980218836 0.022890931851797292 0.044863088940803708 0.01049563099546425
leaf_weight=13.778779947548172 472.67235203948803 107.25978759530699 91.908570854342543 25.125548703363169 135.50432261102833 12.363572806818413 0.35897416633088042 5.5944582913070908 14.556185106339397 63.547807594994083 844.61814323876752 38.595130836532917 16.813472561421804 9.419974872551391 5.0428118772688313 128.57559046021197 195.33785862970399 190.35709793132264 0.43613159121014078 97.531591172213666 66.444581486866809 3.4174341862089923 5.6967293716734266 174.70859564089915 302.48486722959206 4.951131439767777 53.93526367819868 87.940702290739864 154.2008314775303 29.013464630814269
leaf_count=2059 519477 32531 37923 294 11286 2083 8 197 886 2874 61350 1215 433 2234 268 10367 3516 6659 5 5202 16724 36 168 6565 25549 81 3637 2214 7264 1329
internal_value=-0.00270884 -0.0168742 -0.0485029 0.0412566 -0.00185844 -0.00912708 0.019268 0.0652963 0.00681239 0.0449485 -0.00518366 -0.0344418 -0.0123549 -0.0592623 0.0140104 -0.00446671 -0.00108018 0.0216286 -0.0338808 0.0628074 -0.076074 0.034189 0.00361121 -0.0022357 0.0720151 -0.0100062 -0.0352861 0.0130385 0.0478385 0.0287098
internal_weight=3352.19 2535.33 816.171 816.864 1719.16 1279.08 440.074 367.169 342.184 78.104 1185.81 145.855 343.499 93.2709 17.4064 264.08 1039.96 449.695 146.28 97.8906 75.8646 259.338 197.219 180.405 337.093 30.0767 145.844 101.719 157.618 34.6079
internal_count=764434 718752 568208 45682 150544 119921 30623 27450 25413 3760 98612 33746 48731 21309 2351 21653 64866 18232 41565 5210 18958 11573 7166 6733 27075 375 41560 4273 7300 1526
is_linear=0
shrinkage=0.08


Tree=57
num_leaves=31
num_cat=0
split_feature=15 13 8 10 1 10 10 3 4 10 3 2 5 2 4 8 5 1 3 8 0 13 2 8 4 2 5 5 1 3
split_gain=287.626 169.097 106.428 60.3501 32.7064 109.702 27.742 38.476 26.0567 23.662 21.4195 32.635 36.9282 21.3376 30.4724 16.1172 15.965 14.9586 14.1998 11.0474 10.9595 9.81114 9.52719 9.38268 8.45427 7.42005 7.26637 11.8576 5.73143 8.64621
threshold=3.5000000000000004 0.31270058453083044 0.53866082429885875 0.58333334326744091 0.51649147272109996 0.58333334326744091 0.58333334326744091 0.64517635107040416 0.48050633072853094 0.41666667163372045 0.76353451609611522 0.69282051920890819 12.500000000000002 0.64565756916999828 0.78830561041831981 0.28132851421833044 18.500000000000004 0.75931033492088329 0.64419007301330578 0.59763106703758251 0.64549729228019725 0.99756097793579113 0.68801230192184459 0.99790793657302868 0.44315245747566229 0.1627137288451195 13.500000000000002 4.5000000000000009 0.30068494379520422 0.47972756624221807
decision_type=2 2 2 2 2 2 2 2 2 2 2 2 2 2 2 2 2 2 2 2 2 2 2 2 2 2 2 2 2 2
left_child=3 2 -2 16 9 -6 10 18 28 20 11 12 -3 14 -12 -15 21 -13 24 22 -4 26 -9 -11 -8 -10 27 -1 -5 -30
right_child=1 6 4 8 5 -7 7 19 25 23 13 17 -14 15 -16 -17 -18 -19 -20 -21 -22 -23 -24 -25 -26 -27 -28 -29 29 -31
leaf_value=0.026861350198092066 -0.072551547972163691 -0.025549899470883451 -0.038565232980725922 0.02761217842320117 -0.080073629373190125 3.846593166260746 -0.060316499102217397 0.072342518952480464 -0.12953365416312276 -0.0011817399754602202 -0.0094637977120244476 -0.067364313599575704 0.058717971425281623 0.0061975086453554323 0.12000197626341377 -0.01264919863685029 -0.081351879360545956 0.0057257916848832569 -0.32279143417929684 0.070301882866803098 0.3255905855621285 0.074444894199240497 -0.011015202491475862 0.056056004869621423 0.0014552450580148767 0.073472965468901988 0.059482929048688668 -0.0027764575504558194 0.087918228975932711 -0.064196406761669711
leaf_weight=256.32790091750212 437.76118091895478 113.04035915288841 151.73307192762149 26.793372732121497 0.17860814288724114 0.061116713914088905 19.108984021469951 13.600211706710978 1.156660550739615 171.23197024391266 24.277880774519872 105.83577047975268 47.170830412127543 621.46385252929758 22.343433846312109 545.13317607477074 9.6908281057840195 21.573599678347819 0.96854259562678535 84.880009804852307 0.53077895299065758 22.063464330509305 24.733917940990068 20.526323495432734 54.973902532714419 305.79006652580574 27.429799948004074 130.31751019496005 2.9819998159073284 12.076072824653236
leaf_count=11483 488824 12536 66311 320 205 26 149 284 22 14628 1748 42187 2095 5865 432 69183 431 4737 25 5482 14 1316 1448 210 1371 26874 811 4263 37 181
internal_value=-0.00217965 -0.0155951 -0.0463797 0.0397085 -0.0130997 0.921011 -0.00142632 0.0266987 0.064634 -0.0137507 -0.00514172 -0.0247702 -0.000738989 -0.00048835 0.0525831 -0.00260927 0.0202078 -0.0549883 -0.018457 0.0542036 -0.0372958 0.0224644 0.0185585 0.00494514 -0.0144782 0.072708 0.0196947 0.016872 0.00541809 -0.0340726
internal_weight=3275.76 2481.13 782.023 794.628 344.262 0.239725 1699.1 198.266 348.798 344.022 1500.84 287.621 160.211 1213.22 46.6213 1166.6 445.83 127.409 75.0514 123.214 152.264 436.139 38.3341 191.758 74.0829 306.947 414.075 386.645 41.8514 15.0581
internal_count=763498 717760 570218 45738 81394 231 147542 8759 27434 81163 138783 61555 14631 77228 2180 75048 18304 46924 1545 7214 66325 17873 1732 14838 1520 26896 16557 15746 538 218
is_linear=0
shrinkage=0.08


Tree=58
num_leaves=31
num_cat=0
split_feature=13 13 7 10 9 0 7 15 15 15 9 3 5 3 8 7 8 3 13 7 5 9 1 7 0 3 7 8 10 8
split_gain=253.856 132.182 138.029 84.5759 32.8112 24.6628 20.5344 18.9243 18.6673 25.7234 16.0688 15.9736 21.5504 15.4632 14.3665 10.9173 10.7972 9.84766 25.9902 17.4426 8.9132 11.3887 10.1321 13.8121 8.79229 8.46545 8.20129 8.17463 7.89447 9.16436
threshold=0.72869884967803966 0.31580458581447607 0.64946165680885326 0.41666667163372045 0.80179178714752208 0.4246212244033814 0.97687783837318432 19.500000000000004 20.500000000000004 44.500000000000007 0.97960025072097789 0.91853463649749767 12.500000000000002 0.54576390981674205 0.74099972844123851 0.9656645953655244 0.99790793657302868 0.90769547224044811 0.14101294428110125 0.54592314362525951 1.0000000180025095e-35 0.51998367905616771 0.96824595332145702 0.87888437509536754 0.72850123047828685 0.42045469582080847 0.75075757503509533 0.48107238113880163 0.58333334326744091 0.27792632579803472
decision_type=2 2 2 2 2 2 2 2 2 2 2 2 2 2 2 2 2 2 2 2 2 2 2 2 2 2 2 2 2 2
left_child=1 2 17 6 5 15 20 16 14 -10 -9 12 25 -14 -7 -3 24 28 -19 -20 21 -2 27 -24 -4 -6 -23 -22 -1 -30
right_child=3 4 7 -5 11 8 -8 10 9 -11 -12 -13 13 -15 -16 -17 -18 18 19 -21 22 26 23 -25 -26 -27 -28 -29 29 -31
leaf_value=-0.076402597839554581 -0.15640829283693738 -0.059897928235712133 -0.0028091121135337444 0.072905831422631281 0.15052509521111532 0.00020704975017992973 0.065229857839338573 -0.041652093106641211 -0.03320769368528298 0.0053300671830172697 1.2870144549672176 0.073235491059382526 -0.062427476278840634 0.080898920309255648 0.03500126351054049 0.0087133943080555509 0.050824092109808587 2.1681860295884894 -0.021963698456742193 0.51198762995738445 0.063759038262111323 -0.069325389206708762 0.015670430187067774 -0.39724539429962169 0.42104057091343339 0.0005518814047724502 0.031117389310607726 -0.010588435402223914 0.36831142770697883 -0.039639032771816039
leaf_weight=390.12114927632501 2.2377054486423722 72.929143857676536 301.21315022918861 309.34283699095249 2.4467380068963385 876.39133375609526 41.861875783652067 83.406984156172257 255.76280463807052 195.64308069861727 0.058295577764510109 38.494110689498484 5.4435200867010272 41.895193036354613 83.15422983886674 18.634921930730343 26.575123806484044 0.035570190462748452 8.8829806548892485 0.40960585174616504 10.170343423262237 5.4846428520977488 1.075440160930156 1.0010686591267584 0.3135523097589602 155.39866215409711 101.18937099166214 136.45362875796854 0.35638739849673484 31.700603616773151
leaf_count=495262 30 10028 20373 31724 36 55204 1803 31449 49618 18424 1 1625 91 1428 1704 185 322 12 8445 5 84 136 25 44 5 3866 4308 1890 242 25771
internal_value=-0.00291404 -0.0138434 -0.039857 0.0435679 -0.00128384 -0.00570009 0.0132632 -0.00671219 -0.00308908 -0.0165051 -0.0407241 0.0259467 0.0170749 0.0644177 0.00322232 -0.0459343 0.00194005 -0.0714702 0.00983397 0.00157222 0.00481861 0.0222063 -0.00791656 -0.183393 -0.00236836 0.00287659 0.0259531 -0.00543144 -0.0732667 -0.0351037
internal_weight=3198.08 2589.27 843.073 608.817 1746.19 1502.52 299.474 411.567 1410.95 451.406 83.4653 243.678 205.184 47.3387 959.546 91.5641 328.102 431.506 9.32816 9.29259 257.612 108.912 148.7 2.07651 301.527 157.845 106.674 146.624 422.178 32.057
internal_count=764140 724096 581887 40044 142209 135163 8320 52150 124950 68042 31450 7046 5421 1519 56908 10213 20700 529737 8462 8450 6517 4474 2043 69 20378 3902 4444 1974 521275 26013
is_linear=0
shrinkage=0.08


Tree=59
num_leaves=31
num_cat=0
split_feature=15 13 7 10 10 4 4 7 9 7 10 5 7 7 4 15 5 3 1 4 7 7 13 3 10 4 5 4 2 2
split_gain=230.592 142.425 111.002 57.4763 26.9005 27.9007 22.6356 22.4852 28.065 77.3565 21.0146 14.4432 11.4274 10.36 9.92645 9.55256 9.44733 12.0158 8.74198 8.72776 8.7156 8.17328 16.626 7.67956 6.97729 16.5066 27.0333 6.96084 32.3989 13.2396
threshold=3.5000000000000004 0.31113032996654516 0.64946165680885326 0.58333334326744091 0.83333334326744091 0.60120484232902538 0.47413024306297308 0.97687783837318432 0.45725645124912268 0.55891487002372753 0.41666667163372045 18.500000000000004 0.98270881175994884 0.75075757503509533 0.59317129850387584 46.500000000000007 3.5000000000000004 0.94194158911705028 0.30068494379520422 0.38013136386871343 0.48724456131458288 0.76986128091812145 0.10297793149948122 0.48595099151134497 0.83333334326744091 0.72065573930740368 12.500000000000002 0.66145834326744091 0.40967366099357611 0.26158231496810919
decision_type=2 2 2 2 2 2 2 2 2 2 2 2 2 2 2 2 2 2 2 2 2 2 2 2 2 2 2 2 2 2
left_child=3 2 24 11 7 -6 18 8 15 -10 27 12 16 -8 -9 -3 -1 -18 -5 -14 -7 22 -12 -20 -2 -26 -27 29 -29 -4
right_child=1 4 10 6 5 20 13 14 9 -11 21 -13 19 -15 -16 -17 17 -19 23 -21 -22 -23 -24 -25 25 26 -28 28 -30 -31
leaf_value=0.026514149856316584 -0.076291727429124961 0.0087648297358408952 -0.0091758233760018439 0.033691827133468182 -0.019278449465397637 -0.06380634450087587 0.029123862130013702 -0.016766069123721056 -0.061249392167906855 -0.0027840778479331593 0.2697267097535988 -0.078167025986270594 -0.12590610336913627 0.077025569476035713 0.070943449467408423 -0.029065083843049951 0.0066063242781912437 -0.085307025167306996 0.062009742203842512 0.066124660777810956 0.056369189964529831 0.00074053577575662209 0.030389705401299812 -0.079652122038199713 -0.057036069800266306 -0.049772325809283695 0.44044708893427631 -0.01071233062110131 0.51218858720517857 -0.062356981626868445
leaf_weight=223.14776584948413 357.52851252601249 598.50687386043137 51.495068950403947 25.324901652289554 51.253940502181649 4.0064109654631457 32.861599441850558 10.786734547466038 188.25295506772818 628.02090597024653 2.0316685310681377 9.7535609070910123 1.5716110840439785 239.45174111193046 35.227741641923785 46.003356373985298 150.13226931157988 9.6903824252076429 3.2126657969783983 41.867473850026727 107.36784584610723 168.96546894777566 21.678904768486973 10.304864661651662 20.393113086407542 1.8258212546934367 1.1886328228283671 13.00332808308303 0.80531895474996495 71.639859010931104
leaf_count=10125 496089 9670 14218 305 520 852 1464 92 108957 21508 320 418 9 25448 1161 1117 5493 229 40 2145 6453 2572 4587 155 19930 940 130 427 61 28423
internal_value=-0.00193852 -0.0141114 -0.0441086 0.0368284 -0.00134375 0.0295675 0.0630958 -0.00467998 -0.00641444 -0.0162676 -0.0101166 0.0180894 0.0202911 0.071245 0.0503825 0.00606464 0.0158804 0.00103343 0.00596395 0.0591771 0.0520462 0.00691283 0.0508976 -0.0459838 -0.0735214 -0.0312074 0.143527 -0.0340766 0.0197832 -0.0401166
internal_weight=3127.3 2379.98 710.556 747.319 1669.43 162.628 311.156 1506.8 1460.78 816.274 329.62 436.163 426.41 272.313 46.0145 644.51 382.97 159.823 38.8424 43.4391 111.374 192.676 23.7106 13.5175 380.936 23.4076 3.01445 136.944 13.8086 123.135
internal_count=763858 718027 567697 45831 150330 7825 27412 142505 141252 130465 50608 18419 18001 26912 1253 10787 15847 5722 500 2154 7305 7479 4907 195 517089 21000 1070 43129 488 42641
is_linear=0
shrinkage=0.08


Tree=60
num_leaves=31
num_cat=0
split_feature=13 10 7 13 7 3 2 1 4 2 4 1 10 7 4 3 2 4 0 9 4 7 8 13 4 0 2 0 8 13
split_gain=208.354 129.516 127.057 50.7767 39.3875 29.5578 24.159 22.2644 17.355 16.646 47.9624 25.6142 14.6456 15.4252 17.4946 13.4909 25.4072 17.3008 11.9748 11.8353 11.5727 51.2946 57.938 165.198 11.1628 22.2369 17.409 9.00796 7.93702 7.81405
threshold=0.31928241252899175 0.58333334326744091 0.63661757111549389 0.72869884967803966 0.97687783837318432 0.76799523830413829 0.51113310456275951 0.85053193569183361 0.64075469970703136 0.6900656819343568 0.82683658599853527 0.59491634368896495 0.41666667163372045 0.76986128091812145 0.62397539615631115 0.8857233226299287 0.71010184288024913 0.57359308004379284 0.38757823407649999 0.82828345894813549 0.89725545048713695 0.50946983695030224 0.5278482735157014 0.20842645317316058 0.39369101822376257 0.19836065918207171 0.19560018926858905 0.27812939882278448 0.7697085738182069 0.17757150530815127
decision_type=2 2 2 2 2 2 2 2 2 2 2 2 2 2 2 2 2 2 2 2 2 2 2 2 2 2 2 2 2 2
left_child=2 4 20 15 5 6 8 -8 -2 10 -7 -11 13 14 -4 16 17 -3 -16 -18 -1 -22 23 -23 26 -26 -14 28 -15 -27
right_child=1 3 12 -5 -6 9 7 -9 -10 11 -12 -13 24 27 18 -17 19 -19 -20 -21 21 22 -24 -25 25 29 -28 -29 -30 -31
leaf_value=-0.073324899193079413 -0.016245216109067307 -0.0045681835956324877 -0.074421695153547324 0.077780420566676847 0.055846679379587955 -0.0080833563826570413 -0.041055727866658683 0.098741907975953488 0.058213467240652773 -0.037524297215514903 0.11364174334191553 0.0051114116798080325 0.030948363062838782 -0.02530448940871537 -0.082470179251320885 0.063796199637588466 -0.076852720563451105 0.053092939696465544 0.16827191198860519 0.05006910421199956 -0.039149895520498031 -0.080575240363790823 0.29186479307221697 5.298133330867298 -0.067782094283894451 0.11611944761448133 -0.031991635121236095 -0.032644432566161175 0.039005638488204056 0.028886716353611119
leaf_weight=358.19480326754274 49.327684689662419 60.164463541586883 49.430637739598751 219.14521524356678 83.098344196565449 54.755368789192289 219.78634383459575 7.5412225354230022 33.736119985813275 97.049642975791357 33.325350761006121 1274.1570346147637 41.988611592329107 19.253258089651354 1.8990170161123376 40.615837855148129 25.110294628422711 74.590565878315829 3.4039326052879915 5.7853810903616241 14.339376672345676 0.09479924937477413 0.75679952604696155 0.059470996260643005 15.533356877684126 6.9966191662824704 85.18626828037668 45.93490340304561 33.922559511149302 108.28806342883036
leaf_count=512152 3458 556 36570 27360 3506 3680 53251 536 360 11961 613 64523 960 3955 343 2240 1492 3122 225 233 16114 55 38 26 355 560 3367 6495 1759 3887
internal_value=-0.00109034 0.0111587 -0.0366261 0.0509662 0.00201861 -0.00050898 -0.0229268 -0.0364182 0.013996 0.00425932 0.0379713 0.00209379 -0.00598344 -0.0255198 -0.0596076 0.0224777 0.0123469 0.0273488 0.0784797 -0.0530859 -0.070419 -0.00216749 0.579901 1.99291 0.00566635 0.0220738 -0.0112111 -0.00669495 0.015721 0.0341809
internal_weight=3063.47 2278.19 785.282 425.412 1852.78 1769.68 310.391 227.328 83.0638 1459.29 88.0807 1371.21 411.837 153.844 54.7336 206.267 165.651 134.755 5.30295 30.8957 373.445 15.2504 0.91107 0.15427 257.993 130.818 127.175 99.1107 53.1758 115.285
internal_count=763752 176891 586861 35003 141888 138382 57605 53787 3818 80777 4293 76484 58476 49347 37138 7643 5403 3678 568 1725 528385 16233 119 81 9129 4802 4327 12209 5714 4447
is_linear=0
shrinkage=0.08


Tree=61
num_leaves=31
num_cat=0
split_feature=13 13 7 2 4 1 11 4 3 13 15 1 3 2 11 4 7 4 2 4 1 15 7 1 1 4 13 7 4 8
split_gain=185.465 95.3751 132.841 32.5243 84.0989 50.091 25.2951 23.3484 21.7231 19.3689 16.6999 15.0148 14.5324 30.7562 15.8082 13.1997 13.1062 15.2942 13.0522 29.9385 28.6009 10.87 10.6927 10.3414 13.0681 10.7999 9.46189 9.38004 8.77288 7.34562
threshold=0.72869884967803966 0.31580458581447607 0.64946165680885326 0.68801230192184459 0.80901724100112926 0.69614070653915416 1.0000000180025095e-35 0.72850123047828685 0.80747961997985851 0.37842392921447759 17.500000000000004 0.75123763084411632 0.9487842619419099 0.51899951696395885 1.0000000180025095e-35 0.75204917788505565 0.75075757503509533 0.96490147709846508 0.55625879764556896 0.63733074069023143 0.56635218858718883 31.500000000000004 0.97687783837318432 0.4246212244033814 0.42761905491352087 0.25320513546466833 0.99756097793579113 0.84463602304458629 0.54201978445053112 0.46841144561767584
decision_type=2 2 2 2 2 2 2 2 2 2 2 2 2 2 2 2 2 2 2 2 2 2 2 2 2 2 2 2 2 2
left_child=1 2 12 4 18 8 22 21 -5 -9 23 26 -1 -14 -15 -10 17 -6 19 -3 -20 -7 -2 25 -25 -4 29 28 -12 -8
right_child=6 3 10 5 16 7 11 9 15 -11 27 -13 13 14 -16 -17 -18 -19 20 -21 -22 -23 -24 24 -26 -27 -28 -29 -30 -31
leaf_value=-0.072260801101165659 0.013046264987823042 -0.0071981233056596042 0.055232351927305655 -0.067278344973588616 0.1465686880861459 0.10237863765739796 0.11022951361238846 -0.059219964247433476 0.062278808570659018 0.0016874097763850098 -0.069598041706239067 0.063036607920531992 2.5280388049639608 -0.052008631365265082 0.27654008389351376 -0.026105977571113874 0.080204831911541805 0.50817377306357003 -0.063832775211384959 0.054833284419580561 0.014755840349814999 -0.058493817586227612 0.065370815940849911 0.81535288423352204 0.10883826763772493 -0.00057909122838705807 0.074904375451793098 0.00019519823592112619 0.014691930315227085 -0.011823184675547653
leaf_weight=346.98345460050041 190.02527212630957 148.57282537425635 24.002949700225145 98.632980864553247 11.783214550872795 20.06119569181465 3.4401422468945375 34.610675947682466 11.611519437807145 967.52579450584017 44.823371723352466 266.91683427756652 0.032504952047019198 2.8059814174193889 1.4073642111616207 157.46119518525666 63.804340696893632 0.7993618755135693 51.994507925119251 74.897530110261869 68.925990076560993 3.1040242881863369 28.780818884260952 0.17732148105278556 3.0411075971205719 293.73571367119439 13.703617081046103 31.358354951604269 9.5941009882953932 38.185356351546943
leaf_count=526564 4749 5688 894 37865 647 2021 49 29510 1307 29443 29719 29782 3 2931 42 18688 2157 29 6115 1946 5823 1007 1462 22 374 16927 1630 2958 1332 2119
internal_value=-0.00150387 -0.0107904 -0.0344202 -0.000339558 0.0189797 -0.00662653 0.0409208 0.00141933 -0.0374418 -0.000416141 -0.00329782 0.0551744 -0.0704607 0.0766469 0.057735 -0.0200359 0.0949205 0.169541 0.00213577 0.0135921 -0.0190364 0.0808225 0.0199288 0.00508232 0.147764 0.00363708 0.0172458 -0.0346548 -0.0547373 -0.00173613
internal_weight=3012.8 2471.75 757.962 1713.79 420.778 1293.01 541.052 1025.3 267.706 1002.14 406.733 322.246 351.229 4.24585 4.21335 169.073 76.3869 12.5826 344.391 223.47 120.92 23.1652 218.806 320.957 3.21843 317.739 55.3291 85.7758 54.4175 41.6255
internal_count=763803 724012 581766 142246 22405 119841 39791 61981 57860 58953 52226 33580 529540 2976 2973 19995 2833 676 19572 7634 11938 3028 6211 18217 396 17821 3798 34009 31051 2168
is_linear=0
shrinkage=0.08


Tree=62
num_leaves=31
num_cat=0
split_feature=15 13 13 10 8 3 10 9 10 8 9 0 9 9 2 10 9 13 2 8 2 3 13 15 4 9 10 8 9 13
split_gain=173.57 94.9912 92.0778 35.6261 30.3883 29.3364 28.489 19.668 16.1344 15.3168 19.4364 13.4138 17.4561 57.1706 16.0945 13.1629 12.979 13.6843 14.9617 12.7933 12.7602 12.2999 11.0581 10.9719 10.1996 9.43146 10.523 9.24749 9.03568 10.1684
threshold=12.500000000000002 0.82563906908035289 0.33261258900165563 0.41666667163372045 0.5432812273502351 0.91112279891967785 0.29166667163372045 0.82828345894813549 1.0000000180025095e-35 0.7697085738182069 0.70921841263771068 0.43792808055877691 0.65895015001297008 0.65582832694053661 0.22048611193895343 0.83333334326744091 0.78383582830429088 0.49991323053836828 0.96609193086624157 0.69592735171318065 0.9941176474094392 0.92655104398727428 0.44490455090999609 4.5000000000000009 0.25320513546466833 0.68650209903717052 1.0000000180025095e-35 0.75419202446937572 0.76607736945152294 0.99756097793579113
decision_type=2 2 2 2 2 2 2 2 2 2 2 2 2 2 2 2 2 2 2 2 2 2 2 2 2 2 2 2 2 2
left_child=1 5 4 28 -2 7 8 9 20 10 -1 15 13 -13 -14 27 17 18 21 24 -7 -4 -8 -21 -9 26 -19 -6 -3 -30
right_child=2 3 16 -5 11 6 22 19 -10 -11 -12 12 14 -15 -16 -17 -18 25 -20 23 -22 -23 -24 -25 -26 -27 -28 -29 29 -31
leaf_value=-0.010119416901856327 -0.072326602878031873 0.049018404404486279 -0.029953526682300443 0.072406864553449413 -0.060929918690975436 0.042738391532497436 0.12010842994380896 0.28833661901279534 -0.058237732350506485 0.010605473002976108 -0.049670324990210679 0.22375093181202668 1.369983371090812 2.8585661087680228 -0.0066226102329172984 0.020845151535231622 0.037990516695467887 -0.0025789067321941323 -0.073595051425137378 0.023397524769374903 0.0067031672175363911 0.021406586266026369 0.045315143199528056 -0.0096226238833666006 0.048261128430184472 -0.040494403432426489 0.049188835079683746 -0.0037602861664208687 0.0026470254880464001 0.0759606761854658
leaf_weight=412.54551291186363 269.53826713410672 59.744916405528784 124.80649184592767 203.94369595358148 63.99691574240569 77.960756762884557 14.378155305865219 1.1654788282467041 21.011054679809604 160.22007003799081 98.509749016317073 1.6479337020427909 0.054992871009744593 0.054446401190943905 4.6836811419925652 25.077354753389955 36.638371228473261 349.21188043011352 37.64667155983625 130.23244768404402 325.33572142326739 39.219965368974954 105.3395173503086 127.40847477025818 40.115887419087812 38.359878898831084 27.079350539250299 25.25372004363453 106.74335027765483 13.656804998405276
leaf_count=110526 439302 1818 44193 27672 53482 2445 599 74 601 3239 8637 761 2 66 1855 3888 1172 3703 25264 3276 9979 1608 5794 1977 2230 1055 644 3356 3754 772
internal_value=-0.000430893 0.0139754 -0.0266442 0.049508 -0.0573846 0.00496238 0.0198327 -0.00337593 0.0101084 -0.0109769 -0.0177432 -0.0240365 0.0882909 0.308019 0.00935306 -0.0303648 -0.00826919 -0.0110192 -0.028112 0.0136932 0.0136691 -0.0176729 0.0542979 0.00706842 0.0550391 -0.00270575 0.0011465 -0.0447536 0.023584 0.0109629
internal_weight=2941.58 1898.31 1043.27 384.089 390.307 1514.22 544.025 970.198 424.308 671.275 511.055 120.769 6.44105 1.70238 4.73867 114.328 652.963 616.324 201.673 298.922 403.296 164.026 119.718 257.641 41.2814 414.651 376.291 89.2506 180.145 120.4
internal_count=763744 183393 580351 34016 502712 149377 19418 129959 13025 122402 119163 63410 2684 827 1857 60726 77639 76467 71065 7557 12424 45801 6393 5253 2304 5402 4347 56838 6344 4526
is_linear=0
shrinkage=0.08


Tree=63
num_leaves=31
num_cat=0
split_feature=15 10 3 4 7 2 7 7 1 7 5 1 8 7 1 7 4 5 7 8 0 1 9 5 5 5 5 9 7 9
split_gain=140.623 63.5388 72.6454 56.2279 65.155 28.5004 28.0771 31.6577 37.0653 24.2001 25.1988 23.4472 20.3886 27.7496 18.4645 17.1875 17.106 21.0043 21.2806 20.8576 16.1802 15.653 15.5741 13.2399 19.0701 13.1717 12.7709 12.3498 11.7372 13.541
threshold=10.500000000000002 0.83333334326744091 0.78261634707450878 0.8550420105457307 0.61577314138412487 0.75931033492088329 0.58853390812873851 0.74311000108718883 0.51649147272109996 1.0000000180025095e-35 3.5000000000000004 0.89725545048713695 0.27792632579803472 0.54295176267623912 0.33549784123897558 0.63661757111549389 0.53001201152801525 12.500000000000002 0.78969484567642223 0.8445824682712556 0.91042780876159679 0.76533168554306041 0.65045598149299633 20.500000000000004 12.500000000000002 4.5000000000000009 1.5000000000000002 0.76607736945152294 0.51869320869445812 0.57847407460212719
decision_type=2 2 2 2 2 2 2 2 2 2 2 2 2 2 2 2 2 2 2 2 2 2 2 2 2 2 2 2 2 2
left_child=1 11 26 4 9 6 -5 8 -8 10 14 20 -7 -14 -2 22 19 21 -19 -6 23 -18 25 24 -1 -13 -3 -21 29 -4
right_child=3 2 28 5 16 12 7 -9 -10 -11 -12 15 13 -15 -16 -17 17 18 -20 27 -22 -23 -24 -25 -26 -27 -28 -29 -30 -31
leaf_value=-0.0087101186652514834 0.88621187849373517 -0.038274912502038017 0.15072139962014303 -0.035911066831117402 -0.048975143236870376 0.0022949749990810956 0.054684706293988965 0.10191472819667098 0.74018448589522867 -0.076369541405359689 -0.06657612639580715 0.014033085525764058 -0.070124255388573989 -0.0053154742323188479 0.038429933497880778 0.037250891016395796 -0.024681069089258108 0.15256481042655276 0.02231044297425885 0.20883989603572162 0.084456673915962135 0.093991274498596108 -0.04444625543021035 -0.062116861318101756 0.025442311708613725 -0.33260523613985798 0.015525464731083276 0.015534536254492987 0.075372306705312878 -0.07717544594579373
leaf_weight=711.80247505626176 0.16557431465480732 32.33932683384046 2.2400601964909566 8.0704562363098393 101.91466937569203 345.62572914629709 0.89469213323900421 12.195467163808642 1.1584560968913136 254.8553190160892 29.304560770862736 226.8010081773391 70.272326887119561 106.16119336913107 23.54669245693367 183.40137310652062 84.582320483459625 10.32059838506393 36.129225188866258 2.3560131718404618 13.011244500521569 7.7665730249136677 34.882182954344898 25.582688814494759 122.67103684664471 0.70374318119138379 222.64090604789089 20.693732657469809 209.53418275731383 6.5408319567213766
leaf_count=80835 138 1410 96 7450 56403 6559 65 111 94 452188 5980 6076 67309 2701 3810 10988 5183 1643 557 137 431 116 677 3444 11349 59 10058 655 27458 412
internal_value=-0.00132418 0.012558 0.0377032 -0.0236168 -0.0411404 -0.00521588 0.0833133 0.150842 0.441467 -0.0661396 -0.0169635 0.00353416 -0.00900068 -0.0311284 0.0443497 0.018462 -0.0119606 0.00737058 0.0512514 -0.0334318 -0.00408798 -0.0147007 0.00532903 -0.00542751 -0.00368957 0.0129608 0.00870192 0.0352931 0.071575 -0.0190375
internal_weight=2908.16 1792.15 473.295 1116.01 571.635 544.378 22.3191 14.2486 2.05315 307.872 53.0168 1318.86 522.059 176.434 23.7123 445.788 263.763 138.799 46.4498 124.964 873.067 92.3489 262.387 860.056 834.474 227.505 254.98 23.0497 218.315 8.78089
internal_count=764392 153293 39434 611099 526810 84289 7720 270 159 462116 9928 113859 76569 70010 3948 17800 64694 7499 2200 57195 96059 5299 6812 95628 92184 6135 11468 792 27966 508
is_linear=0
shrinkage=0.08


Tree=64
num_leaves=31
num_cat=0
split_feature=13 13 7 5 5 5 2 3 8 2 7 3 4 7 9 15 1 7 9 1 9 3 3 0 13 8 1 8 2 0
split_gain=131.166 77.2256 109.521 22.4422 19.6661 24.4539 36.852 21.3924 26.7255 18.247 17.5208 14.5654 13.9812 21.3785 41.9981 14.6357 13.9775 13.9301 12.461 11.1265 10.0029 9.93392 9.21577 9.05756 8.30441 8.20489 8.18971 7.35895 8.22957 7.3939
threshold=0.78267124295234691 0.31580458581447607 0.58191436529159557 4.5000000000000009 20.500000000000004 14.500000000000002 0.75931033492088329 0.76799523830413829 0.6353554129600526 0.65058138966560375 0.98270881175994884 0.57032433152198803 0.68496242165565502 0.62306958436965953 0.6436959207057954 11.500000000000002 0.59870129823684703 0.91905540227890026 0.51998367905616771 0.43288289010524755 0.97960025072097789 0.92655104398727428 0.9487842619419099 0.40967366099357611 0.12000937387347223 0.36151385307312017 0.90521115064620983 0.90029239654541027 0.90366768836975109 0.8155706822872163
decision_type=2 2 2 2 2 2 2 2 2 2 2 2 2 2 2 2 2 2 2 2 2 2 2 2 2 2 2 2 2 2
left_child=1 2 21 18 5 7 11 9 -9 -3 22 -7 15 14 -14 19 -8 -17 25 -4 -6 -1 27 -15 -23 -2 -24 28 -5 -29
right_child=3 4 12 10 20 6 16 8 -10 -11 -12 -13 13 23 -16 17 -18 -19 -20 -21 -22 24 26 -25 -26 -27 -28 29 -30 -31
leaf_value=-0.072953981435379331 -0.25742844630505468 -0.0031877421645072068 0.00041386467917935762 -0.1530090010740571 -0.078690214875592968 -0.0073000020565114456 -0.078320564130494374 -0.00076252070081900898 0.030213333151336914 -0.04052197579277049 0.074916549361240634 0.088456291255653949 1.1779059355897363 -0.015652500469382834 0.12299649750597802 -0.043656121670885985 0.037465527839673406 0.024976254983795788 0.055375064409159951 0.17262493602002901 -0.61340216564861449 0.7931994912313346 -0.066878229690094909 0.10460923757132175 0.022086103568373091 0.024353058996196515 -0.40896968462699212 -0.052754890690744648 0.021453287370407144 0.064325016068651736
leaf_weight=260.61557519773487 1.3467432316392653 213.63801368378336 278.90055845625466 1.7678788527846325 16.142206024436749 12.322002156346569 18.176718170230746 1054.6177679671673 214.5232864562422 137.84104198176647 25.069262003526092 58.114252885337919 0.31611529595102439 8.7662224668310973 1.0237626577145418 102.28155478439294 10.542841840651816 23.224402747582644 276.89667624281719 2.4219933927524826 0.22705664485692878 0.09085127990692754 5.7479373645037404 7.3843274948303579 5.5285820820718072 1.2994787213392553 0.48573098797351111 19.90123588079587 81.688151307869703 4.1766388886608175
leaf_count=484510 33 10368 16269 35 3361 852 4788 69310 6919 45257 2807 2467 62 220 141 74264 1527 805 30671 670 6 2 249 161 4756 61 21 936 2015 277
internal_value=-0.000702893 -0.00783521 -0.0304638 0.0406662 0.00116533 0.00199601 0.0405625 -0.000363638 0.00447334 -0.0178293 0.0143751 0.0717048 -0.00522745 0.0648085 0.37188 -0.00823844 -0.0358159 -0.030956 0.0537239 0.00189648 -0.0861072 -0.0706848 0.00103449 0.0393334 0.034553 -0.119054 -0.0935342 0.00651658 0.0177576 -0.0324458
internal_weight=2845.08 2426.7 690.554 418.38 1736.15 1719.78 99.1558 1620.62 1269.14 351.479 138.837 70.4363 424.319 17.4904 1.33988 406.829 28.7196 125.506 279.543 281.323 16.3693 266.235 113.768 16.1505 5.61943 2.64622 6.23367 107.534 83.456 24.0779
internal_count=763820 726715 581860 37105 144855 141488 9634 131854 76229 55625 6340 3319 92592 584 203 92008 6315 75069 30765 16939 3367 489268 3533 381 4758 94 270 3263 2050 1213
is_linear=0
shrinkage=0.08


Tree=65
num_leaves=31
num_cat=0
split_feature=15 13 7 10 13 7 3 10 2 1 8 5 3 5 15 10 7 5 0 3 3 5 3 2 9 3 2 15 5 5
split_gain=121.642 68.8649 95.9997 36.5131 24.3191 14.5582 17.7654 24.9801 22.9518 17.9907 16.6633 13.2207 12.0037 11.2738 10.4556 9.87858 9.56167 9.00867 11.7303 8.87807 8.09624 7.33512 7.28228 31.5893 9.61323 6.06494 5.95316 9.40802 6.0733 5.7976
threshold=3.5000000000000004 0.31580458581447607 0.66506412625312816 0.83333334326744091 0.58608135581016552 0.9656645953655244 0.76353451609611522 0.41666667163372045 0.51316702365875255 0.51316702365875255 0.28633540868759161 3.5000000000000004 0.92225828766822826 12.500000000000002 18.500000000000004 0.83333334326744091 0.84463602304458629 4.5000000000000009 0.40224719047546392 0.95896086096763622 0.62404102087020885 25.500000000000004 0.62974384427070629 0.270728349685669 0.84201759099960338 0.49909955263137823 0.4403389841318131 15.500000000000002 11.500000000000002 11.500000000000002
decision_type=2 2 2 2 2 2 2 2 2 2 2 2 2 2 2 2 2 2 2 2 2 2 2 2 2 2 2 2 2 2
left_child=3 2 15 11 21 6 8 10 13 -10 -8 -1 -9 -3 17 -2 -16 18 -4 29 -19 -5 24 -24 -17 -18 27 28 -7 -13
right_child=1 5 14 4 -6 26 7 12 9 -11 -12 19 -14 -15 16 22 25 20 -20 -21 -22 -23 23 -25 -26 -27 -28 -29 -30 -31
leaf_value=0.0284659910642025 -0.072897403296944954 -0.010473157062927674 -0.011156054321952795 0.018858278595581712 0.075981497860285602 -0.0360956120749195 0.0059520813841681119 0.017376184173955898 -0.084210765729901937 -0.024549293973485823 -0.014026302057943677 -0.0072715780538877154 0.073552522976674417 0.045184836803617519 -0.055077213050551757 -0.056981245746615485 0.046535399584906011 0.0088064653438279378 -0.13479677091641667 -0.19920572499608416 0.076307305729749295 0.26842808826480413 1.0165320417907597 0.028138247434965381 0.23576732159891334 -0.028714219439149452 0.045169189631300295 0.09473633678572721 0.036678443175115399 0.024700667761818718
leaf_weight=230.51369119831361 249.88092228697496 65.722647760354448 60.854256880062167 81.264400572283193 140.66398538323119 22.306138014420867 621.6252070578048 65.004503722768277 41.818071283341851 142.83271863646223 468.61147375707515 134.90797771094367 38.918424764182419 36.076702400925569 41.968998063879553 13.291280908160843 12.575673521496357 167.79364677064586 5.3420456275343886 1.4238008093088854 12.198999456362797 0.76076385239139099 0.21718731248984013 4.3893338741036132 0.75888207642128769 15.068536411039529 57.223517291713506 6.2630275525152674 10.938158906064926 49.659055727766827
leaf_count=12635 509146 3785 4743 2631 23467 188 6020 3778 11735 43525 65056 5189 3101 759 26365 18099 1353 10842 475 49 554 31 75 2594 548 1427 3748 60 182 1825
internal_value=-0.00101533 -0.0100811 -0.0335409 0.0296442 0.0557934 -0.00139025 -0.00335471 0.000937192 -0.0212469 -0.0380609 -0.00263514 0.0156632 0.0384138 0.0092515 -0.00363976 -0.0687048 -0.0310143 0.00410074 -0.0211339 -0.000204372 0.0133813 0.021173 -0.0125504 0.0747388 -0.0411692 0.00551771 0.0286787 0.00479347 -0.0121512 0.00133078
internal_weight=2800.87 2161.68 584.34 639.194 222.689 1577.34 1480.61 1194.16 286.45 184.651 1090.24 416.505 103.923 101.799 315.802 268.538 69.6132 246.189 66.1963 185.991 179.993 82.0252 18.6567 4.60652 14.0502 27.6442 96.7308 39.5073 33.2443 184.567
internal_count=763985 718158 576221 45827 26129 141937 137759 77955 59804 55260 71076 19698 6879 4544 45759 530462 29145 16614 5218 7063 11396 2662 21316 2669 18647 2780 4178 430 370 7014
is_linear=0
shrinkage=0.08


Tree=66
num_leaves=31
num_cat=0
split_feature=15 13 7 10 13 1 8 13 7 0 10 4 2 7 1 4 8 3 3 10 4 0 7 8 13 3 1 9 4 1
split_gain=111.83 68.4073 105.365 34.1562 25.6163 24.805 31.6751 28.0063 20.0531 22.9093 18.7494 12.3057 19.224 11.9835 11.7626 11.7539 10.6798 10.3439 8.5369 8.30594 10.6573 7.36276 11.0387 7.94571 6.70806 6.47685 14.3286 6.2474 5.85236 8.35612
threshold=3.5000000000000004 0.36075492203235632 0.61577314138412487 0.58333334326744091 0.53342181444168102 0.49719101190567022 0.40687818825244909 0.32259546220302587 0.97687783837318432 0.41421362757682806 0.83333334326744091 0.4248871803283692 0.19139194488525393 1.0000000180025095e-35 0.20734438300132754 0.58919963240623485 0.96677702665328991 0.85716018080711376 0.60849815607070934 0.58333334326744091 0.64075469970703136 0.78629976511001598 0.90976935625076305 0.90029239654541027 0.28864668309688574 0.81437420845031749 0.51316702365875255 0.7261720895767213 0.4248871803283692 0.32071428000926977
decision_type=2 2 2 2 2 2 2 2 2 2 2 2 2 2 2 2 2 2 2 2 2 2 2 2 2 2 2 2 2 2
left_child=3 2 13 21 28 11 -7 -8 9 -3 16 12 -4 25 -13 18 -11 -12 -10 -15 -21 -1 23 24 -23 -2 -27 -25 29 -5
right_child=1 8 5 4 -6 6 7 -9 15 10 17 14 -14 19 -16 -17 -18 -19 -20 20 -22 22 -24 27 -26 26 -28 -29 -30 -31
leaf_value=0.0033307414444881996 -0.050330044777457859 -0.057384710196866751 0.025950013593154967 0.0095449126904907505 0.073461871839388404 1.7204868443662793 1.4821768908486401 0.13344360199070485 0.032300874421391894 -0.0018867134717368678 0.011644623179499318 -0.045649463408107334 -0.031762735191165445 -0.075825358549644908 0.01658506229985654 0.065934959961749584 -0.18277003841399717 0.074377166633712591 -0.090923961223534425 -0.063056944835736609 0.059488917662599249 0.21803907069438291 0.053786431009971165 -0.38548169099814394 0.01374125618280448 0.23589887258076625 -0.01228167095887518 -0.0639998691343205 0.033475255117711822 -0.10024050216766427
leaf_weight=195.33285737293772 8.054403960646594 46.05825732217636 47.458659905882087 23.942826650338251 145.5967819406651 0.088737627316731404 0.10240716332918998 2.6048409867216833 9.2589939152821881 1267.8552797168959 35.86276299029123 22.060874348069774 166.64059820852708 248.7418660428375 163.39370518820942 44.817283314652741 2.0924917114898554 31.683611922897398 5.8853037925437084 13.90231574358768 6.7455543223186387 1.0363107946468506 60.285603520460427 0.50637133512645904 138.35892647469882 2.0106055448995894 5.7371608588146046 1.6393298730254171 54.608696617884561 5.4463756206678218
leaf_count=8537 6598 4652 5999 288 25115 13 86 519 74 68137 1263 1957 39180 532272 24786 3313 72 3103 56 21561 3204 94 4672 13 4944 500 1135 97 2093 87
internal_value=-0.0011031 -0.00983963 -0.0306081 0.0286024 0.0531652 -0.00424139 0.233212 0.184462 5.23484e-05 -0.0019106 -2.83203e-07 -0.00590304 -0.0189697 -0.0678064 0.00918191 0.0453454 -0.00218475 0.0410702 -0.0155862 -0.0717781 -0.0230218 0.0144028 0.0251187 0.0129084 0.0152601 -9.75089e-05 0.0521231 -0.139867 0.0179841 -0.0108004
internal_weight=2757.81 2131.06 687.542 626.754 229.595 402.35 2.79599 2.70725 1443.51 1383.55 1337.49 399.554 214.099 285.192 185.455 59.9616 1269.95 67.5464 15.1443 269.39 20.6479 397.159 201.827 141.541 139.395 15.8022 7.74777 2.1457 83.9979 29.3892
internal_count=764420 718480 637810 45940 27583 72540 618 605 80670 77227 72575 71922 45179 565270 26743 3443 68209 4366 130 557037 24765 18357 9820 5148 5038 8233 1635 110 2468 375
is_linear=0
shrinkage=0.08


Tree=67
num_leaves=31
num_cat=0
split_feature=7 7 1 10 10 15 7 1 10 4 5 5 9 0 10 9 7 15 9 5 1 15 13 0 5 15 0 0 15 5
split_gain=112.057 139.796 74.3563 26.8789 25.2523 22.4157 20.8643 23.5494 23.9225 17.9406 23.2732 17.9875 17.0586 14.1489 13.8266 20.7235 14.394 13.6309 12.1495 11.7796 15.2292 10.1489 9.86303 8.48083 20.4623 14.8644 12.9555 20.6852 11.4165 10.5928
threshold=0.56148993968963634 1.0000000180025095e-35 0.89059829711914074 0.41666667163372045 0.29166667163372045 6.5000000000000009 0.85814890265464794 0.53001201152801525 1.0000000180025095e-35 0.53001201152801525 14.500000000000002 18.500000000000004 0.84201759099960338 0.89059829711914074 0.29166667163372045 0.59484562277793895 0.48579499125480657 20.500000000000004 0.68650209903717052 20.500000000000004 0.30068494379520422 25.500000000000004 0.46967236697673803 0.77871939539909374 2.5000000000000004 44.500000000000007 0.63453349471092235 0.54415586590766918 15.500000000000002 4.5000000000000009
decision_type=2 2 2 2 2 2 2 2 2 2 2 2 2 2 2 2 2 2 2 2 2 2 2 2 2 2 2 2 2 2
left_child=1 23 4 13 6 14 7 -2 -9 19 12 -12 -11 -4 -3 16 -16 -15 -17 20 -6 -8 -7 24 26 28 27 -1 -26 -27
right_child=2 5 3 -5 9 22 21 8 -10 10 11 -13 -14 17 15 18 -18 -19 -20 -21 -22 -23 -24 -25 25 29 -28 -29 -30 -31
leaf_value=-0.034767429659175224 -0.049453256205733265 -0.054391495651847956 0.1141916255842645 0.072624553278164167 0.017339715984405958 -0.07496994874240806 0.014182853981934425 0.0097747163369183588 -0.062545374450835883 0.004544498615005668 0.089919245290824609 0.0063889444843786801 0.044947084312165909 0.032149706209131074 0.035016224677297703 -0.056194437557631871 0.21506589206853799 -0.022162839818785397 0.042463710129024598 -0.065469201018338405 -0.019295823333725325 -0.040244724723037681 -0.023326646888039222 -0.0031797051841965839 0.013703645091578705 0.199656392288838 0.055056854595514182 0.30849310072501201 -0.043592695557566612 0.040094497419807688
leaf_weight=1.6627164476667555 127.91926611764939 64.56182807328878 11.279676776379345 138.52710802480578 179.15436596004292 258.37124018877512 209.77232443168759 146.22633684120956 36.600074289686745 255.74701381256455 52.758999565150589 24.006677266879706 90.56542877148604 158.88544926885515 11.671834565233437 30.032548053713981 3.7561990391695863 36.33698227070272 10.883740976918487 17.258755188318901 122.11971104319673 24.485252464888617 26.054774218937382 536.32001808739733 53.13843348424416 3.0422643548809019 20.574688187683932 3.4648804914322682 38.296893312770408 21.346593644178938
leaf_count=969 72831 19135 299 24270 17216 536775 4653 4422 2051 9756 2315 1167 7465 6495 3825 8782 399 297 1503 2233 16640 1641 3379 3488 1657 434 1386 918 5654 1347
internal_value=-0.000859062 -0.0208072 0.0123836 0.0453623 0.00353982 -0.0579733 -0.00953407 -0.0231246 -0.00470306 0.0131477 0.0239443 0.0637971 0.0151103 0.027074 -0.0291183 -0.000159098 0.0788522 0.0220404 -0.0299514 -0.00119244 0.00248971 0.00849393 -0.0702392 0.00141704 0.0188366 0.00450695 0.0834113 0.197185 -0.0102944 0.0599982
internal_weight=2714.82 1083.18 1631.64 345.029 1286.61 405.332 545.003 310.746 182.826 741.611 423.078 76.7657 346.312 206.502 120.906 56.3443 15.428 195.222 40.9163 318.533 301.274 234.258 284.426 677.846 141.526 115.824 25.7023 5.1276 91.4353 24.3889
internal_count=763402 589651 173751 31361 142390 573798 85598 79304 6473 56792 20703 3482 17221 7091 33644 14509 4224 6792 10285 36089 33856 6294 540154 15853 12365 9092 3273 1887 7311 1781
is_linear=0
shrinkage=0.08


Tree=68
num_leaves=31
num_cat=0
split_feature=13 13 7 10 2 4 1 5 3 4 3 13 10 7 4 7 1 13 5 7 3 10 1 5 9 9 9 1 15 0
split_gain=84.596 46.6653 83.6858 40.4569 20.3869 62.0741 38.706 32.7295 23.5904 19.2795 16.2388 15.8268 14.7526 16.8187 14.4026 15.9918 14.2978 12.9834 12.4367 11.5659 10.964 11.518 10.3456 9.82134 8.24126 7.7534 6.96492 7.73293 7.72115 6.76922
threshold=0.82563906908035289 0.31580458581447607 0.56847450137138378 0.58333334326744091 0.68801230192184459 0.80901724100112926 0.69614070653915416 12.500000000000002 0.82265600562095653 0.72850123047828685 0.54129019379615795 0.37842392921447759 0.29166667163372045 0.76986128091812145 0.69309264421463024 0.70337250828742992 0.96362435817718517 0.26332701742649084 20.500000000000004 0.31612257659435278 0.90769547224044811 0.29166667163372045 0.65485891699790966 4.5000000000000009 0.57340237498283397 0.58330893516540538 0.94117149710655224 0.74133810400962841 1.5000000000000002 0.64549729228019725
decision_type=2 2 2 2 2 2 2 2 2 2 2 2 2 2 2 2 2 2 2 2 2 2 2 2 2 2 2 2 2 2
left_child=1 2 20 23 5 7 8 22 24 16 -9 -11 13 29 -14 -16 -8 -15 -7 -10 -1 -22 -3 -2 -6 -23 -25 -28 -29 -4
right_child=3 4 12 -5 6 18 9 10 19 11 -12 -13 14 17 15 -17 -18 -19 -20 -21 21 25 -24 26 -26 -27 27 28 -30 -31
leaf_value=-0.071831921949194411 0.031714881738547501 -0.015711739177065621 -0.068818703141857937 0.075500540931122379 -0.019933188373531724 0.092266695760606393 0.053787452933510754 -0.043252459066311852 0.016703762561724213 -0.059370457538036478 0.063522755441124165 0.0020696250014156253 0.0015874369444125931 0.019092248474748722 0.26756898114621286 0.035938688298895211 0.27902462515252707 -0.053496912805519027 -0.11707956305071479 -0.028511943211543839 -0.033399678393508957 0.092518607654287821 0.054811044631950898 0.0053897085856573776 -0.076369982729071681 0.44361551363957752 0.0017026176039861064 0.08507252921084113 -0.16320322272153565 0.49609019038863361
leaf_weight=191.31686513111345 115.03313398081809 240.70179226086475 44.977532020100625 114.32186426129192 21.302248230407713 64.950200875173323 23.258854061656169 10.623940697812939 53.480259065283462 27.54894315788988 64.212421030912083 1032.5943672657013 280.27753475238569 48.04148365277797 2.6826355173252505 6.6026844263542444 1.9553526531672094 23.475833950098604 1.8684084715205234 112.09229241011781 5.0347105177643234 1.3613852716516701 14.092481136583954 78.685242763720453 74.378992090903921 0.57155036649783131 6.5041500609368068 0.95180546306073655 5.0821437668055296 0.13616786073543963
leaf_count=470573 8573 15210 57723 24333 7171 2784 3114 526 1233 29527 2500 34487 34640 7122 145 137 93 3236 50 18306 8196 93 1247 1269 31477 70 123 27 98 7
internal_value=-0.00122065 -0.00648474 -0.0256382 0.0373273 0.000157499 0.016103 -0.00453693 0.00185061 -0.0321817 0.00211738 0.0483647 0.00047304 -0.00484105 -0.0288638 0.00483489 0.102859 0.0712545 -0.00473542 0.0864129 -0.0139072 -0.0682419 0.0303322 -0.0118112 0.0161691 -0.063805 0.196335 -0.00343427 -0.0588108 -0.12404 -0.0671136
internal_weight=2668.12 2347.54 604.478 320.578 1743.06 396.449 1346.61 329.631 261.254 1085.36 74.8364 1060.14 406.194 116.631 289.563 9.28532 25.2142 71.5173 66.8186 165.573 198.285 6.96765 254.794 206.256 95.6812 1.93294 91.2233 12.5381 6.03395 45.1137
internal_count=764090 729667 581942 34423 147725 22317 125408 19483 58187 67221 3026 64014 103010 68088 34922 282 3207 10358 2834 19539 478932 8359 16457 10090 38648 163 1517 248 125 57730
is_linear=0
shrinkage=0.08


Tree=69
num_leaves=31
num_cat=0
split_feature=13 13 8 9 9 8 2 11 4 9 4 8 13 5 3 15 5 3 15 5 5 5 11 3 4 8 9 3 3 3
split_gain=77.2378 43.7964 71.1695 20.7089 16.0504 22.8741 18.8506 17.8904 17.1343 16.5677 15.8832 14.8019 12.1031 13.2163 11.6364 9.43523 13.1548 23.8026 8.29094 8.24618 8.02025 10.1054 8.80279 7.7755 6.98959 6.32738 12.4853 13.0959 6.36816 6.27834
threshold=0.85678410530090343 0.31580458581447607 0.55744957923889171 0.82828345894813549 0.6380394995212556 0.7697085738182069 0.4970588237047196 1.0000000180025095e-35 0.93440860509872448 0.45725645124912268 0.44315245747566229 0.99790793657302868 0.99756097793579113 6.5000000000000009 0.90451204776763927 9.5000000000000018 13.500000000000002 0.61692997813224804 32.500000000000007 9.5000000000000018 12.500000000000002 24.500000000000004 1.0000000180025095e-35 0.49334540963172918 0.79705882072448742 0.90029239654541027 0.76607736945152294 0.90002635121345531 0.82265600562095653 0.9148516356945039
decision_type=2 2 2 2 2 2 2 2 2 2 2 2 2 2 2 2 2 2 2 2 2 2 2 2 2 2 2 2 2 2
left_child=1 2 15 4 7 6 -6 9 -9 -3 19 18 13 -2 -7 16 29 -18 -4 23 22 -22 -12 -5 -20 -15 27 -27 -28 -1
right_child=12 3 11 10 5 14 -8 8 -10 -11 20 -13 -14 25 -16 -17 17 -19 24 -21 21 -23 -24 -25 -26 26 28 -29 -30 -31
leaf_value=-0.061681185509347272 0.043971351692973476 0.0040956848090885709 -0.0033534212411326265 0.087511981468278252 0.032338384969961054 0.0011141559502452342 -0.028300665523677587 0.0089095272537117517 0.066805609378748729 -0.024842051900894262 -0.00045557001096647564 0.05570638236458729 0.074310236967310983 0.018552859455493138 0.054898128755759217 -0.067893842978605262 -0.0258024886126243 0.22299984389630609 -0.05430641074734039 -0.13170581048671873 0.077170818520088127 -0.21884664385237382 0.037897991102623631 -0.04479813777140753 0.27500945741657451 0.088357548168287989 -0.12750807849526161 -0.27198540797563064 0.009646812974275585 0.04239577608462558
leaf_weight=37.258858330489602 152.50935311894864 670.48715707479278 307.5865642328281 3.6891500306082952 35.861171270837076 105.83802070468664 385.56963265803643 93.268217360891867 50.390012098971056 156.10369781809277 60.549626550870016 25.860968854743987 50.2161196898669 46.80352664552629 34.02037342172116 181.39918923971709 8.9165169941552431 3.3990249091002616 26.98767979309196 5.0410812706686547 28.234397374151744 0.75788153801113267 104.22219305631006 12.388442516676148 0.41888551783631456 0.87823173170909585 2.491929751820865 2.4355821516364813 16.59329662239179 4.1196590106992508
leaf_count=44546 20067 10648 46979 48 1993 2560 49139 14524 3543 55667 1373 340 9109 1282 1993 460155 5142 1555 21793 61 1270 18 7183 202 26 37 107 101 868 1449
internal_value=-0.00151141 -0.00619659 -0.0249229 0.000193558 -0.00306955 -0.0138371 -0.0231407 0.00315948 0.0292173 -0.00136928 0.0234508 -0.0026084 0.0388465 0.0308142 0.014197 -0.0591743 -0.0297165 0.0428656 -0.00711022 -0.0424304 0.0306313 0.0694327 0.023804 -0.0144384 -0.0492731 0.00181823 -0.0331493 -0.176487 -0.0082613 -0.0513192
internal_weight=2614.3 2342.37 595.947 1746.42 1531.54 561.289 421.431 970.249 143.658 826.591 214.883 360.854 271.928 221.712 139.858 235.093 53.6941 12.3155 334.993 21.1187 193.764 28.9923 164.772 16.0776 27.4066 69.2026 22.399 3.31381 19.0852 41.3785
internal_count=763778 732207 581985 150222 140067 55685 51132 84382 18067 66315 10155 69138 31571 22462 4553 512847 52692 6697 68798 311 9844 1288 8556 250 21819 2395 1113 138 975 45995
is_linear=0
shrinkage=0.08


Tree=70
num_leaves=31
num_cat=0
split_feature=10 13 7 13 7 1 2 4 9 13 2 4 1 15 2 3 4 9 0 4 9 9 7 7 5 5 1 0 3 4
split_gain=66.1622 62.8598 67.8477 60.4152 21.6223 17.1901 28.1861 27.1671 18.3352 17.52 17.1825 13.7489 14.4066 9.15489 8.9103 16.7761 11.5967 8.28229 8.08117 11.929 9.09283 8.04638 6.97811 6.6871 6.60497 6.47294 6.50289 6.16592 10.5958 10.2266
threshold=0.58333334326744091 0.31113032996654516 0.65319725871086132 0.72869884967803966 0.98270881175994884 0.60640108585357677 0.60535588860511791 0.69920635223388683 0.57340237498283397 0.37842392921447759 0.71535181999206554 0.4248871803283692 0.23132664710283282 12.500000000000002 0.71010184288024913 0.9148516356945039 0.72065573930740368 0.73521250486373912 0.40967366099357611 0.57932874560356151 0.52540060877799999 0.84201759099960338 0.56345811486244213 0.66830870509147655 21.500000000000004 20.500000000000004 0.22048611193895343 0.25158227980136877 0.39006689190864569 0.54201978445053112
decision_type=2 2 2 2 2 2 2 2 2 2 2 2 2 2 2 2 2 2 2 2 2 2 2 2 2 2 2 2 2 2
left_child=1 2 -1 11 5 6 7 -3 -8 17 -11 12 25 27 16 21 22 -7 20 -20 -15 -16 -13 -18 -14 -2 -27 28 -4 -29
right_child=3 4 13 -5 -6 9 8 -9 -10 10 -12 14 24 18 15 -17 23 -19 19 -21 -22 -23 -24 -25 -26 26 -28 29 -30 -31
leaf_value=-0.072192190336902676 0.029387365876392742 -0.01944219942616246 -0.03946401272375076 0.076282122441574285 0.048423056243945245 -0.049731766552158954 7.5160772396050823e-06 0.047386797566719013 -0.057091698522613442 0.047681019952319555 0.0020642765440569803 -0.066634047649349992 -0.02711311545680177 0.36551487926832521 -0.05718462567115095 0.054217875132836067 0.12857860836817184 0.32639719942251094 -0.080774837324187734 0.14435087573963462 -0.038419763958590238 0.042959143400919657 0.0230466690122417 0.050632775410477643 -0.18131452046489446 -0.12602711272794467 0.3148003040911117 -0.025621967426158822 0.045630706641568257 0.042883467124578127
leaf_weight=177.5742558632046 50.607950819365215 103.38275546365185 11.790174445544833 116.49025261658244 56.691179884131998 44.914204501314089 50.886454629158834 62.446047032717615 122.96588736464037 55.234226086293347 1222.5875112350332 5.7868955076264674 82.23600126709789 0.35870170281850633 28.844986477139173 18.847121092723683 8.9387523929472064 0.37782886001514171 2.4375421865552189 3.9433034687535837 62.725111588049913 6.2469791471958152 137.32438504969468 33.235592327138875 1.8170440643734753 2.7563492477056566 0.23220769217004988 51.759359174699057 45.529065583192278 19.090046878030989
leaf_count=497465 4180 7492 542 27180 3145 52882 9026 1247 32828 1744 46667 8874 11358 220 2464 1089 1011 181 1801 209 34246 345 5120 2632 249 322 53 5983 2477 485
internal_value=-0.000428021 -0.00663573 -0.0363031 0.0259283 -0.000162035 -0.00181849 -0.0178721 0.00572355 -0.0403788 0.00230293 0.00403607 0.0103641 -0.0097797 -0.0040567 0.0219548 -0.00666074 0.0302852 -0.0465941 -0.0274448 0.0583508 -0.0361229 -0.0393573 0.0194203 0.0671532 -0.0304466 0.0226313 -0.0917753 0.00861916 0.0281273 -0.00716349
internal_weight=2588.06 2094.69 375.208 493.365 1719.49 1662.79 339.681 165.829 173.852 1323.11 1277.82 376.874 137.65 197.633 239.225 53.9391 185.286 45.292 69.4647 6.38085 63.0838 35.092 143.111 42.1743 84.053 53.5965 2.98856 128.169 57.3192 70.8494
internal_count=763517 698640 543428 64877 155212 152067 50593 8739 41854 101474 48411 37697 16162 45963 21535 3898 17637 53063 36476 2010 34466 2809 13994 3643 11607 4555 375 9487 3019 6468
is_linear=0
shrinkage=0.08


Tree=71
num_leaves=31
num_cat=0
split_feature=15 13 7 10 10 10 3 5 3 13 4 2 2 1 1 13 9 4 13 10 4 4 5 9 9 0 3 15 13 15
split_gain=58.2176 39.5065 64.6543 18.8522 17.0231 26.3921 25.286 22.4959 21.4985 18.5514 16.293 16.1333 16.0791 15.9091 13.5907 12.1205 10.1892 9.16405 12.1194 7.61775 11.4728 64.0732 7.12889 8.57382 6.18154 5.67386 4.68906 19.2984 4.41599 4.8824
threshold=2.5000000000000004 0.28041514754295355 0.64946165680885326 0.83333334326744091 0.29166667163372045 1.0000000180025095e-35 0.92655104398727428 5.5000000000000009 0.49334540963172918 0.4062622487545014 0.44315245747566229 0.81302964687347423 0.65058138966560375 0.54653680324554454 0.64051282405853283 0.53342181444168102 0.63008126616477977 0.95916664600372326 0.31428970396518713 0.58333334326744091 0.64075469970703136 0.64565756916999828 45.500000000000007 0.99896907806396495 0.87159258127212536 0.48331478238105779 0.91853463649749767 44.500000000000007 0.99756097793579113 1.5000000000000002
decision_type=2 2 2 2 2 2 2 2 2 2 2 2 2 2 2 2 2 2 2 2 2 2 2 2 2 2 2 2 2 2
left_child=3 2 19 28 5 9 7 8 -6 11 -9 -3 14 -11 -7 -5 -14 -8 -19 26 24 -22 23 25 -21 -4 -2 -28 29 -1
right_child=1 4 22 15 6 12 17 10 -10 13 -12 -13 16 -15 -16 -17 -18 18 -20 20 21 -23 -24 -25 -26 -27 27 -29 -30 -31
leaf_value=-0.0031352088918101457 -0.075530611314874707 -0.014006731800973098 -0.0051822938788556481 0.017153387903227454 0.089405932845051259 0.0063062516754477972 0.083239631071584108 -0.043151563036775815 -0.022581694494045356 -0.031683135467881415 0.02916216479537018 -0.077654297449650495 -0.010390990933702349 0.0047870367065104063 0.4326977570473729 0.075900093208615904 -0.081542554224435113 0.61315324595705023 0.028692843821333792 -0.054111819598310879 2.837937627766479 0.07680085358822579 -0.60003406781313684 0.067031924609842738 0.47320404185788384 -0.13637223244127536 -0.031582456415630372 0.87255684998850003 0.071998522926074865 0.023774680681770365
leaf_weight=64.507430707337335 138.73713372298516 111.76102080233977 265.08165848802309 31.795455433661118 11.678859771782298 19.614929653471339 34.346478494204348 22.214163995085983 181.0211556625145 82.937122035946231 194.84132465548464 33.018492994073313 16.967748955503339 994.10842430021148 0.49037645990028877 76.690668143564835 53.480505755927879 0.22796975367236783 57.256771927233785 12.174777957581679 0.054829033440909725 2.8313094326877035 0.12823900784132902 10.631226298399268 0.14395953644998449 2.1268085768970186 1.5038624075823452 0.16796265501761798 9.0609973429236543 130.33737192500848
leaf_count=3648 435024 62578 45617 1078 384 5110 3463 538 22946 4373 16367 53235 10002 24556 178 18720 15243 9 6319 22948 67 1650 17 162 23 162 1930 443 1217 5976
internal_value=-0.000620599 -0.00511837 -0.0268128 0.0317393 6.71268e-05 -0.004724 0.0126029 0.00409955 -0.0157945 -0.00163551 0.0217613 -0.0285222 -0.0463965 0.00197868 0.0167061 0.0586824 -0.0644054 0.0505452 0.0310107 -0.0681011 -0.0143131 0.129255 -0.00369857 -0.00342333 -0.0479495 -0.00622648 -0.0739258 0.0592534 0.0174044 0.0148656
internal_weight=2559.94 2247.55 433.582 312.392 1813.97 1312.38 501.587 409.756 192.7 1221.83 217.055 144.78 90.5536 1077.05 20.1053 108.486 70.4483 91.8312 57.4847 155.614 15.2049 2.88614 277.968 277.84 12.3187 267.208 140.409 1.67183 203.906 194.845
internal_count=763983 733344 508043 30639 225301 175275 50026 40235 23330 144742 16905 115813 30533 28929 5288 19798 25245 9791 6328 462085 24688 1717 45958 45941 22971 45779 437397 2373 10841 9624
is_linear=0
shrinkage=0.08


Tree=72
num_leaves=31
num_cat=0
split_feature=15 13 7 10 10 10 5 4 0 5 4 9 15 2 4 7 2 0 2 4 13 13 10 4 7 10 4 4 7 8
split_gain=57.5497 34.4735 68.378 20.5762 14.6861 26.3693 18.4893 23.9864 18.362 22.7549 14.8973 14.508 12.4925 12.4247 12.4207 11.4355 9.45399 9.01754 10.1446 9.97043 8.92364 9.4297 8.84417 8.54489 7.8456 6.44101 8.77204 45.3386 5.70104 8.70358
threshold=2.5000000000000004 0.28041514754295355 0.64946165680885326 0.83333334326744091 0.29166667163372045 1.0000000180025095e-35 4.5000000000000009 0.87226107716560375 0.78830561041831981 5.5000000000000009 0.44315245747566229 0.6098708212375642 14.500000000000002 0.82972848415374767 0.77032968401908886 0.60049262642860424 0.65058138966560375 0.27812939882278448 0.27812939882278448 0.61167800426483165 0.081975657492876067 0.53342181444168102 0.58333334326744091 0.49590164422988897 0.69789379835128795 0.83333334326744091 0.73401361703872692 0.74133810400962841 0.56148993968963634 0.3714850395917893
decision_type=2 2 2 2 2 2 2 2 2 2 2 2 2 2 2 2 2 2 2 2 2 2 2 2 2 2 2 2 2 2
left_child=3 2 25 28 5 6 12 -8 9 14 -11 15 -3 -10 -6 -7 -13 18 19 -4 -5 -22 -15 -19 -25 -2 -27 -28 29 -1
right_child=1 4 17 20 8 11 7 -9 13 10 -12 16 -14 22 -16 -17 -18 23 -20 -21 21 -23 -24 24 -26 26 27 -29 -30 -31
leaf_value=0.024005884366436924 -0.075375029389488396 0.014083258433327965 0.018230561992812765 0.8403602584391674 -0.0048269066612408682 -0.083023444032788218 -0.040359276189087225 -0.00067108441946104106 0.096105246747141382 -0.041910774650021437 0.027236069542687428 -0.0099610147845392277 -0.006092433844374523 0.0086905267424862414 -0.051961306483793088 0.067736495053896034 -0.077577579343557676 -0.037941677856941934 -0.061345523827607162 -0.055755551359170832 0.023946934127202918 0.076412435528964845 0.057975695617246838 0.11887958727779786 -0.0025638698837107152 -0.046673881784338546 2.0630571503382553 0.059028841321189657 0.02297602179543046 -0.058384221719691452
leaf_weight=18.104605461936444 132.55689459247515 454.18188913451741 160.1371269360825 0.093931989744304611 116.20338491743314 4.5597532223619046 155.03407434589462 262.43228460141108 20.028598933946341 22.262641424807953 191.19997641412192 17.303396070346935 346.07709075737512 62.538233762024902 51.699789739475818 10.959683312685227 56.270696190535091 67.31223398988368 12.660351974569492 12.572378057346212 31.679782384540886 71.198839069344103 37.142380246601533 3.9692287895595681 23.930538397282362 11.744408402475527 0.074627542286179405 2.2681545322411694 168.2973909387365 15.008598424203226
leaf_count=903 441561 21345 17029 7 8526 6250 43698 30672 1994 533 16296 4716 48744 4482 11084 363 19284 20965 4050 371 1088 18807 7066 1688 1940 19898 33 580 8121 1734
internal_value=-0.000756264 -0.0052005 -0.0256386 0.0318783 -0.000370746 -0.00483553 -0.0017617 -0.01541 0.0112736 0.00269348 0.0200245 -0.0468485 0.00535815 0.0386077 -0.0193403 0.0234418 -0.0616753 -0.0025008 0.00777772 0.0128447 0.0609682 0.0602565 0.0270549 -0.0225122 0.0147136 -0.0699093 -0.0184785 0.122866 0.0170058 -0.0133375
internal_weight=2539.5 2235.12 427.226 304.383 1807.89 1306.82 1217.73 417.466 501.075 381.366 213.463 89.0935 800.259 119.709 167.903 15.5194 73.5741 280.582 185.37 172.71 102.973 102.879 99.6806 95.212 27.8998 146.644 14.0872 2.34278 201.411 33.1132
internal_count=763828 733168 508115 30660 225053 175072 144459 74370 49981 36439 16829 30613 70089 13542 19610 6613 24000 46043 21450 17400 19902 19895 11548 24593 3628 462072 20511 613 10758 2637
is_linear=0
shrinkage=0.08


Tree=73
num_leaves=31
num_cat=0
split_feature=13 15 13 10 15 15 10 3 10 8 2 5 2 2 1 2 8 5 8 8 10 3 8 1 9 9 0 3 15 3
split_gain=45.4342 31.1285 32.4767 16.259 14.9847 44.6196 27.394 13.581 30.5897 17.2514 19.3142 16.043 13.9952 21.2609 16.3991 13.5187 17.0569 12.8551 9.86824 9.60837 8.58906 58.441 8.15889 8.17075 10.9437 6.40922 6.19751 5.62028 5.58283 5.28421
threshold=0.92149859666824352 20.500000000000004 0.28421603143215185 0.58333334326744091 44.500000000000007 45.500000000000007 0.29166667163372045 0.85909903049469005 0.83333334326744091 0.5047174096107484 0.9941176474094392 13.500000000000002 0.68801230192184459 0.89725545048713695 0.58123165369033825 0.62145593762397777 0.90029239654541027 5.5000000000000009 0.94241821765899669 0.870479315519333 0.29166667163372045 0.91853463649749767 0.97793999314308178 0.79118219017982494 0.69988623261451732 0.82828345894813549 0.60943254828453075 0.91853463649749767 41.500000000000007 0.88855791091918956
decision_type=2 2 2 2 2 2 2 2 2 2 2 2 2 2 2 2 2 2 2 2 2 2 2 2 2 2 2 2 2 2
left_child=1 7 20 18 19 6 -6 9 15 10 11 -1 14 -14 -11 26 -17 -12 -2 28 -3 25 23 29 -25 -22 -9 -7 -4 -20
right_child=3 2 4 -5 5 27 -8 8 -10 12 17 -13 13 -15 -16 16 -18 -19 22 -21 21 -23 -24 24 -26 -27 -28 -29 -30 -31
leaf_value=-0.056290756478455189 0.036576549215232228 -0.069917655236313284 -0.020403556806994617 0.07484550353168884 0.044842001587870932 -0.0038022429061649638 0.41344250696924101 -0.013899829464339883 0.06159092426211437 0.0017812063531476028 0.066277576429058058 0.015666120464234632 -0.045951732064541319 0.032838995119387954 0.056256729786710834 0.0051389692005566036 -0.063019044331373897 -0.025436162569553621 -0.05495167153497809 0.069702083515186544 -0.038207718362542629 4.6985184175044106 0.041262556361156423 -0.52906712654894017 -0.0054144638725518524 0.064502673278078099 0.10203613416871883 -0.038616712691180131 -0.059866048812496464 -0.22274674019005047
leaf_weight=106.66886388050625 63.948281846009195 83.287471333300346 249.4926266836992 58.768235492520034 85.798916836763965 50.037050012411783 1.3101013729465183 3.8209729168447693 64.968615529476665 530.25894479900307 19.871087063249433 24.358169659564737 83.841293360223062 29.676846930116881 37.894368321634829 781.32684540862101 24.227469573263079 19.262596552609466 2.244690841529521 7.1818266892805687 43.527720725935069 0.016740848746848225 7.9430522066541007 0.26206619665026565 10.075073479674755 4.2696725431596851 12.959836130525217 72.93365730860387 25.267449594539357 2.5837747561745346
leaf_count=141541 4046 256389 75179 17405 6023 19072 52 612 11286 53263 939 21166 3729 988 1633 41650 1021 4472 45 150 85642 12 627 17 801 1845 691 3569 10107 55
internal_value=-0.00100388 -0.00367912 -0.0190212 0.042333 -0.00959363 0.00658005 0.0503857 0.00181788 0.00874465 -0.00539732 -0.0281841 -0.0429138 0.000290784 -0.0253536 0.00541458 0.00456953 0.00308908 0.0211337 0.0203853 -0.0216449 -0.0544028 -0.0273775 -0.0244206 -0.0588225 -0.0186901 -0.0290327 0.0756376 -0.0244506 -0.0240326 -0.144741
internal_weight=2508.08 2362.26 623.123 145.825 492.022 210.08 87.109 1739.14 887.304 851.832 170.161 131.027 681.671 113.518 568.153 822.335 805.554 39.1337 87.0569 281.942 131.102 47.8141 23.1087 15.1656 10.3371 47.7974 16.7808 122.971 274.76 4.82847
internal_count=764027 741031 458040 22996 114152 28716 6075 282991 55260 227731 168118 162707 59613 4717 54896 43974 42671 5411 5591 85436 343888 87499 1545 918 818 87487 1303 22641 85286 100
is_linear=0
shrinkage=0.08


Tree=74
num_leaves=31
num_cat=0
split_feature=7 8 2 10 3 2 4 4 5 9 3 3 10 10 9 9 7 3 7 7 3 2 4 4 10 7 9 0 8 0
split_gain=40.6977 115.661 40.8294 35.9395 24.7321 36.8161 49.7338 27.5924 23.5182 19.0599 16.3004 15.9667 15.6776 14.0762 15.247 15.0728 10.9693 10.6656 10.3952 12.0039 133.268 9.78562 9.86752 9.37096 8.78437 8.76159 12.8766 15.0239 8.22967 8.02577
threshold=0.56148993968963634 0.26702317595481878 0.90070420503616344 0.41666667163372045 0.94194158911705028 0.8155706822872163 0.89725545048713695 0.86425063014030468 11.500000000000002 0.65123665332794201 0.91112279891967785 0.6931876838207246 1.0000000180025095e-35 0.29166667163372045 0.75185659527778637 0.59408587217330944 0.64946165680885326 0.92225828766822826 0.28018692135810858 0.28483246266841894 0.90769547224044811 0.86425063014030468 0.93063354492187511 0.99230769276618969 0.22500000149011615 0.48724456131458288 0.61060068011283886 0.48528139293193823 0.37850958108901983 0.77871939539909374
decision_type=2 2 2 2 2 2 2 2 2 2 2 2 2 2 2 2 2 2 2 2 2 2 2 2 2 2 2 2 2 2
left_child=1 18 4 9 5 6 8 11 -2 16 25 -7 -11 -12 15 -15 17 -4 29 20 -20 -6 -23 -8 -14 -3 27 -27 -18 -1
right_child=2 10 3 -5 21 7 23 -9 -10 12 13 -13 24 14 -16 -17 28 -19 19 -21 -22 22 -24 -25 -26 26 -28 -29 -30 -31
leaf_value=0.022466839265599576 -0.011124983579017905 -0.076665586193311694 0.16480013172080618 0.061718566352226237 0.10106862891381241 -0.130944099788535 0.11327551366692057 -0.09538733259829664 0.017558783239301764 0.013172125126413071 -0.045885150626664928 0.039399893821784479 -0.12218106504656243 0.093427547675103612 0.23952818847122259 -0.035908048715774167 -0.048774432044563033 0.055641170764303034 -0.080074333578172147 0.14866252022570786 11.987198930557316 0.039314108498054244 -0.17516246836724134 0.0022624605779566543 -0.023091322130106281 -0.064572224066121592 -0.057936609825749205 0.12777014347208243 0.038924605384851103 0.00084425912656005549
leaf_weight=138.62124470922572 611.36115629997221 148.21367685544828 8.1787919818889367 139.07000915636308 20.724906951625602 4.2638825585600015 29.141944045564742 45.946804741164669 261.05968799395487 205.04329453641549 73.536448850674788 20.229801513836719 6.4671539417468002 8.404357363295281 1.8944239541888226 18.375768247293308 7.9611357459798446 19.121876576915383 0.050274636843823273 2.1589683868223801 0.0066295196884311727 9.0385553431697172 1.6187364296056319 5.8420786139758993 49.945798493456095 4.7617781914741482 45.487544799383613 5.7223797377082519 48.983972802292556 529.56497294912697
leaf_count=23565 93260 437797 179 30390 1432 189 936 1554 35139 6225 28784 891 124 263 26 564 99 153 159 1104 16 645 99 149 1803 14083 75206 3114 776 5071
internal_value=-8.83918e-06 -0.0127067 0.00829318 0.0273753 -0.000872736 -0.00311627 0.00120871 -0.0588301 -0.00254177 0.0135596 -0.0534266 0.00974626 0.00289677 -0.0273464 0.0201966 0.0046811 0.0466517 0.0883432 0.00590373 0.178892 1.3258 0.069034 0.00673725 0.0947371 -0.0344509 -0.0664818 -0.039515 0.0404106 0.026664 0.00533006
internal_weight=2470.8 976.798 1494 484.772 1009.23 977.845 907.405 70.4405 872.421 345.702 306.396 24.4937 261.456 102.211 28.6745 26.7801 84.2458 27.3007 670.402 2.21587 0.0569042 31.3822 10.6573 34.984 56.413 204.185 55.9717 10.4842 56.9451 668.186
internal_count=763795 589752 174043 39749 134294 132118 129484 2634 128399 9359 559837 1080 8152 29637 853 827 1207 332 29915 1279 175 2176 744 1085 1927 530200 92403 17197 875 28636
is_linear=0
shrinkage=0.08


Tree=75
num_leaves=31
num_cat=0
split_feature=7 8 7 13 8 7 3 1 10 15 3 10 10 9 8 3 15 5 3 15 13 8 9 9 8 8 15 15 15 2
split_gain=38.5612 115.123 39.0824 240.748 280.974 44.3193 196.046 33.645 23.1553 19.2585 16.2442 13.2715 13.538 17.3109 12.8541 11.9529 13.4473 10.9561 15.6265 10.8107 9.13082 10.926 8.81614 8.65124 8.42099 7.99723 7.50122 17.3414 16.5456 14.8736
threshold=0.55329477787017833 0.22278624027967456 0.28483246266841894 0.27920481562614446 0.26702317595481878 0.28018692135810858 0.91112279891967785 0.89059829711914074 0.58333334326744091 5.5000000000000009 0.95896086096763622 0.29166667163372045 1.0000000180025095e-35 0.6466963291168214 0.56675580143928539 0.936404049396515 46.500000000000007 4.5000000000000009 0.63663211464881908 42.500000000000007 0.46967236697673803 0.27792632579803472 0.67294195294380199 0.51998367905616771 0.46681350469589239 0.30317392945289617 44.500000000000007 45.500000000000007 29.500000000000004 0.82972848415374767
decision_type=2 2 2 2 2 2 2 2 2 2 2 2 2 2 2 2 2 2 2 2 2 2 2 2 2 2 2 2 2 2
left_child=1 26 3 5 -5 -3 -7 10 15 25 11 12 14 -14 -2 16 -9 23 -19 22 21 -11 -17 -13 -21 -4 28 29 -1 -28
right_child=7 2 9 4 -6 6 -8 8 -10 20 -12 17 13 -15 -16 19 -18 18 -20 24 -22 -23 -24 -25 -26 -27 27 -29 -30 -31
leaf_value=0.0065091547255402308 -0.033511742456384906 -0.065402207274869548 0.10353578166609191 -5.0966389469307174 -0.080052017349051638 -0.073550588326977792 -3.4620307834662065 0.070296077383741842 0.075287120649392233 0.22892291141578916 0.078159721524287865 -0.12091945640979339 0.02337492649987551 -0.061718411430992694 0.0029015742721887417 0.050016627027200354 0.46638539360438502 0.0040495585157855271 0.035467504577871345 0.042370618215287745 -0.02393407870694985 -0.073503227245492755 0.010218444179479074 -0.003508962885802114 -0.06424854099214819 -0.024007309633430216 0.20614053984154385 -0.0048405491000279681 -0.033102115686803497 0.041608627685676358
leaf_weight=457.39598537280108 75.095872948382748 5.2373843251843928 3.2735441097756839 0.13916423964838021 0.14686116055236198 0.54720057315716975 0.13654487238090951 17.356449592858556 63.107318278169259 0.76809898164356027 17.600604882260086 4.0846289021428666 20.733586982518318 58.390986840007827 356.98377278998669 49.757718136999756 0.56647159159183402 273.3361373271473 160.99440737263649 6.4832531046122339 29.687225401517935 165.2776788570045 125.40315404580906 240.70254596421728 17.642591701820493 80.969609082414536 3.7198586692247764 76.935457456173026 79.169015882027452 64.283935405517695
leaf_count=9669 26125 16884 766 23 389 2231 61 681 20639 1851 1389 170 4958 15411 43171 1404 6 28768 9633 45 3316 516526 8457 20726 149 21284 478 2693 5568 387
internal_value=-0.00042261 -0.0128542 -0.0554351 -0.253986 -2.52085 -0.144484 -0.750235 0.00766069 0.0326301 -0.0510332 0.00186615 0.000738037 -0.00899823 -0.0394208 -0.0034271 0.0202367 0.0828149 0.00806699 0.0156953 0.0146087 -0.0647982 -0.0721043 0.0215239 -0.00546813 -0.0355972 -0.0190512 0.00502678 0.0211756 0.000664597 0.0506086
internal_weight=2455.93 967.688 286.183 6.20716 0.286025 5.92113 0.683745 1488.24 280.317 279.976 1207.92 1190.32 511.204 79.1246 432.08 217.21 17.9229 679.118 434.331 199.287 195.733 166.046 175.161 244.787 24.1258 84.2432 681.504 144.939 536.565 68.0038
internal_count=763858 582126 563331 19588 412 19176 2292 181732 31381 543743 150351 148962 89665 20369 69296 10742 687 59297 38401 10055 521693 518377 9861 20896 194 22050 18795 3558 15237 865
is_linear=0
shrinkage=0.08


Tree=76
num_leaves=31
num_cat=0
split_feature=15 15 9 7 15 15 3 5 0 1 7 1 4 3 7 8 5 7 9 15 9 9 3 5 0 9 9 3 0 1
split_gain=38.8463 24.5339 24.7625 40.112 16.8655 22.5078 11.9564 17.8158 11.9519 9.23779 9.21616 9.07294 20.5411 14.8125 14.6972 39.555 9.53955 8.75047 9.83138 8.07841 9.45023 13.1199 9.52321 7.73444 7.70286 6.72163 6.31545 5.74467 14.0324 5.58018
threshold=2.5000000000000004 20.500000000000004 0.45725645124912268 0.54067841172218334 44.500000000000007 45.500000000000007 0.61456999182701122 13.500000000000002 0.88067796826362621 0.8841681480407716 0.94496843218803417 0.91042780876159679 0.93813776969909679 0.9693376123905183 0.53034487366676342 0.26108804345130926 10.500000000000002 0.55081140995025646 0.51998367905616771 1.5000000000000002 0.83436289429664623 0.82266426086425792 0.53103181719779979 5.5000000000000009 0.62115561962127697 0.63298720121383678 0.67777207493782055 0.87835022807121288 0.92940199375152599 0.18301435559988025
decision_type=2 2 2 2 2 2 2 2 2 2 2 2 2 2 2 2 2 2 2 2 2 2 2 2 2 2 2 2 2 2
left_child=9 11 4 -4 -3 8 10 -8 -6 19 -5 13 -13 14 15 -2 -16 25 -19 20 21 -1 29 -23 -7 -11 -27 -14 -29 -22
right_child=1 2 3 6 5 24 7 -9 -10 17 -12 12 27 -15 16 -17 -18 18 -20 -21 22 23 -24 -25 -26 26 -28 28 -30 -31
leaf_value=-0.033219279773542318 0.0019306605800857078 -0.021129859844842547 -0.074201187368955965 -0.048273834811081801 0.10394394353051321 0.062578646838123558 -0.0086232937433238961 0.091474741981557112 0.029779446790365878 0.023873107896997911 0.030399491107788036 0.068592863654207956 0.092018766726762569 0.088498642487515974 -0.0046895840066192435 -0.064784834306205324 0.013418694453685669 -0.23319698494147975 0.056054863758794815 0.025990701995113899 -0.40782706009507225 -0.64358495403355309 0.053104657155036671 -0.16832992552023651 -0.020043698958443202 -0.13922048822004798 0.048639121333138635 -0.10931910377159219 0.0061284414184488382 -0.060111373416548756
leaf_weight=26.528738080989118 163.93124498137263 140.05759546859281 105.82310229222594 71.932944132000557 19.991870878540794 8.0664190748211677 119.57379597972613 12.576680709491482 45.688594792241929 14.369097901741045 10.98487575817853 35.846463233741815 4.7960520853666813 11.159571305819552 625.56060682026146 87.092694671671097 265.08821170745068 0.75796161056496103 96.301585924578831 113.4322947578039 0.32647864148021044 0.33551308535970648 16.781565453391522 0.63194007566198707 68.957895513696712 3.7018580690491936 1.6583677816670386 6.8727615517072982 344.08351056506581 3.1008531217230484
leaf_count=1715 7340 10399 358269 72647 682 1792 11585 1213 238 339 285 2327 203 864 52816 172848 21987 49 20295 6312 3 18 1612 41 1296 52 23 470 16352 119
internal_value=-0.00135232 -0.00499363 -0.018669 -0.0338788 -0.00140814 0.0179477 -0.0140384 0.000902976 0.0523537 0.0267912 -0.0378513 0.000351486 0.0108721 -0.00322221 -0.00411876 -0.0212163 0.000700072 0.0439232 0.053796 0.0143744 -0.0132467 -0.0437723 0.0282863 -0.333149 -0.011391 -0.00464678 -0.0810997 0.00505604 0.00386764 -0.0932339
internal_weight=2426.01 2148.08 603.654 320.891 282.762 142.705 215.068 132.15 65.6805 277.926 82.9178 1544.43 391.599 1152.83 1141.67 251.024 890.649 116.789 97.0595 161.137 47.7051 27.4962 20.2089 0.967453 77.0243 19.7293 5.36023 355.752 350.956 3.42733
internal_count=764191 733613 458406 443999 14407 4008 85730 12798 920 30578 72932 275207 19352 255855 254991 180188 74803 20758 20344 9820 3508 1774 1734 59 3088 414 75 17025 16822 122
is_linear=0
shrinkage=0.08


Tree=77
num_leaves=31
num_cat=0
split_feature=7 12 1 10 15 0 10 10 9 3 8 9 5 9 15 7 8 4 5 1 3 7 8 8 9 7 13 9 15 15
split_gain=34.8101 93.7561 22.9169 24.0167 18.2494 15.5732 16.5464 16.6036 15.4344 13.11 13.0295 12.4674 19.4609 16.9528 10.5086 9.43081 8.95331 6.9947 15.23 16.6226 10.3943 5.95742 7.52202 12.1813 5.86288 11.369 12.1806 8.78553 5.61975 6.30996
threshold=0.55329477787017833 1.0000000180025095e-35 0.89059829711914074 0.58333334326744091 5.5000000000000009 0.91042780876159679 0.29166667163372045 1.0000000180025095e-35 0.68198150396347057 0.936404049396515 0.44290508329868322 0.69283226132392894 5.5000000000000009 0.81391924619674694 20.500000000000004 0.6269463598728181 0.34217563271522528 0.71535181999206554 4.5000000000000009 0.27639257907867437 0.88013967871665966 0.52655076980590831 0.49130369722843176 0.48968963325023657 0.63298720121383678 0.52655076980590831 0.3931736052036286 0.63224700093269359 49.500000000000007 44.500000000000007
decision_type=2 2 2 2 2 2 2 2 2 2 2 2 2 2 2 2 2 2 2 2 2 2 2 2 2 2 2 2 2 2
left_child=1 4 5 9 24 6 7 8 -2 15 -9 12 -8 -13 16 -4 -11 18 19 -3 -21 -6 23 -23 25 27 -27 -1 29 -19
right_child=2 17 3 -5 21 -7 11 10 -10 14 -12 13 -14 -15 -16 -17 -18 28 -20 20 -22 22 -24 -25 -26 26 -28 -29 -30 -31
leaf_value=-0.017676421679634326 -0.027221513278335517 1.6323318378555789 0.21129888194156141 0.074619454373446081 -0.072306845676497547 0.086581330951909327 -0.0037478408610374879 0.082593003784177041 0.0061773835479621919 -0.14749531672395766 -0.051960870520618298 -0.016069884463105331 0.045349577112173835 0.01497134335655423 -0.030019471990023687 0.055378261480548703 0.020710876734356336 -0.001505779910694916 -0.062131680602779106 0.16565025379708168 -0.060136304669888514 0.022365651242641574 -0.063706340104816392 0.61548523722805493 -0.045709359914118466 0.55547356371585099 0.079072837070350094 0.74458719865292244 -0.10060827588936906 0.017784223689383802
leaf_weight=42.477772196186947 124.69111551779497 0.046716879471203288 3.0078394263982799 56.182592977536842 162.30420431392747 13.841865839320233 87.082822108161054 4.9138281282794187 305.54558548027126 2.0518881510943165 73.500275479789707 192.99169006128795 127.05192795780022 270.31972640284221 34.822701479773968 14.219739131396635 156.02834469149821 519.43417495998438 4.0893286421778612 6.2957484126091003 1.6460877864155916 6.606372022462895 11.498680988050181 0.22930211531638622 38.285775075230049 0.37701825998374161 3.8615914331749082 0.096990240272133543 3.3989530813996671 137.19243297271896
leaf_count=14228 35339 39 25 20699 514898 1177 12035 1002 33967 85 19426 17280 16088 14154 300 676 9681 7938 3067 2821 40 11230 16460 405 8047 267 60 94 177 1770
internal_value=-0.000770843 -0.0128075 0.00692803 0.0281579 -0.0530344 0.0022163 0.00123175 -0.00967284 -0.00350228 0.0157355 -0.043529 0.00941931 0.025383 0.00204117 0.00976388 0.0826011 0.0185276 0.00309748 0.0634286 0.127703 0.118852 -0.0674239 -0.0241978 0.0422618 -0.0224901 -0.00350042 0.121448 -0.0159399 0.00199348 0.00252458
internal_weight=2404.09 937.841 1466.25 266.313 265.738 1199.94 1186.1 508.651 430.237 210.131 78.4141 677.446 214.135 463.311 192.903 17.2276 158.08 672.103 12.0779 7.98855 7.94184 180.639 18.3344 6.83567 85.0991 46.8134 4.23861 42.5748 660.026 656.627
internal_count=763475 581541 181934 31466 565689 150468 149291 89734 69306 10767 20428 59557 28123 31434 10066 701 9766 15852 5967 2900 2861 542993 28095 11635 22696 14649 327 14322 9885 9708
is_linear=0
shrinkage=0.08


Tree=78
num_leaves=31
num_cat=0
split_feature=10 13 7 13 2 4 7 4 5 4 7 3 4 3 2 4 2 3 7 8 7 10 8 0 15 5 2 8 7 8
split_gain=35.1996 34.1455 42.6685 31.6057 16.4182 32.2083 14.2672 13.3954 12.5463 12.1351 11.9221 9.91102 8.6823 8.10141 13.7998 19.1535 13.5868 28.3899 12.4663 8.53514 7.9527 7.50938 6.79573 6.49369 6.29276 11.7045 5.8594 15.8492 5.73118 5.01449
threshold=0.83333334326744091 0.31746700406074529 0.5855005979537965 0.72869884967803966 0.52223318815231334 0.8841681480407716 0.99756097793579113 0.30901856720447546 20.500000000000004 0.59317129850387584 0.9709441363811494 0.74286627769470226 0.75931033492088329 0.78261634707450878 0.61651584506034862 0.67099568247795116 0.62575301527977001 0.64517635107040416 0.51869320869445812 0.53627237677574169 0.22557927668094638 0.29166667163372045 0.44874921441078192 0.56635218858718883 44.500000000000007 3.5000000000000004 0.5604878067970277 0.31045190989971166 0.5484551489353181 0.92691829800605785
decision_type=2 2 2 2 2 2 2 2 2 2 2 2 2 2 2 2 2 2 2 2 2 2 2 2 2 2 2 2 2 2
left_child=1 2 20 13 12 -6 7 -3 11 29 -10 -9 21 14 15 19 17 -16 26 -2 24 -4 -18 -14 -1 -26 27 -15 -17 -8
right_child=3 6 4 -5 5 -7 9 8 10 -11 -12 -13 23 18 16 28 22 -19 -20 -21 -22 -23 -24 -25 25 -27 -28 -29 -30 -31
leaf_value=-0.02233347220712489 -0.045811476091670009 0.60693285992693757 -0.027853832382100874 0.069987357638788855 -0.080135779435488066 3.9508711429169194 -0.058753341788488261 -0.016158883586461868 -0.072235374573319119 0.068516506071346031 -0.68403967234319818 0.0015862690061420642 0.036292378838267934 1.719521257361935 -0.97244051425395783 0.26485634050350021 0.04964541061418587 -0.03875699665071751 0.061328788990033585 0.0090264339563267005 -0.075329061195475375 0.0022277080117108976 -0.067430036194316867 0.2200676015069957 0.41142792120296812 -0.080087021285964233 -0.052661303429882393 -0.080645967313715969 0.078340043476988738 0.056068970339334577
leaf_weight=5.4226275915863189 19.835291925934143 0.23149630578700353 97.925457659002859 69.956478815991431 0.035181803075828522 0.019839670741930604 8.4398176716640574 236.47869239443389 11.929585723468332 33.52410083450377 0.20739232469350177 1359.3891106651135 5.0409378857002585 0.044417924742446213 0.3161406427097998 1.1245309319638206 3.9849571402737665 0.61169568850891665 37.966148066829192 215.67820040725928 101.32444007485162 116.05404839405674 15.575147121649932 1.6279432434239423 0.65075556584633865 0.59227620405727066 8.7004344275919703 0.10599750952678733 16.897576920338906 3.4208084139972916
leaf_count=6526 16060 26 61184 26101 53 2 74 51217 3219 2931 5 89077 160 6 56 334 1441 58 3277 8101 467829 22313 785 19 558 948 741 53 1085 32
internal_value=-0.000678659 -0.00500468 -0.0285548 0.0212651 -0.00839269 1.37337 -0.000323585 -0.00157189 -0.0016595 0.043911 -0.0826897 -0.00104324 -0.00873725 0.0106416 0.00538707 0.0104905 -0.0577673 -0.35689 0.0413967 0.0044079 -0.0697608 -0.0115388 -0.0435784 0.0811538 0.0148821 0.177232 -0.0441028 0.450946 0.0899782 -0.0256366
internal_weight=2373.11 1982.31 328.694 390.797 220.703 0.0550215 1653.62 1608.24 1608 45.3847 12.137 1595.87 220.648 320.841 274.024 253.536 20.4879 0.927836 46.817 235.513 107.99 213.98 19.5601 6.66888 6.66566 1.24303 8.85085 0.150415 18.0221 11.8606
internal_count=764271 706173 559592 58098 83731 55 146581 143544 143518 3037 3224 140294 83676 31997 27920 25580 2340 114 4077 24161 475861 83497 2226 179 8032 1506 800 59 1419 106
is_linear=0
shrinkage=0.08


Tree=79
num_leaves=31
num_cat=0
split_feature=10 13 13 7 5 7 3 2 9 15 9 15 7 4 1 0 5 3 15 3 9 7 9 7 2 3 4 2 7 15
split_gain=27.242 37.8528 27.0502 44.8665 12.7666 10.746 9.77356 12.7482 9.46838 8.35775 8.62068 8.0113 13.9191 7.85739 7.55085 29.02 7.09029 8.47368 6.97049 11.4361 18.7805 8.55872 56.2354 7.92758 6.4163 6.21535 6.13193 5.47393 4.70247 6.53345
threshold=0.83333334326744091 0.72869884967803966 0.31270058453083044 0.5855005979537965 19.500000000000004 0.97687783837318432 0.64672625064849865 0.5388936996459962 0.83436289429664623 49.500000000000007 0.63955503702163707 43.500000000000007 0.53034487366676342 0.59317129850387584 0.54110360145568859 0.60640108585357677 1.5000000000000002 0.50207698345184337 11.500000000000002 0.62404102087020885 0.65895015001297008 0.59776359796524059 0.85324272513389599 0.76986128091812145 0.71010184288024913 0.49496676027774816 0.18465909361839297 0.53248947858810436 0.22557927668094638 44.500000000000007
decision_type=2 2 2 2 2 2 2 2 2 2 2 2 2 2 2 2 2 2 2 2 2 2 2 2 2 2 2 2 2 2
left_child=2 6 3 28 5 9 7 16 11 10 -4 24 -13 -7 15 -9 17 -2 21 23 -21 22 -5 -20 -8 -16 -23 -18 29 -1
right_child=1 -3 4 18 -6 13 8 14 -10 -11 -12 12 -14 -15 25 -17 27 -19 19 20 -22 26 -24 -25 -26 -27 -28 -29 -30 -31
leaf_value=-0.048070654997189072 0.023523813178078133 0.074125231947149803 0.0042092798165558401 0.17859882689563242 -0.066311158360820827 -0.017729598162882804 0.034341062144898502 -0.11689024987277513 0.07370142649457774 -0.084934280437863108 -0.0077682617114225375 0.9688453927787497 0.066077394569888204 0.050871492314999898 0.12012788789772826 -1.070269159262319 0.0079453280005095904 -0.066801922440407793 -0.067162317636682733 0.19755924955691506 -0.047865365501787736 0.14316261248761247 5.0368963640229838 -0.012426362993592399 -0.01972447182155514 -0.067939107883534411 0.0016958027853071478 0.2731014878571057 -0.075736137447752677 0.14834051542046006
leaf_weight=4.8073062500919823 10.450040143114167 65.16504140640609 927.53864534571767 0.61847027771000185 18.752865486676455 14.168905501253901 32.186494996552938 4.6479719811613887 23.709213427500799 7.5849430001399005 656.97782057688164 0.1521319765743091 0.38827767569455318 43.464330531423911 1.4292142018384764 0.21373279086401442 196.8161685376399 18.265069328845129 29.120868279045681 3.7086655804450839 4.3198390658508288 1.9902859975991294 0.015633755829185247 40.467805071850307 24.928911097726086 5.2777654204328428 133.0676742446667 0.49954750464530562 91.770524006649907 1.3994324134691849
leaf_count=6322 1008 26012 84852 1232 4218 122 2953 705 2742 2278 59387 75 27 3884 61 32 19947 1789 55545 1356 2404 147 11 9723 1870 713 12746 63 460435 1441
internal_value=-0.00093177 0.018565 -0.00471468 -0.0263642 -0.000675561 7.05318e-05 0.00721399 -0.000980866 0.0311443 -0.00115792 -0.000756891 0.013644 0.320218 0.0340062 -0.0828904 -0.158803 0.00321142 -0.0339305 -0.00578028 -0.0249015 0.0655054 0.00515723 0.29838 -0.0353318 0.0107433 -0.0278632 0.00378053 0.00861663 -0.0711782 -0.00378586
internal_weight=2363.9 384.13 1979.77 311.287 1668.49 1649.73 318.965 237.6 81.365 1592.1 1584.52 57.6558 0.54041 57.6332 11.5687 4.8617 226.031 28.7151 213.309 77.6172 8.0285 135.692 0.634104 69.5887 57.1154 6.70698 135.058 197.316 97.9773 6.20674
internal_count=764100 57997 706103 551362 154741 150523 31985 24318 7667 146517 144239 4925 102 4006 1511 737 22807 2797 83164 69028 3760 14136 1243 65268 4823 774 12893 20010 468198 7763
is_linear=0
shrinkage=0.08


Tree=80
num_leaves=31
num_cat=0
split_feature=15 4 2 4 7 1 7 4 3 10 9 10 15 2 3 4 2 4 4 5 4 5 2 1 9 4 7 5 5 3
split_gain=27.4282 20.7649 29.1435 19.5346 15.4645 15.8289 15.0715 15.8503 12.7309 31.9657 12.821 16.3399 11.829 48.9003 11.3977 11.4285 11.0524 35.6623 26.9504 17.9863 14.6243 13.1733 10.7129 10.4782 9.23804 8.88979 8.84143 8.6518 7.77629 14.5244
threshold=17.500000000000004 0.86526826024055492 0.75931033492088329 0.97825059294700634 0.91905540227890026 0.93908473849296581 0.99756097793579113 0.62593284249305736 0.85909903049469005 0.83333334326744091 0.90668702125549328 0.22500000149011615 20.500000000000004 0.73401361703872692 0.51894250512123119 0.39369101822376257 0.69282051920890819 0.81016731262207042 0.94826048612594616 5.5000000000000009 0.75931033492088329 23.500000000000004 0.92031747102737438 0.65058138966560375 0.84201759099960338 0.75204917788505565 0.51869320869445812 20.500000000000004 12.500000000000002 0.6255970597267152
decision_type=2 2 2 2 2 2 2 2 2 2 2 2 2 2 2 2 2 2 2 2 2 2 2 2 2 2 2 2 2 2
left_child=6 4 3 12 5 28 8 14 16 10 25 -12 13 -3 27 -16 17 23 20 -20 -18 -19 24 -1 -4 -10 -11 -8 -2 -30
right_child=1 2 22 -5 -6 -7 7 -9 9 26 11 -13 -14 -15 15 -17 18 21 19 -21 -22 -23 -24 -25 -26 -27 -28 -29 29 -31
leaf_value=-0.0069798826837235255 -0.049272315392288032 0.31507580121799128 -0.046911453702496768 -0.0627069773760974 0.018080194338200361 0.12787697946987842 0.044786212826303878 0.062281487465510398 0.053233553570016037 -0.022289693233081762 -0.011684079826563941 -0.12931716784483616 0.15940898828692174 2.7463914781201133 -0.10698600091683458 -0.0016355142380450785 0.00032715137333565061 0.10068567250214676 0.062381793680007826 -0.02145642412782877 -0.063642128792827851 -0.10933855386368613 -0.0011639334138899727 0.085107606021815871 0.18376167477274877 0.004820520704248302 0.073329895799217268 -0.117600144985122 -0.042008038309550751 0.058580364341744677
leaf_weight=467.29703291316764 186.55511703158436 0.82064703729701971 47.629884800314358 2.4889751144642105 34.1270499516977 3.5581330252898615 40.55079736886546 56.007745972252451 25.07780240716238 6.9474838075984726 33.081949155312032 9.7949552920181286 6.6587488245677378 0.056594072637381032 8.2125901132822019 33.358292421791703 31.33759822009597 27.028142329465485 30.754236541426508 35.032661014157952 84.672109643681324 2.0567796581744906 306.71938892551543 8.0440961736894661 1.1376731779891986 757.63064394085711 56.675119249295676 2.2145192250609389 30.575259742698108 13.133467556282993
leaf_count=132696 367380 216 27411 763 1061 156 352 12600 3864 266 1478 804 3042 88 47 410 9972 2393 1880 3930 32182 118 27025 2072 21 36493 18494 21 62425 13890
internal_value=-0.00108306 -0.0153095 -0.0029081 0.13161 -0.0322263 -0.0395687 0.00416931 0.0292905 0.00193144 0.00824902 0.00403831 -0.0385566 0.195788 0.471929 0.00738116 -0.0224482 -0.00625487 -0.000159792 -0.0231667 0.0177365 -0.0463622 0.0858335 -0.00670159 -0.00542151 -0.0415302 0.00637166 0.0628884 0.0363773 -0.0421562 -0.0117835
internal_weight=2349.24 633.461 365.512 10.025 267.949 233.822 1715.77 140.344 1575.43 889.208 825.585 42.8769 7.53599 0.877241 84.3362 41.5709 686.223 504.426 181.797 65.7869 116.01 29.0849 355.487 475.341 48.7676 782.708 63.6226 42.7653 230.264 43.7087
internal_count=763550 503478 58566 4109 444912 443851 260072 13430 246642 61399 42639 2282 3346 304 830 457 185243 137279 47964 5810 42154 2511 54457 134768 27432 40357 18760 373 443695 76315
is_linear=0
shrinkage=0.08


Tree=81
num_leaves=31
num_cat=0
split_feature=15 13 7 13 7 3 2 4 0 0 3 4 3 15 3 8 9 13 10 8 9 4 8 0 4 10 8 10 9 7
split_gain=26.2266 14.8089 49.5913 10.1795 9.55061 13.3538 18.2526 23.5584 13.9887 13.684 11.2442 9.68162 9.58356 8.4237 7.89014 10.433 14.7297 6.49696 6.31899 6.17336 10.7559 6.33705 5.97585 5.65311 9.88445 5.10894 8.51726 7.46342 51.3552 4.85348
threshold=2.5000000000000004 0.28295642137527471 0.63661757111549389 0.85678410530090343 0.9656645953655244 0.62671068310737621 0.58397436141967785 0.56562754511833202 0.19139194488525393 0.6624472737312318 0.73930227756500255 0.39369101822376257 0.52779868245124828 1.5000000000000002 0.57423308491706859 0.4522176086902619 0.54167023301124584 0.11242216825485231 0.29166667163372045 0.58355855941772472 0.5976548194885255 0.8155706822872163 0.30023474991321569 0.31311275064945226 0.5524578094482423 0.83333334326744091 0.90029239654541027 0.41666667163372045 0.96765372157096874 0.90976935625076305
decision_type=2 2 2 2 2 2 2 2 2 2 2 2 2 2 2 2 2 2 2 2 2 2 2 2 2 2 2 2 2 2
left_child=3 2 -2 13 5 8 7 -7 -3 -10 -8 12 -6 18 15 -4 -17 -15 -1 20 -16 -21 -20 -13 -25 26 -5 29 -29 -28
right_child=1 4 14 25 11 6 10 -9 9 -11 -12 23 -14 17 19 16 -18 -19 22 21 -22 -23 -24 24 -26 -27 27 28 -30 -31
leaf_value=-0.046672399017519864 -0.067263483801557389 0.3138006396941439 -0.092422090146870028 0.060288677287302105 0.014593888579816852 -0.067218657195157669 -0.029853867373553923 0.049112558632107416 -0.029111344398407089 0.12850206128683678 0.00056496899761219956 0.08630537994191198 -0.11329278788695007 0.1725828117361147 -0.08747384438318262 0.37744251881377561 0.0074537643424402583 0.022655241312017575 0.27035240840275793 -0.055841944569634983 0.10500090400049152 0.1035826835289085 0.0049958798324584155 -0.013183976858224348 0.04259145452414459 0.074612820662904034 -0.11986977712090356 -0.029644815367331816 -1.2268984637967346 0.028493709891277665
leaf_weight=21.533755812852633 94.536881025512912 0.78212914570758485 6.7399293584749094 30.943421194562688 9.3812595801427943 12.782030882750403 82.935559105589846 86.792463560588658 149.39586140395113 3.6105761770304516 1249.0815164559026 10.620987857691942 6.2478140047751358 1.8790228744037438 3.0134562238526987 0.69075954474101209 224.95298537127383 118.98249594829394 0.55299631122034298 31.244232708879281 4.8466440851334482 1.6816026773303736 30.505292922316585 29.930854482576251 63.428922781371512 28.87122642621398 1.5348022617399752 3.6321736229583617 0.24474396905861784 17.518675660248846
leaf_count=789 461959 88 2050 2902 60 1959 50761 4310 38343 730 115414 116 42 87 522 279 41070 6415 20 6132 2152 36 2765 194 7405 15327 57 832 40 1302
internal_value=0.000223363 -0.00276138 -0.0173225 0.0243705 0.000378939 -0.00126567 0.0011408 0.0341795 -0.023667 -0.0253921 -0.001329 0.0221775 -0.0365296 0.0133565 -3.91705e-05 0.00565681 0.0085864 0.0249862 -0.0133695 -0.0324928 0.0312087 -0.0476997 0.00972058 0.0310016 0.02471 0.0474584 0.0329062 -0.00404509 -0.105226 0.0165427
internal_weight=2328.9 2072.7 367.706 256.199 1704.99 1585.38 1431.59 99.5745 153.789 153.006 1332.02 119.61 15.6291 173.454 273.17 232.384 225.644 120.862 52.592 40.7859 7.8601 32.9258 31.0583 103.981 93.3598 82.745 53.8738 22.9304 3.87692 19.0535
internal_count=764158 733622 514200 30536 219422 211605 172444 6269 39161 39073 166175 7817 102 10076 52241 43399 41349 6502 3574 8842 2674 6168 2785 7715 7599 20460 5133 2231 872 1359
is_linear=0
shrinkage=0.08


Tree=82
num_leaves=31
num_cat=0
split_feature=13 15 13 7 10 8 3 2 7 4 4 15 1 5 10 5 9 9 5 5 1 15 15 3 3 15 2 1 13 4
split_gain=28.3603 20.5021 15.1052 15.0626 14.9234 16.3582 10.9808 14.6823 13.8335 15.2219 11.9796 13.1924 11.2687 10.5211 9.34359 10.4034 10.389 8.50478 7.99427 18.2235 10.3224 7.80143 17.308 13.9541 7.42323 6.53305 6.30305 13.135 5.65837 6.69483
threshold=0.87880107760429393 20.500000000000004 0.35115630924701696 0.84463602304458629 0.58333334326744091 0.90029239654541027 0.85909903049469005 0.62145593762397777 0.61577314138412487 0.96720427274703991 0.64747309684753429 7.5000000000000009 0.61633428931236278 4.5000000000000009 1.0000000180025095e-35 10.500000000000002 0.78383582830429088 0.61060068011283886 18.500000000000004 14.500000000000002 0.17467582225799563 44.500000000000007 45.500000000000007 0.98021507263183605 0.90002635121345531 9.5000000000000018 0.38757823407649999 0.39077411592006689 0.92149859666824352 0.95311355590820324
decision_type=2 2 2 2 2 2 2 2 2 2 2 2 2 2 2 2 2 2 2 2 2 2 2 2 2 2 2 2 2 2
left_child=1 6 3 -3 5 -2 8 -8 9 -1 11 -9 -12 28 15 -15 -16 -11 19 -10 -20 -4 23 -23 -24 -6 -5 -28 29 -7
right_child=4 2 21 26 25 13 7 10 18 17 12 -13 -14 14 16 -17 -18 -19 20 -21 -22 22 24 -25 -26 -27 27 -29 -30 -31
leaf_value=-0.053472575681032426 0.039895592431700419 -0.055342272023613352 -0.020895728357609854 0.0058810908105344931 0.072445799725408724 0.08160365428656581 0.080442812745428333 0.15783173786201876 -0.0057479533689323336 0.034104063536492139 -0.030981992142545094 0.96458007766981069 0.006852104383179132 -0.064177761569340061 -0.34561551510289451 0.07208165003583461 -0.089011997356006442 -0.064957134227188865 0.036134893562307001 0.033928255535937389 -0.048605182211407957 0.068635213452452715 0.010274950934923257 0.0015457459496557165 -0.034338562572024896 -0.46093686988013466 0.86995111158724092 -0.025575820573512893 0.031109735699991276 -0.11069956556494066
leaf_weight=75.367502141652835 73.908419635845348 106.70129774706174 226.53359969140729 27.370350598066583 41.400705617503263 1.6059822929091776 16.67630444857059 0.8583437986235356 543.87297303056403 25.107806477210488 54.146489166829269 0.15282359579578042 724.93601607239191 13.510871209204202 1.269933076109736 4.8818744039162985 4.9293255968950689 7.1195364571030941 11.515709666549808 85.772952482875553 45.747465675172862 33.357630956408684 35.321230018729693 48.967980671965051 73.620359889348038 0.14748990000225504 0.16713489580433716 0.28115027537569404 24.050146828405559 4.1595099442638457
leaf_count=183914 4270 410241 31255 2937 20924 127 1951 74 31140 2775 5911 158 41438 244 40 112 178 1998 603 4188 2787 2229 6883 920 3283 13 16 44 2695 288
internal_value=-0.00258451 -0.00507792 -0.0183578 -0.0416735 0.028881 0.015388 -0.000468562 0.00616758 -0.00712363 -0.0337961 0.00457978 0.27976 0.00422262 -0.0179035 -0.0566396 -0.0280113 -0.141578 0.0122199 -0.00294577 -0.000343097 -0.0315638 -0.0108508 0.00104622 0.0287298 -0.0198739 0.0705524 0.0107545 0.308305 0.014046 -0.0571334
internal_weight=2313.46 2143.59 552.321 134.52 169.864 128.316 1591.27 796.77 794.504 107.595 780.094 1.01117 779.083 54.4076 24.592 18.3927 6.19926 32.2273 686.909 629.646 57.2632 417.801 191.267 82.3256 108.942 41.5482 27.8186 0.448285 29.8156 5.76549
internal_count=763636 734745 457808 413238 28891 7954 276937 49532 227405 188687 47581 232 47349 3684 574 356 218 4773 38718 35328 3390 44570 13315 3149 10166 20937 2997 60 3110 415
is_linear=0
shrinkage=0.08


Tree=83
num_leaves=31
num_cat=0
split_feature=7 8 1 10 10 0 0 3 4 5 15 13 5 5 0 13 0 4 3 8 0 0 4 8 7 8 3 5 4 3
split_gain=22.6382 57.7923 19.6819 27.8884 18.0855 18.1081 52.5466 83.5686 12.8262 10.7508 11.5639 9.63628 9.48723 9.20703 28.2389 20.8525 15.4779 12.9521 11.4199 14.524 12.2461 9.48271 8.84939 8.7878 8.28638 8.17408 7.70129 10.724 9.34381 7.92181
threshold=0.56847450137138378 0.26108804345130926 0.60943254828453075 0.83333334326744091 0.29166667163372045 0.59516963362693798 0.59870129823684703 0.85909903049469005 0.64565756916999828 10.500000000000002 15.500000000000002 0.41560471057891851 5.5000000000000009 12.500000000000002 0.37884436547756201 0.53342181444168102 0.51899951696395885 0.53001201152801525 0.52304640412330639 0.99790793657302868 0.8155706822872163 0.10620300844311716 0.39369101822376257 0.92691829800605785 0.32025641202926641 0.78385168313980114 0.89142328500747692 5.5000000000000009 0.79705882072448742 0.81437420845031749
decision_type=2 2 2 2 2 2 2 2 2 2 2 2 2 2 2 2 2 2 2 2 2 2 2 2 2 2 2 2 2 2
left_child=1 24 13 8 11 -6 7 -7 -4 23 -11 -3 -8 18 21 17 -17 -16 19 22 -20 -15 -2 -10 26 -23 27 -1 -28 -29
right_child=2 4 3 -5 5 6 12 -9 9 10 -12 -13 -14 14 15 16 -18 -19 20 -21 -22 25 -24 -25 -26 -27 28 29 -30 -31
leaf_value=0.039507276464665696 -0.012489513318886755 -0.078513549981122213 0.11070366090926333 0.060640846359059655 -0.061490492299175845 -0.080074906105619278 -0.0034258719512460433 5.5513378175447157 0.008106907647347561 0.036995698454389006 0.19559077543350409 -0.03901891982075012 0.087227539629109008 -0.11461553711678929 -0.063198853687859685 -0.08761799895882319 0.041664503791532193 0.072633836209210087 -0.020214699237959537 0.082384288522160301 0.077881453861046834 -0.027659381442044429 0.026636043211729063 -0.033054319479722864 0.17326027309574341 0.011251040613270129 -0.064176333955372492 -0.050826416771444727 -0.001672394930678462 0.013422493902455873
leaf_weight=69.429645306798307 114.13379297388019 85.716934437097279 7.8909281082742373 77.98324707208667 31.347359170897107 0.041512775525915369 40.623064245454771 0.028404963173670694 465.79563657904509 26.671358120278459 3.307297639315947 73.389665939859697 9.0309347414295171 5.6318837195576625 4.8049858220620072 11.750743602984587 11.957915401784701 69.140922848047921 334.29041390541533 14.9806418181397 8.3481033987482061 70.971362204363686 54.742878670367645 35.743127264780924 1.7842057960224327 67.336542165547144 15.761794530582845 18.252726463146701 530.45671208852923 37.547516755186393
leaf_count=11883 27983 407700 249 27128 121221 116 21471 4 16415 435 108 14354 4862 1080 991 436 605 2930 48661 187 765 22690 12488 2730 294 1536 383 8391 4503 1930
internal_value=-0.00115803 -0.0109353 0.00528788 0.0159232 -0.0446259 -0.0138721 0.0161479 2.20776 0.00945824 0.00795515 0.0544922 -0.0602962 0.0130619 -0.00326077 0.00966921 0.0428751 -0.0224119 0.0638075 -0.00919398 0.00689028 -0.0178247 -0.012859 0.000193385 0.00517347 0.00108388 -0.00871547 0.000626362 0.0185198 -0.00347602 -0.00759386
internal_weight=2298.89 913.41 1385.48 617.392 240.178 81.0713 49.7239 0.0699177 539.408 531.517 29.9787 159.107 49.654 768.09 241.594 97.6546 23.7087 73.9459 526.496 183.857 342.639 143.94 168.877 501.539 673.233 138.308 671.448 125.23 546.219 55.8002
internal_count=764529 597112 167417 47065 569728 147674 26453 120 19937 19688 543 422054 26333 120352 30268 4962 1041 3921 90084 40658 49426 25306 40471 19145 27384 24226 27090 22204 4886 10321
is_linear=0
shrinkage=0.08


Tree=84
num_leaves=31
num_cat=0
split_feature=15 7 12 10 3 2 1 7 3 5 2 5 9 1 0 0 9 7 4 0 5 15 3 1 9 5 10 15 0 1
split_gain=19.8452 10.6516 68.8284 12.8139 16.0085 11.7585 11.1409 8.31135 7.82666 23.2702 15.3483 14.143 11.1432 9.97958 16.2154 9.5345 8.69876 7.40505 9.14216 8.72936 7.27952 7.60826 5.36887 11.8123 10.5536 9.19619 7.52114 6.99953 5.5762 5.56532
threshold=2.5000000000000004 0.53863716125488292 1.0000000180025095e-35 0.29166667163372045 0.88335159420967113 0.82807883620262157 0.88067796826362621 0.99756097793579113 0.62671068310737621 12.500000000000002 0.74133810400962841 18.500000000000004 0.82266426086425792 0.81120249629020702 0.86729559302330028 0.73765182495117199 0.85324272513389599 0.73546314239501964 0.52545297145843517 0.27812939882278448 28.500000000000004 9.5000000000000018 0.52180972695350658 0.2674796879291535 0.68306908011436474 21.500000000000004 0.58333334326744091 1.5000000000000002 0.24316334724426272 0.17467582225799563
decision_type=2 2 2 2 2 2 2 2 2 2 2 2 2 2 2 2 2 2 2 2 2 2 2 2 2 2 2 2 2 2
left_child=7 2 3 -2 6 -6 -5 22 12 13 11 -11 17 14 -10 -15 -12 18 -3 -19 21 -14 27 24 28 26 -25 29 -24 -1
right_child=1 8 -4 4 5 -7 -8 -9 9 10 16 -13 20 15 -16 -17 -18 19 -20 -21 -22 -23 23 25 -26 -27 -28 -29 -30 -31
leaf_value=-0.35631823717874583 -0.067938696945872984 -0.067235945566265651 0.0017024454429769209 -0.060884558167062341 0.22351339418175709 0.015164837623209705 0.25432623851750186 0.061628583498824559 -0.0094196021931881087 0.084613133856423134 -0.026171745371697745 -0.024429103629996094 0.0020941727077404856 0.099656603546220121 0.083370249068342658 0.011202365001319005 0.10879199677360829 0.0092878970055491668 -0.00032216035726593216 -0.023628576686101303 -0.13129497820362374 0.043294582480181552 0.13560452965535608 0.0094815626543316798 0.093512450256780441 -0.18446289011256145 0.047600571445495385 0.0019252983057561014 0.59492255986109921 -0.081051638122923556
leaf_weight=0.53543542791158039 126.66653693963156 36.038315921185131 654.41995133989258 34.612102975755988 1.9148014477978019 18.320354633833972 0.7328216831519957 27.888079077703878 381.11505354650581 50.493512592613115 21.231924885330958 8.9640678904834186 163.5806391749793 8.0672799749881943 12.446972608231588 234.54921757779084 3.5702967758988953 86.073472443269566 20.501634082320379 128.60279650473967 2.3845966683729776 34.785441065672785 0.26555230148369346 154.78878838970559 3.4316966178594157 1.4515567704802368 42.146860316337552 13.26335151080275 0.46600316936383024 3.8505587513791397
leaf_count=14 414637 87712 15740 131417 913 1041 68 7841 22696 2145 648 521 3183 393 1001 13760 357 8515 9551 12158 148 6966 15 8026 59 64 13911 437 37 146
internal_value=-0.000875229 -0.00348664 -0.0104063 -0.053887 -0.0218632 0.0348803 -0.0543492 0.0204831 0.00136863 0.00661457 0.0461213 0.0681735 -0.00663909 0.00138203 -0.00648499 0.0141436 -0.00674362 -0.0172148 -0.0429727 -0.0104309 0.0076488 0.00931907 0.0152721 0.0189595 0.152321 0.0161608 0.0176395 -0.027046 0.428192 -0.114656
internal_weight=2277.16 2029.07 836.667 182.247 55.5801 20.2352 35.3449 248.088 1192.41 720.438 84.2598 59.4576 471.967 636.179 393.562 242.616 24.8022 271.216 56.54 214.676 200.751 198.366 220.2 202.55 4.16325 198.387 196.936 17.6493 0.731555 4.38599
internal_count=764120 733570 563816 548076 133439 1954 131485 30550 169754 41521 3671 2666 128233 37850 23697 14153 1005 117936 97263 20673 10297 10149 22709 22112 111 22001 21937 597 52 160
is_linear=0
shrinkage=0.08


Tree=85
num_leaves=31
num_cat=0
split_feature=13 9 3 7 0 15 0 9 13 7 5 5 9 10 4 3 4 0 3 4 1 10 3 15 5 1 4 1 3 15
split_gain=16.1736 12.9071 17.4657 22.1374 13.5831 9.87628 8.03914 9.99562 7.9149 12.9053 9.79095 14.4037 9.78937 7.70939 18.8052 13.8683 12.8873 7.37913 7.21211 12.1573 6.64285 6.40058 6.37313 5.63199 7.94516 6.70348 5.45159 5.27607 2.92352 1.67799
threshold=0.99756097793579113 0.82828345894813549 0.62008413672447216 0.68240872025489818 0.69309264421463024 13.500000000000002 0.27639257907867437 0.7149198353290559 0.28041514754295355 0.49677366018295294 18.500000000000004 13.500000000000002 0.81391924619674694 0.41666667163372045 0.55625879764556896 0.47769962251186376 0.55086207389831554 0.62575301527977001 0.9148516356945039 0.93063354492187511 0.69282051920890819 0.58333334326744091 0.9148516356945039 34.500000000000007 14.500000000000002 0.24068965017795566 0.70678734779357921 0.270728349685669 0.86142602562904369 9.5000000000000018
decision_type=2 2 2 2 2 2 2 2 2 2 2 2 2 2 2 2 2 2 2 2 2 2 2 2 2 2 2 2 2 2
left_child=1 2 3 4 21 13 7 -5 9 27 11 -10 -11 18 16 -16 -15 -8 26 -20 -6 -1 23 25 -25 -7 -3 -4 -12 -2
right_child=29 5 8 6 20 22 17 -9 10 12 28 -13 -14 14 15 -17 -18 -19 19 -21 -22 -23 -24 24 -26 -27 -28 -29 -30 -31
leaf_value=-0.073928724300886942 0.06974154733829295 -0.0096362494342429293 0.16137852841672104 0.040559124827453899 1.0604138391803017 0.13956739567742943 -0.023493535746722055 -0.011565595501507944 -0.00027852477398512436 0.0092592027188114264 -0.083360721631328738 0.038947672456503601 0.33310386424417593 0.0031919216634463958 -0.23475149095802664 0.053922248044829361 -0.2110150892800825 0.11061007968288167 0.049176046253203085 -0.043407725008201108 0.22718527968175728 -0.010868609445008857 0.16648010938122165 -0.075219772509442923 0.11409325734851881 0.038443036020488354 0.025013089472102776 -0.071125933251575083 0.0058665729538922122 -0.078895383139742009
leaf_weight=59.082348822804988 22.440398319507953 59.719673460793274 0.63884282163030803 37.667740853794385 0.069784091028849526 5.2729656036754049 150.30831909619155 62.799865492415847 1357.0604991249572 17.435185495007321 11.392166133802673 62.677513005583933 0.61858944589039211 135.31560985727992 1.0803465340868559 75.446510174064315 1.8217264742415853 2.6727544490713617 11.078821984119712 50.239263463998213 0.49990785011323169 12.476597850525648 2.8539362503215662 5.0265780685149357 1.9767624402375075 20.528704137948807 56.608244282848318 28.091586678719295 2.9609485314504118 0.49685285799205203
leaf_count=291303 9109 2212 1788 8988 14 1012 21238 5298 171707 10990 2900 7939 195 1858 48 18453 26 47 531 2596 157 21774 33 1887 377 3530 998 176568 335 24
internal_value=-0.000313122 -0.000999518 -0.00395619 -0.0207327 -0.0598363 0.0115098 -0.00960426 0.00797723 -0.000267797 -0.0326489 0.000788569 0.0014532 0.0203553 0.00783688 0.0180757 0.049847 0.000346405 -0.0211506 -0.00447793 -0.0266799 0.329251 -0.0629339 0.0518153 0.0418399 -0.0217843 0.0591093 0.00722504 -0.065956 -0.0649537 0.0665219
internal_weight=2256.36 2233.42 1806.45 325.577 72.1286 426.969 253.449 100.468 1480.88 46.7842 1434.09 1419.74 18.0538 391.31 213.664 76.5269 137.137 152.981 177.646 61.3181 0.569692 71.5589 35.6589 32.805 7.00334 25.8017 116.328 28.7304 14.3531 22.9373
internal_count=763935 754802 721241 348819 313248 33561 35571 14286 372422 189541 182881 179646 11185 26722 20385 18501 1884 21285 6337 3127 171 313077 6839 6806 2264 4542 3210 178356 3235 9133
is_linear=0
shrinkage=0.08


Tree=86
num_leaves=31
num_cat=0
split_feature=13 7 8 3 10 1 2 2 1 5 10 5 2 13 8 8 3 2 10 5 5 5 3 1 15 2 3 1 8 10
split_gain=14.9518 11.6064 52.8246 14.3894 11.268 9.73174 22.7839 18.7245 16.2077 21.4795 13.8388 12.4639 10.9941 9.23589 7.9492 7.42587 8.46105 7.36081 7.26904 7.26664 5.75683 5.30344 15.5597 12.6059 8.02583 7.47412 5.85306 5.20911 5.09749 5.09601
threshold=0.99756097793579113 0.52506983280181896 0.22278624027967456 0.93097409605979931 0.29166667163372045 0.60943254828453075 0.60535588860511791 0.6900656819343568 0.4246212244033814 12.500000000000002 0.83333334326744091 17.500000000000004 0.93387979269027721 0.48663347959518438 0.49358868598937994 0.44783893227577215 0.68831869959831249 0.53427231311798107 0.22500000149011615 9.5000000000000018 3.5000000000000004 4.5000000000000009 0.90769547224044811 0.84273937344551098 4.5000000000000009 0.84680575132370006 0.83810892701148998 0.71834936738014232 0.56017240881919872 0.83333334326744091
decision_type=2 2 2 2 2 2 2 2 2 2 2 2 2 2 2 2 2 2 2 2 2 2 2 2 2 2 2 2 2 2
left_child=1 2 21 29 -5 6 8 13 17 -10 11 -9 -12 19 -6 18 -17 -3 -8 -7 -15 22 26 25 -25 -23 -1 -24 -2 -4
right_child=28 5 3 4 14 7 15 10 9 -11 12 -13 -14 20 -16 16 -18 -19 -20 -21 -22 23 27 24 -26 -27 -28 -29 -30 -31
leaf_value=0.014041578166590017 -0.35385937175738735 -0.003058085430153637 -0.07113451729974711 -0.042279622526065264 0.04867262352975564 0.09417300792885952 -0.077589683391612194 0.0029533556760694517 0.0062778402352570185 0.071679296303826925 0.0025342188370654837 -0.20173134712659124 0.076126709169371629 0.0075975212081210997 -0.11187137801504632 -0.076373390253883747 -0.027390349110082871 -0.086990304780401373 0.056281741988688835 0.28081929257422489 0.07075797979422116 -0.057263705691700917 0.069417010593037232 -0.18228249042818084 -0.044580471661870839 0.004863841813141599 0.061201253190418969 -0.0015264028979038438 0.069144523318347112 -0.011951090715137223
leaf_weight=29.845962684303686 0.18390462594107049 473.55803544577066 101.37609912704647 38.556332554092023 18.183252698727305 11.016087624258942 3.4915766585909287 516.37152463493112 109.19156684978225 45.543946290184977 22.500150611391291 1.9110241179587308 30.744059619959444 19.603070762590505 2.2142170083243391 30.865767408584361 83.961762846287456 6.7830462589190565 10.118865479613303 1.5190680723462708 17.463513227296062 13.724711434617346 6.7298498193413243 3.0180014669895199 26.446860981537611 127.70899031769659 38.660457837351714 421.07513790605299 21.233041719533503 10.253021780219568
leaf_count=5580 31 135909 497836 20161 390 1428 379 19859 14123 2337 3697 31 16320 603 27 3687 4411 728 329 68 549 6928 87 19 209 1777 1600 2596 9049 13423
internal_value=-0.00101122 -0.00165228 -0.00908462 -0.0488132 -0.0168408 0.00284473 -0.00320447 0.0102806 0.00301035 0.0255277 0.00618865 0.00219864 0.0450277 0.0574298 0.031245 -0.0339344 -0.040557 -0.00424332 0.0219388 0.116792 0.0373549 0.00107264 0.00525797 -0.0110821 -0.0586849 -0.00116501 0.0406554 -0.000410384 0.0655122 -0.0656986
internal_weight=2243.85 2222.44 837.793 170.583 58.9538 1384.64 763.515 621.128 635.077 154.736 571.527 518.283 53.2442 49.6017 20.3975 128.438 114.828 480.341 13.6104 12.5352 37.0666 667.21 496.311 170.899 29.4649 141.434 68.5064 427.805 21.4169 111.629
internal_count=764171 755091 550633 531837 20578 204458 161903 42555 153097 16460 39907 19890 20017 2648 417 8806 8098 136637 708 1496 1152 18796 9863 8933 228 8705 7180 2683 9080 511259
is_linear=0
shrinkage=0.08


Tree=87
num_leaves=31
num_cat=0
split_feature=9 8 3 7 5 10 5 13 13 7 1 8 13 9 13 8 0 8 8 10 9 5 7 0 13 13 1 5 9 8
split_gain=16.1588 14.616 14.3824 21.8092 12.897 19.5223 16.271 17.1737 12.5928 12.5805 18.54 11.3377 9.63778 10.0108 8.92123 8.26981 8.26843 8.39349 6.84514 6.80372 9.93673 7.74179 6.46448 6.32247 7.34505 7.56546 7.06141 6.32641 6.20406 10.2247
threshold=0.85324272513389599 0.78385168313980114 0.61692997813224804 0.73546314239501964 13.500000000000002 0.22500000149011615 18.500000000000004 0.32634782791137701 0.33015114068984991 0.52879089117050182 0.59870129823684703 0.44161255657672888 0.9014839529991151 0.6380394995212556 0.99756097793579113 0.3178189098834992 0.58397436141967785 0.91905540227890026 0.30023474991321569 0.41666667163372045 0.62107929587364208 25.500000000000004 0.91905540227890026 0.23132664710283282 0.26113960146903997 0.13840191066265109 0.32305502891540533 20.500000000000004 0.63886263966560375 0.80106952786445629
decision_type=2 2 2 2 2 2 2 2 2 2 2 2 2 2 2 2 2 2 2 2 2 2 2 2 2 2 2 2 2 2
left_child=2 22 3 19 8 28 7 -7 9 18 -11 -5 13 -10 -3 -8 17 -13 -4 -1 21 -21 23 27 25 -25 -26 -2 29 -6
right_child=1 14 4 11 5 6 15 -9 12 10 -12 16 -14 -15 -16 -17 -18 -19 -20 20 -22 -23 -24 24 26 -27 -28 -29 -30 -31
leaf_value=-0.066807646826718789 0.14036549616077482 0.0061930110532032526 -0.013258960404873515 -0.081535758643774339 -0.03099857182311486 0.20590598750108632 0.67659509402454887 0.065134344864506463 0.0048835071811522742 0.0080140495962898895 1.5774886772639747 -0.0088783098529162698 0.032463469926564723 -0.0099011844366631782 0.0803154658345758 -0.037197004767492887 0.11954065909826316 0.034508774853981114 -0.080413407665159226 0.042902658550831183 -0.046844560373996966 0.46494148173822802 0.1083483418006901 0.30491421607946051 0.2453849034531389 -0.048282418286948146 0.039230460611729738 -0.097567483502192381 0.022333940414701849 -0.54534892653634925
leaf_weight=58.402927222661901 6.0002859453597912 279.77072131837485 14.255811035822942 11.762795269634806 21.83525147991168 6.8187778531500944 0.10511144723568477 29.724263427327969 863.03371941429214 25.984446146845588 0.048259860166580348 207.83833928237436 60.732080511748791 443.84324408863904 10.793052157503551 8.866526990575947 3.5810404117219141 33.078237654175609 30.493429589212155 7.3423810782987884 22.33751142334404 0.28912801355909312 10.426607130910268 0.405363015626789 1.0933941694092926 9.1321089372941042 38.730983849105542 0.81198440921434656 23.329514677679981 0.25018487870693107
leaf_count=263091 357 20246 31340 1176 15812 2189 92 1829 57825 10725 62 20101 9646 41608 5781 1501 168 409 207351 20462 43684 416 579 72 29 1037 2737 58 3742 2
internal_value=0.00109952 0.0166943 -0.00187275 -0.0166365 0.00145427 0.0306737 0.0677014 0.0914017 -0.000392867 -0.0332956 0.0109236 -0.00481843 0.00131005 -0.000137689 0.00894631 -0.0288342 -0.00112755 -0.00292119 -0.0590199 -0.0509066 -0.0199191 0.0588921 0.0504969 0.039759 0.0297885 -0.0332708 0.0448905 0.112005 -0.00643532 -0.0368252
internal_weight=2231.12 357.165 1873.95 344.632 1529.32 90.9296 45.5147 36.543 1438.39 70.7819 26.0327 256.26 1367.61 1306.88 290.564 8.97164 244.498 240.917 44.7492 88.3719 29.969 7.63151 66.6007 56.1741 49.3618 9.53747 39.8244 6.81227 45.415 22.0854
internal_count=764127 30896 733231 349507 383724 25167 5611 4018 358557 249478 10787 21854 109079 99433 26027 1593 20678 20510 238691 327653 64562 20878 4869 4290 3875 1109 2766 415 19556 15814
is_linear=0
shrinkage=0.08


Tree=88
num_leaves=31
num_cat=0
split_feature=1 2 4 10 2 3 1 4 1 3 15 4 0 0 9 10 8 15 3 4 2 5 4 5 3 3 15 3 8 0
split_gain=11.9243 26.0977 36.2775 23.9669 13.7946 12.9554 11.2768 10.9086 10.5863 10.517 11.5189 9.62331 23.1277 13.4026 9.35766 9.06052 16.1937 8.22145 8.06386 7.28489 7.02912 6.9349 9.63986 9.27177 6.88487 8.27993 6.44863 6.40326 6.08408 7.9436
threshold=0.60943254828453075 0.61167800426483165 0.69920635223388683 0.83333334326744091 0.4970588237047196 0.67427915334701549 0.46247655153274542 0.64747309684753429 0.4712491780519486 0.87835022807121288 40.500000000000007 0.49590164422988897 0.19139194488525393 0.23132664710283282 0.7589000165462495 0.58333334326744091 0.31437556445598608 46.500000000000007 0.68020296096801769 0.99230769276618969 0.46709956228733068 10.500000000000002 0.8410526216030122 1.0000000180025095e-35 0.83575206995010387 0.82265600562095653 4.5000000000000009 0.53521710634231578 1.0000000180025095e-35 0.60120484232902538
decision_type=2 2 2 2 2 2 2 2 2 2 2 2 2 2 2 2 2 2 2 2 2 2 2 2 2 2 2 2 2 2
left_child=1 2 4 7 11 -3 9 -2 20 18 -11 12 -1 -13 -5 -6 -17 21 -7 26 27 23 -23 -9 25 -19 -10 -4 -8 -30
right_child=3 5 8 14 15 6 28 17 19 10 -12 13 -14 -15 -16 16 -18 24 -20 -21 -22 22 -24 -25 -26 -27 -28 -29 29 -31
leaf_value=0.032055518840353819 0.078938474566342801 -0.073243346171365034 -0.079531077892119717 0.014740486905467271 -0.058682168203086846 0.21776545191135724 -0.0041794675128998806 0.0076877958864117945 0.034445239459419609 0.099537875028062411 0.72211284468923487 -0.046241634553957738 -0.021896999800397762 0.020011332456831333 0.070687887481472644 1.3995547141191935 0.011918466739395108 0.026911184716722079 -0.0082576607459134647 -0.095220204685259824 -0.056079587195839165 -0.047332538202407813 0.046848775407853371 -0.0065707768831870751 -0.038209781211882191 0.46097408751761165 0.09085010125527182 0.040045280261118858 -0.026437659980357322 -0.077779059482905352
leaf_weight=62.232007637787774 11.411186736753505 42.608315366534953 3.1690007035504086 33.493478152202442 51.017169714519696 1.0366386081950612 26.066344126185868 584.07856389849258 20.191962918455829 4.1971310629523932 0.1992278825782704 22.515863108987105 278.01800115871447 147.9311155997857 44.625671208050335 0.054063568779382787 12.143179162922022 7.1099455285174704 39.643644189325073 1.7463202392536903 7.7343847912925403 8.357913666397506 41.448376411753998 583.4049919850122 53.75726914036369 0.29283967187075166 36.280298587655125 29.985141038690927 44.300358184480615 34.158224495223294
leaf_count=22935 8469 71587 953 5884 88534 580 1419 36928 1657 754 229 6859 195586 68778 23004 87 1883 7375 14757 215 5979 3475 4829 119965 7384 280 14207 5376 22692 22199
internal_value=-0.000976283 -0.00832677 -0.000901711 0.0036728 -0.00862007 -0.0343255 -0.0232412 0.00106687 0.0437939 0.0102053 0.127751 -0.00425644 -0.012029 0.0112594 0.0467005 -0.043873 0.0180691 0.000371804 -0.00249801 0.0657058 0.0125949 0.0018098 0.0310444 0.000562623 -0.0282492 0.0440819 0.0706822 0.0286157 -0.037665 -0.04879
internal_weight=2233.21 865.228 673.019 1367.98 573.911 192.21 149.602 1289.86 99.1071 45.0766 4.39636 510.697 340.25 170.447 78.1191 63.2144 12.1972 1278.45 40.6803 58.2186 40.8885 1217.29 49.8063 1167.48 61.1601 7.40279 56.4723 33.1541 104.525 78.4586
internal_count=764859 547266 413049 217593 384662 134217 62630 188705 28387 16320 983 294158 218521 75637 28888 90504 1970 180236 15337 16079 12308 165197 8304 156893 15039 7655 15864 6329 46310 44891
is_linear=0
shrinkage=0.08


Tree=89
num_leaves=31
num_cat=0
split_feature=7 9 10 9 7 15 1 3 15 4 0 10 7 9 5 5 3 0 5 4 0 0 3 15 9 3 0 0 9 9
split_gain=15.1673 38.0629 16.4322 17.6393 17.0776 36.7698 14.385 13.7995 13.5164 12.9618 12.5541 9.2485 8.57982 8.28276 8.01007 18.4809 12.2852 7.70383 10.9468 9.92891 8.06509 11.9054 9.00558 7.55142 7.52055 6.42332 6.12075 6.1289 5.94072 18.8117
threshold=0.56148993968963634 0.45725645124912268 0.29166667163372045 0.61276796460151683 0.48579499125480657 34.500000000000007 0.89059829711914074 0.936404049396515 42.500000000000007 0.99230769276618969 0.91042780876159679 0.58333334326744091 0.47687213122844702 0.67294195294380199 18.500000000000004 14.500000000000002 0.59049528837203991 0.77871939539909374 2.5000000000000004 0.79705882072448742 0.63453349471092235 0.54415586590766918 0.84000545740127575 46.500000000000007 0.64153295755386364 0.52304640412330639 0.59870129823684703 0.62115561962127697 0.63507509231567394 0.63442835211753856
decision_type=2 2 2 2 2 2 2 2 2 2 2 2 2 2 2 2 2 2 2 2 2 2 2 2 2 2 2 2 2 2
left_child=1 17 12 4 9 -6 10 23 11 -4 14 13 -3 -9 15 25 -17 18 20 -19 21 -1 -22 -8 -16 -2 -20 -28 29 -14
right_child=6 2 3 -5 5 -7 7 8 -10 -11 -12 -13 28 -15 24 16 -18 19 26 -21 22 -23 -24 -25 -26 -27 27 -29 -30 -31
leaf_value=-0.038871661851601562 0.011268693627846549 -0.075202252698897742 -0.051547015509643801 -0.039826367047208044 0.10396025253672671 0.87888417487529458 0.080760860140864865 0.046356648591424125 -0.03873850143302858 0.079889695961318619 0.090151065764528138 0.068361459576149558 -0.010607528361904373 0.0059586096488648274 -0.08167127939894625 0.0049589833363910896 0.058457841471049286 -0.077852550652781571 -0.023922412778345496 -0.002254620296315363 -0.064663506660125783 0.21035776770802181 0.063561436796274323 0.34529310834473415 -0.013342226961455386 -0.0047600414134907499 0.089297388572211159 0.010813378617513025 -0.058441035852112924 0.81188593703475864
leaf_weight=1.6887578644964403 204.84823075894383 71.267616669889094 11.25595929295196 44.011915049413801 6.543127343444211 0.41684591622470168 16.868642783432737 45.818177019478753 23.950508853420615 8.3744912882150402 10.115942595555678 27.042953044758178 25.249767977926243 111.58875358384103 12.487801880095502 51.728693503355316 58.580107007961487 11.365313506001256 31.779343867659918 512.83042510712585 4.3364877544008804 4.4829264503641753 18.292596527338901 0.72012285143136878 59.087797751679318 730.97413370199502 6.9403203493275205 77.215633525026988 27.529510603992094 0.17923219330259499
leaf_count=1437 46913 364298 42593 92486 6830 2498 1900 1406 189 863 1173 19358 21002 8447 2968 9332 3139 257 8564 3945 1199 1253 724 7 8865 70299 830 3475 37123 336
internal_value=-0.00016263 -0.00844563 -0.0395634 -0.00874512 0.0426999 0.150372 0.0051221 0.0235443 0.0178012 0.00452483 0.00143072 0.0251428 -0.0570787 0.0177177 0.000627746 0.00239921 0.0333699 0.000617528 0.016956 -0.00389369 0.0610978 0.142161 0.0389893 0.0915914 -0.0252636 -0.00125141 0.0059902 0.0172859 -0.0326893 -0.00481032
internal_weight=2217.57 863.76 194.828 70.6023 26.5904 6.95997 1353.81 225.989 208.4 19.6305 1127.82 184.45 124.226 157.407 1117.71 1046.13 110.309 668.932 144.736 524.196 28.8008 6.17168 22.6291 17.5888 71.5756 935.822 115.935 84.156 52.9585 25.429
internal_count=763709 589713 568029 145270 52784 9328 173996 31307 29400 43456 142689 29211 422759 9853 141516 129683 12471 21684 17482 4202 4613 2690 1923 1907 11833 117212 12869 4305 58461 21338
is_linear=0
shrinkage=0.08


Tree=90
num_leaves=31
num_cat=0
split_feature=15 15 10 10 13 8 9 7 2 9 3 5 9 8 7 2 7 10 8 8 3 15 9 9 9 8 5 3 3 2
split_gain=13.7819 7.95081 7.52132 17.1443 13.0549 19.3712 9.35153 13.436 7.74586 6.84923 13.1751 17.4325 10.551 23.4764 12.7486 9.90693 6.05663 5.33668 7.06197 8.47106 8.12947 6.74459 6.6577 5.85765 9.0282 6.76454 6.29688 5.00087 12.2239 8.38625
threshold=2.5000000000000004 49.500000000000007 0.29166667163372045 1.0000000180025095e-35 0.33261258900165563 0.74099972844123851 0.6466963291168214 0.54295176267623912 0.38507877290248876 0.67008244991302501 0.74649930000305187 5.5000000000000009 0.81391924619674694 0.74099972844123851 0.67806351184844982 0.73401361703872692 0.92699080705642711 0.83333334326744091 0.57637089490890514 0.40083682537078863 0.60555189847946178 1.5000000000000002 0.60920628905296337 0.87159258127212536 0.7589000165462495 0.64605829119682323 5.5000000000000009 0.71631541848182689 0.72222682833671581 0.61651584506034862
decision_type=2 2 2 2 2 2 2 2 2 2 2 2 2 2 2 2 2 2 2 2 2 2 2 2 2 2 2 2 2 2
left_child=17 2 3 4 5 -2 7 -5 -6 10 11 -4 14 -14 -11 -12 -8 21 19 22 -20 23 -19 24 25 -1 -26 29 -29 -23
right_child=1 -3 9 6 8 -7 16 -9 -10 12 15 -13 13 -15 -16 -17 -18 18 20 -21 -22 27 -24 -25 26 -27 -28 28 -30 -31
leaf_value=-0.029110639833899717 -0.054024778428543078 -0.0730833300467576 -0.046996093068997852 -0.084732119916711132 0.083315803993079571 0.012145818999572816 -0.06694411131572893 0.035164222713867058 -0.0011420327717736995 -0.055126292962074261 0.084334157820302222 0.021807029940266169 0.055748070947931792 -0.0031603825309645356 -0.0043868513936747592 0.023940299471256199 0.0099296299234559425 0.058337366672856182 0.00937243993373554 -0.071595603084071535 0.077081419077022192 0.013847326114293956 0.49645126749193003 0.031018721980966571 -0.029661388657270665 0.052621213192544855 -0.13118394506839948 0.32213243522514179 0.027659236134692448 -0.10456678775164198
leaf_weight=17.198847617313735 73.277172247200042 10.213272310850924 36.146956715525448 8.6308215952662994 6.9943442899966604 46.14454850423499 53.126526804815512 19.490239543942153 1090.2688408968388 38.466070116039191 23.48606715520873 67.725200512730225 57.083877557219239 179.26730488392059 179.96279316575965 66.899268157782899 7.4831740080844602 1.0587708807433944 18.482051808852702 6.216067532193847 29.404321617112146 18.172705889766807 0.2808793379808775 15.711563062854109 8.9525431611691584 10.399773982702753 6.9419239626149638 0.91106395283713837 92.651016818796052 4.8490942840871858
leaf_count=1093 334736 15175 54519 49349 229 4735 46473 5595 77666 39837 6262 61929 7068 9929 10500 9156 193 85 597 536 18489 948 43 1385 1037 606 179 38 5037 499
internal_value=-0.000507641 -0.00268192 -0.00231403 -0.00581336 -0.00333751 -0.0284565 -0.0397624 -0.00163396 -0.000603669 0.00472421 0.0172986 -0.00213609 -0.000646904 0.0110673 -0.0133222 0.0396333 -0.0574529 0.0179663 0.0396074 -0.0322715 0.0509487 0.0111409 0.150195 -0.0108485 -0.0259727 0.00168774 -0.0740015 0.0223078 0.0305267 -0.0110943
internal_weight=2195.9 1964.67 1954.45 1305.42 1216.68 119.422 88.7308 28.1211 1097.26 649.038 194.257 103.872 454.78 236.351 218.429 90.3853 60.6097 231.231 55.4421 7.55572 47.8864 175.789 1.33965 59.2047 43.4931 27.5986 15.8945 116.584 93.5621 23.0218
internal_count=763923 733351 718176 518976 417366 339471 101610 54944 77895 199200 131866 116448 67334 16997 50337 15418 46666 30572 19750 664 19086 10822 128 4300 2915 1699 1216 6522 5075 1447
is_linear=0
shrinkage=0.08


Tree=91
num_leaves=31
num_cat=0
split_feature=13 15 15 15 8 10 4 7 5 8 7 4 1 5 10 0 3 3 8 3 15 13 15 8 13 10 8 8 5 8
split_gain=10.815 9.13673 10.1219 14.3482 12.4211 10.2072 8.81022 23.6193 8.13893 8.36853 6.99505 12.0581 7.40027 6.40522 6.16109 5.92788 7.05975 6.02985 5.91507 4.62478 4.07811 3.92643 3.72993 2.83353 0.614194 0.516218 1.3791 2.31628 4.85053 0.467868
threshold=0.99756097793579113 46.500000000000007 44.500000000000007 22.500000000000004 0.49593387544155126 1.0000000180025095e-35 0.20344828069210055 0.9709441363811494 3.5000000000000004 0.94241821765899669 0.64161032438278209 0.88067796826362621 0.92422503232955944 29.500000000000004 0.41666667163372045 0.51022112369537365 0.82500126957893383 0.68991002440452587 0.49358868598937994 0.40484943985939031 45.500000000000007 0.85678410530090343 49.500000000000007 0.56017240881919872 0.72869884967803966 0.58333334326744091 0.93398621678352367 0.96677702665328991 12.500000000000002 0.90954548120498668
decision_type=2 2 2 2 2 2 2 2 2 2 2 2 2 2 2 2 2 2 2 2 2 2 2 2 2 2 2 2 2 2
left_child=1 2 3 13 5 18 7 -3 21 -10 11 -5 -12 14 -1 24 17 -17 -4 -15 -7 -6 -18 -2 29 26 -25 28 -28 -8
right_child=23 6 4 10 8 20 15 -9 9 -11 12 -13 -14 19 -16 16 22 -19 -20 -21 -22 -23 -24 25 -26 -27 27 -29 -30 -31
leaf_value=-0.0017913192629125316 -0.17858435071318429 -0.080294286119350231 0.027396312557313132 -0.057105018846063019 -0.084108349578832911 0.2509038770971227 -0.080787486081079399 2.6172920687083536 0.042849693352884341 -0.68114199821654742 -0.0074829721903511993 -0.012794722250577957 0.080909260270279226 0.19791858815782157 0.0085851876856138844 -0.072308792445275133 -0.023996371909941729 0.079370438386208789 0.59233320008800461 -0.10704434251866278 -0.0070236623472636388 0.085131079722619601 -0.095559399572965997 0.080612238677731526 -0.15487933352302816 0.080133821542026931 -0.010482910793414561 0.080993512089122352 -0.50614826956422099 0.059025914881950491
leaf_weight=1154.282705551449 0.30748617928475397 0.069482399587513011 111.84921494887658 60.410665785550464 12.614138535333041 1.8553472933490405 9.8851200993603872 0.029631666839122772 7.1746458843408609 0.1036553531885146 96.192404144967441 112.50492866661853 6.469458539504557 0.34042281800793617 536.39381529848197 2.1811642552456743 54.732988030718161 7.26249522323684 0.11874094716040318 4.8875417865128838 0.49752805987372983 0.94293896108865816 5.0951783657628189 4.7993609269615263 0.72473166882991868 8.6889337740140036 1.7556270456407217 1.7793889630120248 0.13615401322022092 0.1555923761334278
leaf_count=245963 35 210 26172 279278 875 652 31044 1 1725 1 29106 27545 61 104 79893 9843 9853 7845 34 1710 1060 19 2277 1062 3 7340 332 264 10 6
internal_value=-0.000579559 -0.00108038 -7.18142e-05 -0.00152375 0.0211071 0.0314607 -0.0275937 0.72619 -0.0357015 0.0325388 -0.0184543 -0.0282752 -0.00191275 0.0012274 0.00150079 -0.0285271 -0.0199443 0.0443377 0.0279954 -0.0871865 0.196364 -0.0723372 -0.0300909 0.0621204 -0.0837546 0.0664336 0.0523802 0.0154721 -0.0461566 -0.0786209
internal_weight=2204.24 2186.77 2106.64 1971.48 135.156 114.321 80.1364 0.0991141 20.8354 7.2783 275.577 172.916 102.662 1695.9 1690.68 80.0373 69.2718 9.44366 111.968 5.22796 2.35288 13.5571 59.8282 17.467 10.7654 17.1595 8.47053 3.67117 1.89178 10.0407
internal_count=764323 755280 694198 663660 30538 27918 61082 211 2620 1726 335990 306823 29167 327670 325856 60871 29818 17688 26206 1814 1712 894 12130 9043 31053 9008 1668 606 342 31050
is_linear=0
shrinkage=0.08


Tree=92
num_leaves=31
num_cat=0
split_feature=8 4 0 10 8 13 13 2 7 4 5 15 13 7 4 10 0 13 8 5 8 9 13 5 15 15 1 5 5 8
split_gain=10.9975 11.0858 15.8289 11.9315 11.4775 11.2261 9.90148 9.56062 9.03473 10.391 11.4341 8.50594 8.04006 7.65538 7.32201 7.17852 8.05209 6.66275 6.45533 6.11465 5.64794 3.8637 3.77219 3.69802 3.661 5.87021 3.20525 4.70219 4.65102 3.29115
threshold=0.97793999314308178 0.49590164422988897 0.30068494379520422 0.83333334326744091 0.94925981760025036 0.72869884967803966 0.10297793149948122 0.71010184288024913 0.73546314239501964 0.36214604973793035 9.5000000000000018 6.5000000000000009 0.26591184735298162 0.99756097793579113 0.72065573930740368 0.83333334326744091 0.2014492750167847 0.42862771451473242 0.94925981760025036 7.5000000000000009 0.63053271174430858 0.890283763408661 0.35325381159782415 5.5000000000000009 10.500000000000002 5.5000000000000009 0.35751880705356603 7.5000000000000009 13.500000000000002 0.99790793657302868
decision_type=2 2 2 2 2 2 2 2 2 2 2 2 2 2 2 2 2 2 2 2 2 2 2 2 2 2 2 2 2 2
left_child=1 2 8 4 6 7 -3 14 15 11 -11 -10 -6 -8 -5 21 -17 -14 20 -9 -4 -1 -22 -20 25 -2 28 -28 29 -27
right_child=24 3 18 5 12 -7 13 19 9 10 -12 -13 17 -15 -16 16 -18 -19 23 -21 22 -23 -24 -25 -26 26 27 -29 -30 -31
leaf_value=-0.073703232258764587 0.040290652074246924 -0.12071954793867827 -0.069090911278353831 0.010141866343334261 -0.25057869144949618 0.066049533094341847 -0.0020904892817634638 -0.0074659081126564868 -0.034040591926661111 0.06227940591778116 -0.00089099376517414526 0.013369989787288315 0.078474191414140762 0.043271417121150429 0.059557536345499769 0.16631123130910413 -0.037324482330105373 -0.062384129628307916 -0.17692582590378775 -0.087839722363653616 -0.016950630351061254 0.25432495216108808 -0.067907421523040301 -0.061272734284058869 0.10277701227678974 -0.043660214415379109 -0.11665457296959261 0.054468319919296251 -0.075759375410175842 0.066856242615810357
leaf_weight=20.222385289322126 45.47339716803981 4.4644893117581423 25.924853443910251 71.988080523487952 1.3141742143780017 28.257893123489339 1604.4347483784688 27.088365666371828 58.919428785098717 30.801259075902635 45.320403690217063 41.121780515444698 2.4154650524724302 24.168922332348302 26.16529022784016 1.8983167216647405 3.5985411763904267 19.493456245400012 3.3833205681294194 7.8029043351707505 57.201440266864665 0.23244734184117888 11.102122446696738 3.709415890276432 4.1611327740829429 2.3481668215245026 3.6255758120678356 1.4342402530601246 3.1458005947060874 6.493539676303044
leaf_count=94880 7580 7335 95237 6542 15 20231 489029 2611 770 1851 3040 5852 40 2249 2735 2118 6808 1092 25 631 12300 14 451 26 76 16 150 95 41 60
internal_value=-0.00187227 -0.00287797 -0.0170331 -0.00051486 -0.00253761 0.0202552 -0.00174346 0.0105287 -0.00409615 0.00239579 0.0246698 -0.0145525 -0.058383 -0.00141731 0.0233149 -0.0481641 0.0330003 -0.0468545 -0.0428397 -0.0254403 -0.0372997 -0.0699755 -0.0252332 -0.116441 0.0301175 0.0252816 -0.0147549 -0.0681486 0.00778213 0.0375055
internal_weight=2187.71 2121.03 303.436 1817.59 1656.29 161.303 1633.07 133.045 202.115 176.163 76.1217 100.041 23.2231 1628.6 98.1534 25.9517 5.49686 21.9089 101.321 34.8913 94.2284 20.4548 68.3036 7.09274 66.6819 62.5207 17.0473 5.05982 11.9875 8.84171
internal_count=763900 755882 223372 532510 499760 32750 498613 12519 115333 11513 4891 6622 1147 491278 9277 103820 8926 1132 108039 3242 107988 94894 12751 51 8018 7942 362 245 117 76
is_linear=0
shrinkage=0.08


Tree=93
num_leaves=31
num_cat=0
split_feature=1 13 2 4 7 10 3 9 4 4 13 4 2 1 1 15 1 5 2 4 7 1 4 9 15 1 8 8 13 8
split_gain=9.90791 15.4768 14.5537 24.7761 16.1187 13.6331 13.0863 12.3481 10.7914 10.2173 28.4891 47.6686 13.309 9.6863 8.84165 8.7724 8.04779 7.95373 7.51287 7.87856 7.65038 6.69204 27.0738 6.34632 6.06756 5.70999 5.51617 5.3258 5.24172 6.52059
threshold=0.60640108585357677 0.34246207773685461 0.60660174489021312 0.75204917788505565 0.56847450137138378 0.83333334326744091 0.74286627769470226 0.7589000165462495 0.7228132188320161 0.72065573930740368 0.34667673707008367 0.69920635223388683 0.64747309684753429 0.42967033386230474 0.64326766133308422 43.500000000000007 0.64747309684753429 22.500000000000004 0.4970588237047196 0.53001201152801525 0.9656645953655244 0.60495716333389293 0.99230769276618969 0.90668702125549328 9.5000000000000018 0.23606811463832858 0.90954548120498668 0.5278482735157014 0.9014839529991151 0.3178189098834992
decision_type=2 2 2 2 2 2 2 2 2 2 2 2 2 2 2 2 2 2 2 2 2 2 2 2 2 2 2 2 2 2
left_child=2 -2 3 4 8 9 21 -7 -1 10 11 -3 14 24 -11 -10 -12 27 19 -6 -20 25 -23 -14 -5 -4 -27 -15 29 -8
right_child=1 5 6 13 18 7 28 -9 15 12 16 -13 23 17 -16 -17 -18 -19 20 -21 -22 22 -24 -25 -26 26 -28 -29 -30 -31
leaf_value=-0.072332171063279146 -0.056928675248810706 -0.080313504233806107 0.092813028358571054 0.045384621546021062 -0.0060826716012637259 0.0014271089273078738 0.011138047856040653 0.071605468264634348 0.059299824537082726 0.062074515556357658 -0.022586347473618915 2.1785919790236963 0.0019318288232672079 0.13096718361588597 0.28411418365332497 0.57580812421271677 0.060936167913570552 -0.20690110975253201 -0.038458040087816198 0.016888464183979442 0.051061045244445616 -0.20605707547038221 -2.753962338072165 -0.028175309916952065 -0.065909836328308491 -0.066448581480649999 0.057127777706503145 0.05921241513426509 0.043453092700268987 -0.030303732684265859
leaf_weight=30.912773388180312 26.592555800335504 0.13674086403625452 1.5882541236528016 6.2352813153339621 368.34956380260701 28.865832614392275 34.770490063455327 36.131355166144203 1.5629888490112751 10.366821798874296 10.126899292634333 0.10624103244481375 1156.519846277035 8.4355862789161602 1.290658102283486 0.24319188115259738 27.252200652903412 0.6528202943954956 58.139889612764819 129.02950547916407 6.8273465405218294 0.44880827830638637 0.028378581162542105 46.61484182998538 6.3053929598099785 52.81347165076528 2.4176073737908146 30.759742395159265 9.6838350966572744 80.685770772346586
leaf_count=279316 114490 195 460 557 98422 4885 6776 22801 6065 328 921 87 71039 4689 57 1355 2596 42 4108 8562 399 1287 13 2952 2793 92246 391 1838 734 33837
internal_value=-0.000748494 0.00349547 -0.00762158 -0.00199794 -0.00664136 0.00471516 -0.0275795 0.0404386 -0.0612266 0.0028612 0.0439207 0.907367 0.00158959 0.050745 0.0866576 0.128845 0.0383079 0.0700428 -0.00346543 -0.000123526 -0.0290506 -0.0592443 -0.357582 0.000765343 -0.0105737 -0.0567387 -0.0610393 0.0746554 -0.0130814 -0.0178232
internal_weight=2173.89 1344 829.891 647.454 595.065 1317.41 182.437 64.9972 32.719 1252.41 37.6221 0.242982 1214.79 52.3888 11.6575 1.80618 37.3791 39.8481 562.346 497.379 64.9672 57.2965 0.477187 1203.13 12.5407 56.8193 55.2311 39.1953 125.14 115.456
internal_count=764241 220351 543890 408146 398227 105861 135744 27686 286736 78175 3799 282 74376 9919 385 7420 3517 6569 111491 106984 4507 94397 1300 73991 3350 93097 92637 6527 41347 40613
is_linear=0
shrinkage=0.08


Tree=94
num_leaves=31
num_cat=0
split_feature=13 5 8 10 10 13 7 3 4 7 5 5 5 0 2 13 13 0 10 7 5 13 8 3 3 2 5 3 5 8
split_gain=10.6961 8.25025 10.5163 8.23078 18.6083 11.954 12.567 11.2896 10.9352 10.5912 7.95957 7.34348 7.13701 6.91156 6.64102 6.59954 20.0283 6.47543 6.20092 4.73815 4.49785 4.05234 3.04956 2.39243 2.73057 1.5725 0.640446 4.04394 12.146 2.69091
threshold=0.99756097793579113 20.500000000000004 0.75419202446937572 0.29166667163372045 1.0000000180025095e-35 0.33261258900165563 0.73546314239501964 0.92655104398727428 0.91366460919380199 0.49677366018295294 14.500000000000002 4.5000000000000009 11.500000000000002 0.41712453961372381 0.89512962102890026 0.10011666640639307 0.12837404012680056 0.88067796826362621 0.83333334326744091 0.80127388238906871 10.500000000000002 0.87880107760429393 0.56017240881919872 0.6931876838207246 0.51270297169685375 0.50287356972694408 8.5000000000000018 0.89716076850891124 13.500000000000002 0.94925981760025036
decision_type=2 2 2 2 2 2 2 2 2 2 2 2 2 2 2 2 2 2 2 2 2 2 2 2 2 2 2 2 2 2
left_child=1 3 21 4 5 6 -1 9 20 17 -11 -7 14 -14 -6 -4 -17 -5 -10 -18 -9 23 -2 24 -3 -25 -24 -28 29 -29
right_child=22 2 15 7 12 11 -8 8 18 10 -12 -13 13 -15 -16 16 19 -19 -20 -21 -22 -23 26 25 -26 -27 27 28 -30 -31
leaf_value=-0.055731315400833099 -0.18964443731160543 -0.088340038282969338 -0.16626496674744839 -0.057150332392168234 -0.064917907377268408 0.0056683433922320526 -0.0013098837198733638 0.08479894715526301 0.0078122557714262152 0.0010176278521005857 0.02772294511877706 -0.0078899178083087149 -0.06210300069804163 0.055610645118459562 -0.01691127231610157 0.28953641325323831 0.15131784825999148 0.17701344415396761 0.056589274953252278 -0.01422259612522103 0.54000293248946019 0.14961699866629005 0.080300058326764873 -0.17171652722639411 -0.032551510266454461 -0.083397959991777543 0.080732343204697687 0.080893850569168924 -1.180525612770541 -0.24208828009930425
leaf_weight=50.493490617291627 0.29475500783882935 9.8223344324034176 1.2383200835902268 23.169487685888729 50.542872854216967 779.04475770393765 58.756938820311916 17.392420641444918 69.7497756564253 511.28398619387735 83.028413686617569 380.55817783251405 4.9078375156714165 9.1324897546219272 29.037401257012789 1.6589253946440319 1.193504020076946 0.781290260667446 21.923232751520118 15.192790094530208 0.1400410890346383 0.55867205932736297 11.135177306132389 1.9939490275646665 13.108208707889728 3.6557751548316446 3.5672133740736163 0.49452475691214193 0.063401371240615845 0.24782286357367411
leaf_count=322860 32 10807 28 102618 82035 39748 12750 3124 5407 75536 9904 39580 11987 4153 2308 34 85 136 14572 434 8 4 7251 188 14946 1535 1586 107 24 129
internal_value=-0.000307461 -0.000792068 -0.0334378 -3.56896e-05 -0.00370417 -0.0011646 -0.0264624 0.006835 0.030548 0.00264652 0.00474849 0.0012188 -0.0381233 0.0144635 -0.0474012 0.0123913 0.0246512 -0.0495118 0.0194771 -0.00216537 0.0884349 -0.0637665 0.065267 -0.0679376 -0.0564486 -0.114568 0.070112 0.0441695 -0.117702 -0.0269294
internal_weight=2154.17 2138.37 48.4225 2089.94 1362.47 1268.85 109.25 727.469 109.205 618.263 594.312 1159.6 93.6206 14.0403 79.5803 19.2835 18.0452 23.9508 91.673 16.3863 17.5325 29.1389 15.8029 28.5803 22.9305 5.64972 15.5081 4.37296 0.805749 0.742348
internal_count=763916 754787 28061 726726 515421 414938 335610 211305 23111 188194 85440 79328 100483 16140 84343 581 553 102754 19979 519 3132 27480 9129 27476 25753 1723 9097 1846 260 236
is_linear=0
shrinkage=0.08


Tree=95
num_leaves=31
num_cat=0
split_feature=13 2 1 9 15 10 9 8 7 0 8 0 2 15 7 8 10 2 8 10 15 7 9 13 15 15 8 8 8 13
split_gain=11.9522 7.34895 23.3687 46.6877 6.87015 6.1613 5.61388 17.6837 14.3574 10.74 13.0665 11.5544 9.98532 9.6432 9.40096 8.83216 6.92133 6.81913 4.77795 7.62525 11.4089 4.1432 5.73016 3.84149 3.60539 3.17177 3.11805 2.63041 2.21616 0.963599
threshold=0.92149859666824352 0.93387979269027721 0.92907443642616283 0.79249966144561779 49.500000000000007 0.58333334326744091 0.82828345894813549 0.74099972844123851 0.83405795693397533 0.4246212244033814 0.7697085738182069 0.45035210251808172 0.2290398105978966 3.5000000000000004 0.81375637650489818 0.49130369722843176 0.41666667163372045 0.25677657127380377 0.88947063684463512 1.0000000180025095e-35 6.5000000000000009 0.76986128091812145 0.890283763408661 0.16784022748470309 9.5000000000000018 47.500000000000007 0.91905540227890026 0.95820856094360363 0.69592735171318065 0.82563906908035289
decision_type=2 2 2 2 2 2 2 2 2 2 2 2 2 2 2 2 2 2 2 2 2 2 2 2 2 2 2 2 2 2
left_child=4 2 -2 -4 6 18 9 8 17 10 16 13 -13 -11 -12 -10 -1 -8 25 27 -21 22 -9 -23 -7 28 29 -20 -3 -6
right_child=1 5 3 -5 26 24 7 21 15 11 14 12 -14 -15 -16 -17 -18 -19 19 20 -22 23 -24 -25 -26 -27 -28 -29 -30 -31
leaf_value=-0.048640402925232085 0.080469838453928799 0.083478175773120208 -3.1131671800351235 0.08028724586376168 -0.085785505358321648 0.075588202789597783 0.089058970937854046 0.01278603078114118 0.34731917160081188 0.15679685875599278 0.10874605957806431 0.87071241181145098 -0.001990807375875786 0.029022822982229399 -0.0017783019434245203 0.08187464125990776 -0.016035363927427392 0.0076881876806332459 0.042102696421962953 -0.040636548628651376 -0.61563970115985855 0.028381837267810711 0.21563729568940024 -0.0063037643376447263 -0.223967858819659 -0.11599731292764717 0.20841978547942749 -0.0065802762908294789 0.03401422825540764 0.10355747992357257
leaf_weight=82.401048813668012 0.28848047560313617 8.0181977337924817 0.050093972473405302 0.070582898508291692 8.1383222244385198 17.665359328850176 7.5627028689777935 2.794337995175737 0.8301067542051922 4.3386421406321451 5.1704250351176588 0.083914177019550062 1379.2604066099298 29.36972954583689 103.90690000826726 23.889001449337229 84.291456000071776 51.31657081512094 18.523304079892117 12.225710858125236 0.22490541706793088 22.229460336267948 1.3086001740302888 253.19063466665102 0.26094236597418685 0.77772317826747794 0.24390271306037981 11.521139530465005 20.926412326516584 0.17573399841785509
leaf_count=219921 115 342 12 39 15183 17185 2127 211 22 425 857 49 388374 27248 2877 829 61232 7028 1156 1417 6 334 87 13939 14 4 2 820 1825 1
internal_value=-0.000733058 0.0277131 -0.310565 -1.24534 -0.00198318 0.0292486 -0.00168486 0.00733926 0.0396213 -0.00362518 -0.0180664 -0.000806834 -0.00193772 0.0454688 0.00346071 0.0907887 -0.032153 0.0181398 0.0188282 0.00161895 -0.0510233 -0.00231548 0.0774839 -0.00350425 0.0712277 0.0434329 -0.0735125 0.0234342 0.0477167 -0.0817834
internal_weight=2151.05 90.5529 0.409157 0.120677 2060.5 90.1437 2051.94 363.121 83.5984 1688.82 275.77 1413.05 1379.34 33.7084 109.077 24.7191 166.693 58.8793 72.2174 42.4951 12.4506 279.523 4.10294 275.42 17.9263 29.7223 8.55796 30.0444 28.9446 8.31406
internal_count=763681 22935 166 51 740746 22769 725560 24577 10006 700983 284887 416096 388423 27673 3734 851 281153 9155 5570 3399 1423 14571 298 14273 17199 2171 15186 1976 2167 15184
is_linear=0
shrinkage=0.08


Tree=96
num_leaves=31
num_cat=0
split_feature=15 15 15 15 3 9 1 7 12 15 1 2 9 13 9 0 8 0 3 13 0 9 0 13 8 9 7 13 13 7
split_gain=10.2627 5.25742 6.78317 17.2743 17.0356 12.2124 11.9492 9.17879 35.628 6.11857 5.77589 11.802 9.87063 5.05719 4.44152 6.42936 4.69699 3.72011 3.75644 4.65079 8.72236 5.88322 4.28501 3.82171 4.32673 3.2219 2.74026 1.94425 1.53637 0.624342
threshold=3.5000000000000004 49.500000000000007 44.500000000000007 45.500000000000007 0.86667653918266307 0.61761891841888439 0.56635218858718883 0.52506983280181896 1.0000000180025095e-35 31.500000000000004 0.81120249629020702 0.69282051920890819 0.64301186800003063 0.41560471057891851 0.62873017787933361 0.82426470518112194 0.65229016542434703 1.0000000180025095e-35 1.0000000180025095e-35 0.14948570728302005 0.2014492750167847 0.78383582830429088 0.21483516693115237 0.076471496373415007 0.96677702665328991 0.63008126616477977 0.91905540227890026 0.069737467914819731 0.78267124295234691 0.9492306411266328
decision_type=2 2 2 2 2 2 2 2 2 2 2 2 2 2 2 2 2 2 2 2 2 2 2 2 2 2 2 2 2 2
left_child=17 2 7 4 6 -6 -4 8 13 -10 11 -9 -12 -2 15 -5 -16 -1 29 23 21 -21 -22 27 -25 -3 28 -20 -27 -19
right_child=1 25 3 14 5 -7 -8 10 9 -11 12 -13 -14 -15 16 -17 -18 18 19 20 22 -23 -24 24 -26 26 -28 -29 -30 -31
leaf_value=-0.31425887970730443 -0.071797471346825556 -0.10049756113540415 0.022771684546467479 0.028233731509033008 0.037132738138286804 -0.051792876787933102 0.1910777739681227 0.0034097649315133079 -0.00044861368743746253 -0.028273018851634146 0.046602102668047041 -0.018620578361758792 0.0017286329894066511 -0.034104579899276927 -0.065348521128428053 -0.016851260591289125 0.013214703413933993 0.098954391628454111 -0.053343284844706178 -0.0088581874562535263 -0.10010751841040998 0.13269143282219395 0.010267880890514391 -0.094731474447368333 0.09484371310247959 -0.080613393875534872 0.10758372995937045 0.16088946032130066 0.10314060432154275 0.21092501153427642
leaf_weight=0.22573175799357059 58.991610917513754 5.7224270818205678 4.318194415049275 30.282660233128809 65.424890728328137 11.642812223588406 7.2030059458867868 553.38536380093137 416.79736302536912 57.565761972451583 43.202270103502087 216.52359182952932 114.56891267956235 37.112774773062483 15.904013344450506 61.062650818680595 7.0201752808934534 0.75981917241006047 0.4223069425788688 2.6977461786882468 2.2632761619752264 6.1936497860588133 416.99492458760506 6.2308933359163348 0.87923335237428535 1.8182708377462411 1.0251887266058473 0.75730857018788811 0.34673862159252156 0.54898060124833137
leaf_count=21 442300 9499 7778 37765 2188 1306 3976 143669 8377 4014 932 10874 6516 9990 19187 2928 1050 32 66 64 45 79 44766 744 25 5604 21 22 2 16
internal_value=-0.00050225 -0.00330092 -0.00297982 0.010749 0.0372627 0.0236985 0.127996 -0.00483879 -0.012824 -0.00382521 7.16666e-05 -0.00278589 0.0140163 -0.0572416 -0.00980598 -0.00190475 -0.0412898 0.0104242 0.0105916 0.0101858 0.0113349 0.0897437 0.00967204 -0.0491639 -0.0712887 -0.0645837 -0.000163164 0.0841933 -0.0511841 0.145921
internal_weight=2147.89 1709.92 1701.01 202.858 88.5889 77.0677 11.5212 1498.15 570.468 474.363 927.68 769.909 157.771 96.1044 114.269 91.3453 22.9242 437.974 437.748 436.439 428.15 8.8914 419.258 8.28974 7.11013 8.91263 3.1902 1.17962 2.16501 1.3088
internal_count=763856 717976 702850 76178 15248 3494 11754 626672 464681 12391 161991 154543 7448 452290 60930 40693 20237 45880 45859 45811 44954 143 44811 857 769 15126 5627 88 5606 48
is_linear=0
shrinkage=0.08


Tree=97
num_leaves=31
num_cat=0
split_feature=13 10 8 10 9 1 9 15 3 5 5 0 2 3 2 3 8 9 2 0 13 2 13 13 13 0 9 3 15 9
split_gain=8.12778 8.99244 13.4751 9.46418 8.46184 9.42491 6.9298 6.80363 5.77589 5.32896 11.0754 17.7887 10.6265 18.4919 8.31071 7.60117 11.7462 11.9118 8.30814 17.5663 8.46944 6.35089 11.7115 8.03632 5.27381 5.00697 4.83435 5.7579 8.54506 4.50335
threshold=0.87880107760429393 0.58333334326744091 0.90029239654541027 1.0000000180025095e-35 0.90668702125549328 0.76253134012222301 0.73521250486373912 2.5000000000000004 0.93097409605979931 18.500000000000004 14.500000000000002 0.81872946023941051 0.8029850721359254 0.5948290526866914 0.46709956228733068 0.70473358035087597 0.55190372467041027 0.57510972023010265 0.6900656819343568 0.68532291054725658 0.3400390893220902 0.11882352828979494 0.12837404012680056 0.11242216825485231 0.33015114068984991 0.50287356972694408 0.77469792962074291 0.87617722153663646 4.5000000000000009 0.81391924619674694
decision_type=2 2 2 2 2 2 2 2 2 2 2 2 2 2 2 2 2 2 2 2 2 2 2 2 2 2 2 2 2 2
left_child=9 2 26 6 5 -5 8 -6 -4 10 15 12 13 -12 21 16 29 -18 19 -17 -20 -11 23 -23 -24 -16 -2 -28 -29 -1
right_child=1 -3 3 4 7 -7 -8 -9 -10 14 11 -13 -14 -15 25 18 17 -19 20 -21 -22 22 24 -25 -26 -27 27 28 -30 -31
leaf_value=-0.040326332708903817 0.054715961720292361 0.065247729642631869 0.0039775590895612884 -0.13598173105729358 -0.085802630155723508 0.029248061110388496 0.01194897377092337 -0.27243170169002023 -0.19583361798573343 -0.1043523135269319 0.0012242242269226073 -1.4601688055887079 -0.032374747253606041 0.070887116320874868 -0.10812701700557384 0.0049720976454920478 0.14559247172299633 -0.0068396850132140486 -0.059359913787196412 0.082730193218290213 -0.001152842649185419 0.013540707531680983 -0.02347155742278241 0.2084424064998128 0.067402491554370697 -0.010377875201237405 0.085958999979016126 0.018847497669316326 -0.09310762441517817 0.044636522653415008
leaf_weight=91.996748153000226 32.767211730359122 21.435151352838147 1.7256534106563768 3.4630696980748308 3.3013364314101628 6.1033614866901189 32.731417159317061 2.0120854862034321 1.997794542228803 4.2140930269378591 52.799788257878504 0.051786441355942681 18.71895251648391 45.318793047557847 10.272213073858039 93.660526784973626 3.3070924805797395 415.5352084231854 16.221404024724961 23.199531587499223 1165.0621591662966 2.7599399565551712 43.47770387421042 2.6578233152904431 4.5112783148651934 4.9794697940269534 5.4411839774111312 21.029837865266021 5.505482413340359 4.173754457908216
leaf_count=363614 1876 21139 22 107 262 936 2050 127 128 1748 27636 1 5519 12090 12587 56865 1239 65809 76764 3917 75636 6686 14698 3037 109 2260 172 1961 193 5085
internal_value=-0.00117315 0.017641 0.00884987 -0.0217608 -0.0755264 -0.0305655 0.00018476 -0.156475 -0.10323 -0.00246487 -0.00166305 0.0222049 0.022862 0.0334 -0.0237013 -0.00320175 -0.0114254 -0.00563611 6.08226e-05 0.0204089 -0.00195214 -0.0098019 -0.00234134 0.109155 -0.0149288 -0.0762132 0.0331208 0.0109917 -0.00438067 -0.036639
internal_weight=2140.43 137.514 116.078 51.3347 14.8799 9.56643 36.4549 5.31342 3.72345 2002.92 1930.05 116.889 116.838 98.1186 72.8725 1813.16 515.013 418.842 1298.14 116.86 1181.28 57.6208 53.4067 5.41776 47.989 15.2517 64.7437 31.9765 26.5353 96.1705
internal_count=764273 28973 7834 3632 1432 1043 2200 389 150 735300 694175 45246 45245 39726 41125 648929 435747 67048 213182 60782 152400 26278 24530 9723 14807 14847 4202 2326 2154 368699
is_linear=0
shrinkage=0.08


Tree=98
num_leaves=31
num_cat=0
split_feature=8 4 0 7 2 10 10 2 5 0 5 9 13 4 10 2 8 7 13 8 1 13 9 8 0 8 4 13 10 0
split_gain=8.57808 10.16 31.2035 47.3434 11.2959 10.9583 11.6669 11.1622 10.8954 9.27098 13.4262 11.0983 8.76818 10.791 8.14497 7.32163 6.91688 6.07227 5.93482 5.31619 4.60567 7.62915 4.60557 4.43261 6.31064 3.9642 3.67332 3.30822 3.47294 3.09845
threshold=0.97793999314308178 0.4248871803283692 0.44300144910812383 0.92699080705642711 0.29340028762817388 0.29166667163372045 1.0000000180025095e-35 0.20761494338512423 18.500000000000004 0.35665363073349005 9.5000000000000018 0.64743113517761242 0.29851561784744268 0.42997199296951299 0.22500000149011615 0.37590579688549047 0.80106952786445629 0.65319725871086132 0.16256374120712283 0.60891634225845348 0.2237871661782265 0.23031015694141391 0.90668702125549328 0.85786435008049022 0.22401433438062671 0.870479315519333 0.39369101822376257 0.32085922360420233 0.29166667163372045 0.35043859481811529
decision_type=2 2 2 2 2 2 2 2 2 2 2 2 2 2 2 2 2 2 2 2 2 2 2 2 2 2 2 2 2 2
left_child=1 2 4 -4 17 6 12 8 22 10 -9 -11 13 -3 25 -14 -16 -1 -19 -10 -2 -22 -7 29 -25 -8 -23 -28 -29 -6
right_child=20 5 3 -5 23 7 14 9 19 11 -12 -13 15 -15 16 -17 -18 18 -20 -21 21 26 -24 24 -26 -27 27 28 -30 -31
leaf_value=-0.072937039226178599 0.075658722917587337 0.16937684125721567 -0.080178108562075454 6.3272490585952852 -0.073834786346337403 -0.10043151423049412 -0.075502607045994985 0.093260974961701021 0.11170006940834711 0.026843719622977075 0.016805316422437037 -0.00041089302884281096 0.076766017921972532 -0.04249072303953752 -0.024661017749250037 -0.00074985549404859176 0.059608556995978203 0.021244880557857036 -0.013550625671604602 -0.028658660166700694 -0.35293053415629916 -0.019373291045821087 -0.30291721938343535 0.11672749234502244 -0.032167899004416071 0.020604925604604002 0.075108522482952828 0.060872406046642617 0.002624904603396832 -0.014224265134725902
leaf_weight=8.4121600177491 10.924990263767539 1.5921343859991441 0.01805283133944513 0.012483861297369003 32.281016413387988 7.4278850109295735 26.878894049543309 20.57295136628818 2.3141095628488966 136.50916768560444 51.492107652469713 319.25168913104426 7.8506216296809717 45.712755021052033 50.208483505158256 1172.6621950759109 7.1174139326321884 44.881815922926762 104.22238695099804 6.8075867218867643 0.35150790773332019 11.24973828345537 0.79594621830619861 1.9947867752052868 21.002672150381841 3.0594037855043998 8.9884789411444199 9.344706038944425 21.914978194166906 6.7469530157213731
leaf_count=67311 219 3097 67 1 56481 2061 21868 9227 1381 55295 14096 62712 415 258261 52263 118554 223 7289 11703 193 3 75 8 16 379 75 136 729 6895 13034
internal_value=-0.000684733 -0.00156414 -0.0178392 2.53927 -0.0181948 0.000356852 -0.00359649 0.00989326 -0.0532535 0.0119684 0.0386317 0.00775239 -0.00158767 -0.0353599 -0.031861 -0.000234361 -0.0141984 -0.00680772 -0.00307684 0.00694935 0.0284517 0.0185049 -0.120029 -0.0471129 -0.0192528 -0.0656813 0.0210402 0.0323362 0.0200373 -0.0635296
internal_weight=2142.6 2079.83 219.572 0.0305367 219.542 1860.25 1315.08 545.171 17.3455 527.826 72.0651 455.761 1227.82 47.3049 87.2642 1180.51 57.3259 157.516 149.104 9.1217 62.7744 51.8494 8.22383 62.0254 22.9975 29.9383 51.4979 40.2482 31.2597 39.028
internal_count=764067 756010 156281 68 156213 599729 454756 144973 3643 141330 23323 118007 380327 261358 74429 118969 52486 86303 18992 1574 8057 7838 2069 69910 395 21943 7835 7760 7624 69515
is_linear=0
shrinkage=0.08


Tree=99
num_leaves=31
num_cat=0
split_feature=10 10 9 2 7 0 8 8 9 7 7 13 7 8 5 9 2 9 3 12 7 8 13 15 8 9 9 8 7 9
split_gain=7.77343 12.6273 9.07886 8.6402 8.53749 9.69853 9.21609 11.3996 8.12209 14.7788 14.5159 11.7884 11.1603 10.99 10.9129 10.9855 9.06042 7.51673 9.18666 7.43178 7.30386 7.23255 6.84389 11.2547 12.737 9.47565 6.56928 6.09596 11.4073 10.1801
threshold=0.29166667163372045 1.0000000180025095e-35 0.63298720121383678 0.1012820526957512 0.97687783837318432 0.55036231875419628 0.56675580143928539 0.56979990005493175 0.64814937114715587 0.76071646809577953 0.49189095199108129 0.45617751777172094 0.64161032438278209 0.47801809012889868 5.5000000000000009 0.64301186800003063 0.97332859039306652 0.78383582830429088 0.91853463649749767 1.0000000180025095e-35 0.68769904971122753 0.30317392945289617 0.36944207549095159 33.500000000000007 0.3341307938098908 0.62183922529220592 0.82828345894813549 0.6353554129600526 0.69789379835128795 0.45725645124912268
decision_type=2 2 2 2 2 2 2 2 2 2 2 2 2 2 2 2 2 2 2 2 2 2 2 2 2 2 2 2 2 2
left_child=1 4 22 -2 5 6 19 -8 9 10 21 -12 17 26 16 -16 -11 -10 -19 -1 -4 -5 -3 24 -24 -25 -14 29 -29 -7
right_child=3 2 20 8 -6 27 7 -9 12 14 11 -13 13 -15 15 -17 -18 18 -20 -21 -22 -23 23 25 -26 -27 -28 28 -30 -31
leaf_value=-0.07150876995314237 -0.072491668527662062 -0.065121455944906273 -0.081317042548954679 0.08750925421213239 0.040579708380864658 0.0031772094193134788 0.25479548921575107 -0.0092540129664421752 -0.044454979592178923 -0.051458481230657771 0.11168742624646917 0.039569812854085153 0.092235044777224579 0.0063152068501183276 0.015353568917329004 0.19244843766144534 0.065689758103341211 -0.016994702713006495 0.12899314214675614 -0.010932423100895886 -0.026855010505534155 -0.018502036644579306 0.2722394466869939 0.10689417274704428 -0.0050945642046245744 0.50703759579139684 0.39874671984806953 0.080756210353665189 0.0081414575117995033 -0.017108095807634147
leaf_weight=31.731557678299168 8.5784817136045586 5.6490875547206114 24.103853370306751 4.9647302993328166 31.32393621490337 630.27248703836983 1.0555567643714301 120.68291827792928 46.12558405830805 29.968231116537936 24.104651053228736 36.429270044958685 5.0903857460070858 516.62345715211995 42.757263840234373 2.3657898410456246 4.9188099619350387 10.192787806350678 3.7824162238975978 21.91293139665504 45.524340038013179 24.171988393551146 1.1404096744663608 1.2971839257006639 15.001147502938691 0.53495052333164483 0.49064535033539858 14.856459376984274 203.50580492126755 211.45170579676517
leaf_count=180639 2634 42411 55506 4118 1852 13182 837 38642 63302 1063 27790 890 325 50490 1316 86 1103 5298 167 5721 4346 69739 48 337 1960 140 19 302 5224 184109
internal_value=0.00086454 -0.00275753 -0.0311691 0.00734155 -0.00066611 -0.00171185 -0.0191381 -0.00696452 0.00825227 0.0236543 0.0459561 0.0682871 0.00376419 0.00752146 -0.00134027 0.0246386 -0.0349415 -0.028882 0.0225172 -0.0467643 -0.0457086 -0.000438319 0.0116864 0.0358269 0.0144992 0.223729 0.119181 0.00117118 0.0130819 -0.00191871
internal_weight=2120.61 1360.04 93.251 760.564 1266.79 1235.47 175.383 121.738 751.986 169.681 89.6706 60.5339 582.305 522.204 80.0101 45.1231 34.887 60.1008 13.9752 53.6445 69.6282 29.1367 23.6228 17.9737 16.1416 1.83213 5.58103 1060.09 218.362 841.724
internal_count=763596 535256 104748 228340 430508 428656 225839 39479 225706 106105 102537 28680 119601 50834 3568 1402 2166 68767 5465 186360 59852 73857 44896 2485 2008 477 344 202817 5526 197291
is_linear=0
shrinkage=0.08


Tree=100
num_leaves=31
num_cat=0
split_feature=13 15 15 15 15 10 4 3 3 13 2 4 2 4 13 0 13 9 13 1 15 1 15 7 9 9 3 0 15 9
split_gain=8.36923 6.03039 8.14164 10.641 10.5985 8.67659 10.6826 6.47239 27.0344 6.65914 6.4423 3.76278 12.1874 11.7624 3.68511 8.03082 2.75425 3.41111 4.76176 12.9553 2.38666 2.23138 2.02152 1.5794 0.41762 2.93358 3.30331 21.4205 0.73221 2.33009
threshold=0.99756097793579113 47.500000000000007 44.500000000000007 22.500000000000004 45.500000000000007 0.29166667163372045 0.92206478118896495 0.84648412466049205 0.83180108666419994 0.26455326378345495 0.72065573930740368 0.4248871803283692 0.18321678787469867 0.42997199296951299 0.42862771451473242 0.83424907922744762 0.35115630924701696 0.77469792962074291 0.35582368075847631 0.70320320129394542 49.500000000000007 0.33549784123897558 9.5000000000000018 0.9709441363811494 0.82828345894813549 0.82266426086425792 0.9148516356945039 0.79772728681564342 1.5000000000000002 0.80179178714752208
decision_type=2 2 2 2 2 2 2 2 2 2 2 2 2 2 2 2 2 2 2 2 2 2 2 2 2 2 2 2 2 2
left_child=1 2 3 11 7 6 -5 8 -4 -9 -7 12 -1 -13 21 -16 23 18 19 -18 -20 -6 24 -3 25 28 -27 -28 29 -2
right_child=22 16 4 5 14 10 -8 9 -10 -11 -12 13 -14 -15 15 -17 17 -19 20 -21 -22 -23 -24 -25 -26 26 27 -29 -30 -31
leaf_value=0.026886927364408869 0.080179444882795575 -0.085557258373622144 0.05720132452792507 -0.046422479270655501 0.052642451189840157 0.020045907149000938 -0.0088537664503383681 0.37074109799320526 0.55364788928314479 0.025993197520002394 -0.04937962833002818 0.071822248731836041 -0.01964740254584223 0.00090775359944533817 0.049329141638314658 -0.016527693329794473 -0.080595380916581402 0.09963448722200291 -0.019669354661176322 1.4379883574426131 -0.076086473932182139 -0.065889855519194324 -0.11243603916062736 0.06977291776172391 0.08030065442147892 0.081704222011272462 -2.1767967128759538 0.080240843498541922 0.080451792732831443 -0.17999159291432171
leaf_weight=45.805220003708655 0.7783343092305548 6.5816324516727027 8.5317307050609621 87.19139873852464 1.1513372914341733 52.253658281249955 108.9902065883573 0.36020348458123308 0.76496805209950558 79.909640415407409 10.228783720347563 15.129751238877359 168.61290156589166 1412.662263098126 16.074847630923614 45.095048106712056 0.11316423048992774 1.4363254431664234 33.869244274612356 0.052696999395266175 5.5911901553699854 8.6748426686851285 0.41043588751927096 0.4474295638501643 7.4007902289740741 0.13904536946210999 0.035416688770055771 0.11205580510431901 4.0861800115089864 0.3072895600926131
leaf_count=7882 670 40605 10138 237146 4549 73742 16478 846 654 3547 8753 4008 55318 260459 974 646 180 49 3410 148 1229 24386 21 3 6240 37 3 78 1817 241
internal_value=-0.000994019 -0.00139241 -0.000739103 -0.00220029 0.0165597 -0.017282 -0.0255509 0.034859 0.0980509 0.0275402 0.00868049 0.000175226 -0.00970647 0.00165921 -0.00652619 0.000778836 -0.0293964 -0.0214754 -0.0258652 0.401885 -0.0276632 -0.0520014 0.0623409 -0.0756698 0.0679194 0.0511319 -0.198043 -0.461805 0.0649362 0.00653714
internal_weight=2122.8 2109.53 2061.44 1900.87 160.563 258.664 196.182 89.5665 9.2967 80.2698 62.4824 1642.21 214.418 1427.79 70.9961 61.1699 48.0917 41.0626 39.6263 0.165861 39.4604 9.82618 13.2695 7.02906 12.8591 5.45832 0.286518 0.147472 5.1718 1.08562
internal_count=764257 755150 709526 663786 45740 336119 253624 15185 10792 4393 82495 327667 63200 264467 30555 1620 45624 5016 4967 328 4639 28935 9107 40608 9086 2846 118 81 2728 911
is_linear=0
shrinkage=0.08


Tree=101
num_leaves=31
num_cat=0
split_feature=15 5 5 3 2 2 4 4 0 4 3 3 2 9 4 0 9 10 4 4 0 3 8 7 8 8 10 4 7 8
split_gain=7.63243 5.99537 6.33907 9.82395 14.3424 12.5416 12.9371 10.2147 7.27894 6.46977 22.2712 17.3935 21.0184 12.4073 11.5631 11.1933 5.69984 8.0499 6.5588 9.50772 6.07205 4.46078 3.83473 5.39626 3.54269 3.16812 5.69854 5.86736 5.10162 2.85596
threshold=2.5000000000000004 20.500000000000004 11.500000000000002 0.59049528837203991 0.53427231311798107 0.74133810400962841 0.86526826024055492 0.81302964687347423 0.2362911254167557 0.94494947791099559 0.86142602562904369 0.94194158911705028 0.88067796826362621 0.92291885614395153 0.77871939539909374 0.8841681480407716 0.74017333984375011 0.41666667163372045 0.54201978445053112 0.55625879764556896 0.16807910054922107 0.3239417970180512 0.61298426985740673 0.61951711773872387 0.44487847387790685 0.81705284118652355 0.83333334326744091 0.45773810148239141 0.83405795693397533 0.37390775978565222
decision_type=2 2 2 2 2 2 2 2 2 2 2 2 2 2 2 2 2 2 2 2 2 2 2 2 2 2 2 2 2 2
left_child=22 2 9 4 8 7 -7 -5 -4 11 15 14 -13 -12 -2 -11 -3 21 20 -20 -19 -18 29 -24 -23 -25 28 -28 -27 -1
right_child=1 16 3 5 -6 6 -8 -9 -10 10 13 12 -14 -15 -16 -17 17 18 19 -21 -22 24 23 25 -26 26 27 -29 -30 -31
leaf_value=0.023348653885441689 -0.0044230118602410027 -0.062079954065615513 0.033630979626816479 0.0309007725449661 -0.1004747297755976 -0.090718299605758251 0.013678407041986907 0.10136673793197021 -0.012251516999255727 0.061907200936723056 -0.00058806992526986245 0.096498272699952481 0.0026751337311498968 -0.072436773383155142 -0.025281071896681655 -0.014128097358099874 0.50831033254176616 0.038711009587110198 0.49004152299543235 0.004993582979113744 -0.12144128194563765 0.42753856189855977 0.45166613582750381 0.035440348892746436 0.039371929141781108 -0.13946298963980114 -0.013401207109548301 0.065677831696398611 0.0021581411678660268 -0.012583217637853307
leaf_weight=20.103605566531769 477.25899966448293 20.45455152992713 32.186277280579873 61.095569589397201 9.5342450531343257 9.1715861296070198 44.250846927016198 16.78230828510641 70.815243463799561 55.048861648994489 706.41587315266452 20.910547330006011 56.764459263584513 15.724650634336284 264.30182254566665 15.990387787343932 0.13535639265683208 1.9623843409681265 0.27679400652414266 3.942266586695041 6.6477722602903668 0.15298681378044321 0.18591925816144694 56.193917802185751 9.1802290907944535 1.6701553254388262 8.6505981907248515 19.633269325830042 64.370686137117445 47.861019498261157
leaf_count=1092 417642 25705 14925 26200 16284 6918 9057 2908 37858 7441 38356 1736 3805 2628 118837 763 35 77 10 273 310 53 18 4491 1523 86 69 16545 4978 3330
internal_value=-0.000332579 -0.00196234 -0.00128016 0.0107418 -0.00660313 0.0256078 -0.00424446 0.0460858 0.00208601 -0.00309816 0.00205192 -0.00808445 0.0279328 -0.00215258 -0.0118571 0.0447922 -0.0315815 -0.00360428 -0.0448992 0.0368154 -0.0849402 0.0523473 0.0138208 0.0209353 0.0457346 0.0204033 0.0114449 0.0414916 -0.00142342 -0.00195474
internal_weight=2117.67 1899 1856.25 243.836 112.536 131.3 53.4224 77.8779 103.002 1612.42 793.18 819.236 77.675 722.141 741.561 71.0392 42.7523 22.2978 12.8292 4.21906 8.61016 9.46857 218.669 150.705 9.33322 150.519 94.3247 28.2839 66.0408 67.9646
internal_count=763953 733344 705358 114150 69067 45083 15975 29108 52783 591208 49188 542020 5541 40984 536479 8204 27986 2281 670 283 387 1611 30609 26187 1576 26169 21678 16614 5064 4422
is_linear=0
shrinkage=0.08


Tree=102
num_leaves=31
num_cat=0
split_feature=7 8 7 15 13 3 13 5 8 0 10 2 4 2 2 2 5 1 4 4 2 0 8 4 5 7 13 8 1 2
split_gain=6.83281 37.5972 8.82035 18.9953 18.4427 7.27872 26.7675 35.0282 54.2299 13.3369 12.3132 10.8963 8.71974 9.16693 8.3014 33.4151 19.0939 19.4201 17.7839 16.7793 15.1153 11.4397 9.55212 7.05383 7.02677 6.9723 12.9914 6.59569 6.17556 12.5327
threshold=0.52316638827323925 0.31045190989971166 0.31045190989971166 48.500000000000007 0.49991323053836828 0.89142328500747692 0.46967236697673803 1.0000000180025095e-35 0.50102880597114574 0.64346247911453258 0.83333334326744091 0.73401361703872692 0.81302964687347423 0.73401361703872692 0.92031747102737438 0.8155706822872163 6.5000000000000009 0.83935481309890758 0.86729559302330028 0.82097071409225475 0.68801230192184459 0.60120484232902538 0.85786435008049022 0.95040982961654674 13.500000000000002 0.72240144014358532 0.72869884967803966 0.33124926686286932 0.78319624066352855 0.78629976511001598
decision_type=2 2 2 2 2 2 2 2 2 2 2 2 2 2 2 2 2 2 2 2 2 2 2 2 2 2 2 2 2 2
left_child=1 2 -1 -4 -5 14 7 8 -7 -9 12 -10 27 -14 15 18 25 -18 20 24 -2 -20 -19 -11 -17 -16 -27 -8 -3 -30
right_child=5 28 3 4 -6 6 10 9 11 23 -12 -13 13 -15 16 19 17 22 21 -21 -22 -23 -24 -25 -26 26 -28 -29 29 -31
leaf_value=0.0015123685341385021 0.0030138311865714118 -0.065491914917333027 0.096450141055289887 -0.08001481514101888 3.2671739714090937 2.6656302929501403 -0.17081860563917342 0.78755165404219851 1.1666095516881636 0.073962436051704175 0.061134966740619391 -0.080656045812000185 0.084281734944812406 0.0011814614072491664 0.12632901487152506 0.05910079833396422 0.002751493050011029 -0.16809210613173087 -0.0015504790478470937 -0.10166390437488403 -0.031286027036970768 0.090508667260966152 -0.81229178347862896 0.26930935555072139 -0.20737168311122237 -0.35931277176056953 0.057579605078522431 0.061997687001404039 1.0215165894735541 -0.030093507054033127
leaf_weight=659.57784933392122 649.32025337737286 57.618673918931563 4.6141968083029488 0.018848435571271582 0.023886429145932198 0.088017014786600067 0.80696448404342191 0.18645494975498778 0.064633896632585675 7.6828778793787915 28.021075077791465 0.14627913775620982 8.7046076330589113 353.98562429455342 11.535802583966872 6.5830974098207653 57.737671407143353 0.32924784335773338 13.893643865892953 30.53841119921708 94.148958209822013 22.841752388660097 0.26659023074898869 1.3983377221738917 0.70074743143049989 0.49371258192695577 15.421944761823395 22.295742794754915 0.07261769625983916 59.91718888016112
leaf_count=66206 159188 440753 5341 239 1 27 7 23 19 838 23868 43 343 14761 193 326 3322 15 627 1904 6596 973 35 50 30 9 2092 556 359 35287
internal_value=0.000837854 -0.00509488 0.00228699 0.111999 1.79088 0.0043328 0.0129889 0.145286 0.997642 0.117794 0.00993047 0.301566 0.00621136 0.00317588 0.000277931 -0.00220491 0.0239537 -0.00193762 0.00135507 -0.0756407 -0.00132972 0.0556911 -0.45632 0.104042 0.0334646 0.0789721 0.0446474 0.0538655 -0.0467866 -0.0288205
internal_weight=2109.04 781.843 664.235 4.65693 0.0427349 1327.19 423.381 9.5666 0.29893 9.26767 413.814 0.210913 385.793 362.69 903.812 818.027 85.785 58.3335 780.205 37.8223 743.469 36.7354 0.595838 9.08122 7.28384 27.4515 15.9157 23.1027 117.608 59.9898
internal_count=764031 548186 71787 5581 240 215845 40535 1000 89 911 39535 62 15667 15104 175310 169644 5666 3372 167384 2260 165784 1600 50 888 356 2294 2101 563 476399 35646
is_linear=0
shrinkage=0.08


Tree=103
num_leaves=31
num_cat=0
split_feature=13 5 5 2 1 0 0 3 9 9 13 13 9 9 1 0 0 2 3 9 7 1 7 0 2 2 15 9 9 10
split_gain=7.37689 5.24229 5.3946 12.9698 20.49 7.81759 5.71033 5.31804 6.38048 4.92598 9.09592 15.068 19.264 5.7524 4.30983 14.0418 13.0666 9.68245 8.97449 7.42554 3.80531 5.65744 7.909 3.785 3.46428 2.99143 2.05156 1.90688 15.6096 1.41712
threshold=0.99756097793579113 18.500000000000004 14.500000000000002 0.78867626190185558 0.43951219320297247 0.12372449040412904 0.52223318815231334 0.76799523830413829 0.94117149710655224 0.68198150396347057 0.10011666640639307 0.12837404012680056 0.69697371125221264 0.68423289060592662 0.75123763084411632 0.87138131260871898 0.75905716419219982 0.8155706822872163 0.52304640412330639 0.94117149710655224 0.76986128091812145 0.17467582225799563 0.70983868837356578 0.81872946023941051 0.91476997733116161 0.38165266811847692 1.5000000000000002 0.6535596251487733 0.65277817845344555 0.83333334326744091
decision_type=2 2 2 2 2 2 2 2 2 2 2 2 2 2 2 2 2 2 2 2 2 2 2 2 2 2 2 2 2 2
left_child=1 2 14 4 5 -4 -6 8 -5 20 -11 12 -12 -13 15 18 19 -18 -1 -16 21 22 -3 -9 -17 -23 -22 28 -2 -28
right_child=27 9 3 7 6 -7 -8 23 -10 10 11 13 -14 -15 16 24 17 -19 -20 -21 26 25 -24 -25 -26 -27 29 -29 -30 -31
leaf_value=0.0089898119237659009 0.080893819206493037 -0.011971377574920719 -0.14053692298251466 -0.090815260724834174 0.060616399412241596 0.013328660430384456 0.14118142547496351 -0.013732450283267937 -0.49110221275890736 -0.13884743170729485 0.66317630427939334 0.50879469057109816 0.091141294722488692 -0.012950628455583589 0.05185607474743275 0.053701710852182498 0.039270241969706347 -0.0007505508419994142 -0.010185926315143486 -0.13595676740848009 -0.27744890826049401 0.023190805409086329 0.38713927747709292 -0.40749219668305919 0.14832420061779658 -0.067873867504510799 -0.092172873503970229 0.067392632834060329 -1.3556551981391176 -0.031336329249039355
leaf_weight=201.39392115628857 0.37692978861741622 0.86167584124018748 2.1805204428529228 4.5936347589704409 12.957058859836254 68.596960756229237 9.9576238485278719 15.970398780717403 0.26982332405168552 3.1314130872724482 0.42624541642726343 0.13567090408468985 3.2462935222574743 42.786562212293575 42.037460198600456 9.3916369707671929 40.41639644568545 905.52732853153884 696.09210102149268 1.3918875347007986 0.3312513567507257 3.4388316726635804 0.50342647511570249 0.15778014063835222 3.3630469332783823 7.0246327727654716 9.0609590209496655 11.960835686419157 0.055542787304148078 3.3589181259740135
leaf_count=127639 157 3163 1062 3664 6826 28573 2811 2573 8 1191 358 247 743 5821 7928 1359 7661 74289 449180 289 3 12769 124 1 194 15894 800 8877 2 76
internal_value=-0.000113062 -0.000478219 0.000291571 0.0171412 0.0298755 0.00858835 0.0956261 -0.0396963 -0.113023 -0.0213458 -0.0068641 0.00200587 0.157533 -0.0113015 -0.000725675 -0.00469841 0.00292931 0.000959378 -0.00588293 0.0458368 -0.0506432 -0.0179615 0.135214 -0.0175846 0.078651 -0.0379453 -0.0809604 0.0614256 -0.103603 -0.0757198
internal_weight=2101 2088.6 2014.3 114.684 93.6922 70.7775 22.9147 20.9916 4.86346 74.3059 49.7262 46.5948 3.67254 42.9222 1899.61 910.241 989.373 945.944 897.486 43.4293 24.5797 11.8286 1.3651 16.1282 12.7547 10.4635 12.7511 12.3933 0.432473 12.4199
internal_count=764282 755246 714057 45518 39272 29635 9637 6246 3672 41189 8360 7169 1101 6068 668539 578372 90167 81950 576819 8217 32829 31950 3287 2574 1553 28663 879 9036 159 876
is_linear=0
shrinkage=0.08


Tree=104
num_leaves=31
num_cat=0
split_feature=15 1 8 15 8 1 3 3 9 4 3 7 5 0 3 4 8 5 0 1 13 13 1 4 1 0 0 9 13 15
split_gain=6.54404 6.19433 6.73744 7.85311 6.49869 6.21051 8.74308 10.6226 24.2007 6.21182 12.6425 8.9416 8.21335 20.0446 8.83883 5.85271 5.33599 5.23779 6.93154 5.0187 4.47853 7.00642 9.77262 6.71759 6.56563 5.25133 4.98657 4.93528 4.34868 4.17342
threshold=2.5000000000000004 0.12183055281639101 0.94241821765899669 5.5000000000000009 0.90029239654541027 0.15894736349582675 0.52003064751625072 0.45894271135330206 0.59484562277793895 0.45222154259681707 0.5244576930999757 0.76071646809577953 11.500000000000002 0.3536857813596726 0.53521710634231578 0.26794873178005224 0.90029239654541027 23.500000000000004 0.2362911254167557 0.36491677165031439 0.11242216825485231 0.18305294215679171 0.27334994077682501 0.44315245747566229 0.30068494379520422 0.270728349685669 0.2362911254167557 0.890283763408661 0.11020568758249284 3.5000000000000004
decision_type=2 2 2 2 2 2 2 2 2 2 2 2 2 2 2 2 2 2 2 2 2 2 2 2 2 2 2 2 2 2
left_child=20 2 3 4 -2 6 7 29 -9 10 11 -7 13 -11 -14 16 -5 -8 -19 -12 28 27 25 24 -24 -23 -25 -22 -1 -3
right_child=1 5 -4 15 -6 9 17 8 -10 12 19 -13 14 -15 -16 -17 -18 18 -20 -21 21 22 23 26 -26 -27 -28 -29 -30 -31
leaf_value=0.077404255969527228 -0.078691153756493229 -0.12155595908102369 0.091075609715300793 0.022202070163820972 -0.248769763972569 -0.049982660718639098 -0.097126914392853203 1.3801133092332882 0.16598113596351569 0.069830777132103145 -0.030950006827327715 0.0048764984028564539 -0.023778895153547135 -0.0042622164105008539 0.02162063029763869 -0.083804049680046941 0.49603567303807516 0.041282867401337943 0.76276428782091521 -0.08078482288458666 -0.12566078397190356 0.042963218751527962 0.049102360419301425 -0.30089567238487253 -0.10631391195302302 0.16491078130720113 0.013235002877321005 0.051567020565713585 0.38779765123712107 0.053688703032531697
leaf_weight=1.7916055463865626 4.6350866825779979 0.94067485703272069 2.0051912623457602 5.4177430181916844 2.0844248849898577 21.93399470989948 3.6974012374539589 0.10945050071313689 2.6249379459186457 23.768260712949086 56.292984931740648 142.88486129173543 32.770058199670927 1387.8943578380604 168.91619201535201 4.9843672474190157 0.15649857558310021 0.92115913347515721 0.093911981373821618 16.790861079551178 3.9114464315207433 5.4628267833613773 2.4657078797754348 0.32397740334272285 5.9079677932604682 3.8546333957056049 186.63507275028678 1.3536102613434193 0.34440920196357172 11.531207915668345
leaf_count=124 236 30 38 3693 15 95452 834 239 1315 18890 52407 8300 25195 425823 71360 3978 3 294 13 20600 473 112 35 3 152 50 29676 16 9 4440
internal_value=-0.00112869 -0.00262349 -0.0477332 -0.0638425 -0.13145 -0.00215861 0.0422737 0.0717793 0.21458 -0.00263669 -0.0147046 -0.00242413 -0.000857168 -0.00301471 0.0142441 -0.0208168 0.0355051 -0.0529354 0.108033 -0.0423995 0.0121975 0.0110247 0.013369 0.00955091 -0.0605501 0.0934129 0.0126907 -0.0800967 0.127452 0.0404711
internal_weight=2102.5 1890.45 19.2833 17.2781 6.71951 1871.17 19.9187 15.2063 2.73439 1851.25 237.903 164.819 1613.35 1411.66 201.686 10.5586 5.57424 4.71247 1.01507 73.0838 212.051 209.915 204.65 195.333 8.37368 9.31746 186.959 5.26506 2.13601 12.4719
internal_count=763805 733155 7963 7925 251 725192 7165 6024 1554 718027 176759 103752 541268 444713 96555 7674 3696 1141 307 73007 30650 30517 30028 29866 187 162 29679 489 133 4470
is_linear=0
shrinkage=0.08


Tree=105
num_leaves=31
num_cat=0
split_feature=5 10 13 15 8 9 5 4 4 4 8 9 10 3 13 8 4 1 9 13 3 5 13 4 13 4 1 9 4 8
split_gain=9.21461 7.03592 10.1061 6.14922 5.28007 10.4738 6.30409 11.8334 6.06968 5.52512 5.07497 5.61878 8.06348 5.1188 5.03337 4.99928 4.55459 5.60944 6.47765 8.67905 6.49465 3.75543 2.86685 5.34768 3.82723 2.63995 8.45643 46.5863 7.69292 2.60697
threshold=18.500000000000004 0.83333334326744091 0.72869884967803966 49.500000000000007 0.56979990005493175 0.59841480851173412 13.500000000000002 0.25320513546466833 0.94826048612594616 0.44315245747566229 0.99790793657302868 0.92291885614395153 0.29166667163372045 0.6255970597267152 0.28421603143215185 0.69592735171318065 0.45222154259681707 0.2290398105978966 0.70921841263771068 0.15948619693517688 0.49146585166454321 29.500000000000004 0.37842392921447759 0.89512962102890026 0.33015114068984991 0.93440860509872448 0.60107529163360607 0.7589000165462495 0.92770034074783336 0.91905540227890026
decision_type=2 2 2 2 2 2 2 2 2 2 2 2 2 2 2 2 2 2 2 2 2 2 2 2 2 2 2 2 2 2
left_child=1 3 4 10 6 14 8 -8 -3 -7 11 13 -13 -1 -6 -2 17 18 19 -17 -20 22 24 -24 -18 26 27 -4 -28 -5
right_child=15 2 25 29 5 9 7 -9 -10 -11 -12 12 -14 -15 -16 16 21 -19 20 -21 -22 -23 23 -25 -26 -27 28 -29 -30 -31
leaf_value=-0.012664154794256368 -0.055105181671766944 -0.04400727382323897 -2.2223535896554956 -0.090434681798637798 0.30711763023550909 -0.0023172604963384411 1.1082538953844263 0.041536516372336289 0.031848930282919255 0.02303123479513304 0.090348937747019534 -0.0082764955594043614 -0.069394906138701834 0.00027331696562367863 0.088248987802726428 0.4549022621390863 0.019776324653050986 -0.099242056580602991 0.018602591607527127 -0.040083454793988331 -0.14693980463141354 -0.092457734341060208 -0.093063249161672468 0.056250825262285725 0.13352327857317484 0.075731856280130669 0.065173794655578987 0.080319911245157125 -0.28257393040239459 0.17131508199365797
leaf_weight=226.83340781895413 29.422311893762526 34.083798418028891 0.06948120542802172 6.2426485200651305 0.98283101001288686 117.27328284052783 0.067170861759222045 7.274689433084859 8.4183298861607891 103.69058313876303 3.7802388721029265 52.007676671026275 18.812579406716395 1427.2451881058121 2.1295209918171167 0.43889673177909383 15.850534311466626 7.0477338055643477 5.5236042439209996 0.46892868593567982 2.090919166977983 2.1812139026296782 3.6018611847539423 2.6753866970539093 2.1499350395752108 18.060568319051526 5.3262357026978862 0.29485480510629714 0.4408364186529069 0.25341037940233935
leaf_count=307195 39516 18039 15 14094 108 3157 42 2165 306 6009 302 1949 860 342346 61 61 565 496 215 26 81 108 77 391 51 21473 3641 97 323 2
internal_value=-0.00157635 -0.000584067 0.0107695 -0.00253467 0.00639212 0.0116306 -0.0171578 0.0512959 -0.0289826 0.0095779 -0.00224273 -0.00244565 -0.0245119 -0.00150087 0.157364 -0.0298137 -0.0121084 -0.046439 -0.00277237 0.199222 -0.0268547 0.0080938 0.0171278 -0.029425 0.033362 0.0603338 0.0149775 -0.358815 0.0385919 -0.0802239
internal_weight=2104.74 2033.29 298.112 1735.18 273.92 224.076 49.844 7.34186 42.5021 220.964 1728.68 1724.9 70.8203 1654.08 3.11235 71.4513 42.029 15.5701 8.52235 0.907825 7.61452 26.4589 24.2777 6.27725 18.0005 24.192 6.13141 0.364336 5.76707 6.49606
internal_count=763771 722184 55436 666748 29887 9335 20552 2207 18345 9166 652652 652350 2809 649541 169 41587 2071 879 383 87 296 1192 1084 468 616 25549 4076 112 3964 14096
is_linear=0
shrinkage=0.08


Tree=106
num_leaves=31
num_cat=0
split_feature=13 15 15 15 8 11 5 2 7 5 8 8 13 15 0 2 0 4 3 3 8 3 2 13 7 13 8 13 3 9
split_gain=6.17383 4.30584 7.26104 8.20942 7.25942 6.71861 5.83328 7.44787 7.41469 4.73835 4.3281 9.81681 4.5142 4.13548 3.9763 4.39967 29.1278 5.12601 3.60164 19.4384 3.24861 2.54755 2.40527 75.5427 2.29584 2.30603 1.8964 1.71678 1.44865 0.398649
threshold=0.99756097793579113 46.500000000000007 44.500000000000007 41.500000000000007 0.49593387544155126 1.0000000180025095e-35 1.0000000180025095e-35 0.69282051920890819 0.99756097793579113 1.0000000180025095e-35 0.51244834065437328 0.51628047227859508 0.82563906908035289 45.500000000000007 0.69614070653915416 0.77871939539909374 0.77459675073623668 0.82683658599853527 0.78261634707450878 0.72620418667793285 0.48968963325023657 0.88335159420967113 0.14415584504604342 0.12352884560823442 0.78969484567642223 0.72869884967803966 0.56017240881919872 0.44490455090999609 0.9693376123905183 0.82828345894813549
decision_type=2 2 2 2 2 2 2 2 2 2 2 2 2 2 2 2 2 2 2 2 2 2 2 2 2 2 2 2 2 2
left_child=1 2 3 6 5 13 8 -8 -1 24 12 -12 -6 -4 18 16 -16 -17 19 -11 -7 -20 23 -5 25 28 -2 -24 -3 -28
right_child=26 9 4 22 10 20 7 -9 -10 14 11 -13 -14 -15 15 17 -18 -19 21 -21 -22 -23 27 -25 -26 -27 29 -29 -30 -31
leaf_value=0.0081165832694352277 -0.11082662083248787 -0.09691517704710767 0.034258774250140872 -0.08132069429003623 -0.1134472857790252 0.14167230474021997 0.0029855025387116158 -0.0090481851192223493 -0.070935122953587046 -0.02523116596626852 0.26043562305018936 -0.025968430235471376 -0.64462741242845734 0.0015290589961589119 0.10445286678702069 -0.086443756465554411 2.6601683245499563 0.025020023661909477 -0.09234934128759574 0.44128513976918454 0.56630078270040829 -0.0034780491460309803 -0.071389900246596194 6.2186363511979508 0.066624882159775065 -0.13558320336914897 0.049388825880670943 -0.029764051305260605 -0.035731745100754601 0.080250859839358826
leaf_weight=519.31392683620106 0.4034303892403831 2.746904426767439 75.922925824992944 0.29863493870653002 1.5656362769004797 2.0548459026758787 661.90842885072379 654.79334653626643 7.7063309255754566 8.631504559954152 0.79890352759321359 18.560610945522058 0.10955998301506031 36.626087780059606 1.2834420451486064 3.0256323889952936 0.029189717453846131 20.746187975139264 6.5539365605692961 0.61216017207334594 0.12216314406396112 3.0135249404227125 11.306729454202697 0.012699420680291951 1.1751840781653289 1.783262401819228 5.0242833741067425 14.438919506414093 25.179058323366917 5.7377655575983226
leaf_count=64187 35 3089 13384 866 494 1610 389399 163197 630 39944 97 2033 2 12884 1860 972 47 4329 7023 1498 50 872 44422 2 45 8 2852 546 1323 6188
internal_value=0.000130574 -0.000187855 0.000514944 -0.000782133 0.0183791 0.0263003 -0.000151952 -0.00299883 0.00696065 -0.0190364 -0.0248242 -0.0141495 -0.148187 0.0236078 -0.00214479 0.0187061 0.161286 0.0108331 -0.0299492 0.0056638 0.1655 -0.064357 -0.0453721 0.175656 -0.0430441 -0.0473822 0.0594594 -0.0480449 -0.04175 0.0658429
internal_weight=2091.49 2080.32 2005.54 1869.78 135.761 114.726 1843.72 1316.7 527.02 74.78 21.0347 19.3595 1.6752 112.549 43.8956 25.0845 1.31263 23.7718 18.8111 9.24366 2.17701 9.56746 26.057 0.311334 30.8844 29.7092 11.1655 25.7456 27.926 10.762
internal_count=763888 754813 693803 663249 30554 27928 617413 552596 64817 61010 2626 2130 496 26268 56545 7208 1907 5301 49337 41442 1660 7895 45836 868 4465 4420 9075 44968 4412 9040
is_linear=0
shrinkage=0.08


Tree=107
num_leaves=31
num_cat=0
split_feature=13 15 3 8 9 10 13 2 13 9 0 15 5 4 0 10 13 13 13 0 13 8 8 1 8 9 9 5 3 4
split_gain=5.52569 4.75317 7.03122 6.69017 9.26918 11.7059 9.99454 5.70975 9.54601 12.5696 5.48898 10.4365 4.58087 3.72028 8.84114 6.26155 5.19341 24.0177 4.45426 3.83296 3.45655 3.38251 2.53644 2.50306 1.72966 1.01643 0.889401 0.445995 7.74286 0.36578
threshold=0.99756097793579113 20.500000000000004 0.61456999182701122 0.870479315519333 0.64743113517761242 1.0000000180025095e-35 0.12692002952098849 0.25677657127380377 0.15845151990652087 0.82828345894813549 0.70320320129394542 39.500000000000007 29.500000000000004 0.25320513546466833 0.12372449040412904 1.0000000180025095e-35 0.17077487707138064 0.16978425532579425 0.18129567801952365 0.2014492750167847 0.35115630924701696 0.46047899127006536 0.88025155663490307 0.51316702365875255 0.56017240881919872 0.99896907806396495 0.97960025072097789 13.500000000000002 0.89716076850891124 0.28320802748203283
decision_type=2 2 2 2 2 2 2 2 2 2 2 2 2 2 2 2 2 2 2 2 2 2 2 2 2 2 2 2 2 2
left_child=1 12 7 4 5 -4 -6 8 22 -10 21 -12 13 16 15 -15 17 -1 -18 -16 -5 -9 -3 -22 -2 26 29 -26 -29 -14
right_child=24 2 3 20 6 -7 -8 10 9 -11 11 -13 25 14 19 -17 18 -19 -20 -21 23 -23 -24 -25 27 -27 -28 28 -30 -31
leaf_value=0.0421528196966535 -0.10139453936979367 -0.056747243646332879 -0.0045210104373904839 0.19335804188463013 0.8118618266079537 0.053606759736872019 -0.033504630985318057 -0.084852476999056084 0.021321706957037181 0.26899997526024633 1.2600317019556329 -0.083488066220042276 0.067587862157600709 0.071417231641019388 0.022583234649979005 -0.1530624013940679 -0.1871318790009894 1.0200533846385351 -0.0030484553644231859 -0.00024375058970780927 -0.050306837633104798 -0.036208316449362579 0.11641820720348114 0.08165028939660976 0.070910785078327696 -0.25748127738744692 0.10171112721096731 0.080510728748245539 -0.6008510726429136 -0.091537282645875087
leaf_weight=19.649669084992873 0.42158233979716797 10.149991168509644 321.91989095332718 1.3181746168993402 0.089620745186038131 23.812737082424064 69.99674821474764 12.059515850692604 7.7817397003782371 1.5771545223105929 0.05956809267809049 0.09768657148379134 0.095169355608959783 0.99930482172567181 48.593234373398445 3.8947116932977224 1.0358245212191821 0.16206491994671424 4.4784674359943892 1509.7234241706324 1.2486958346562458 37.902284934545605 0.5718546933494516 3.4949316415004432 8.4496562829590385 0.21416634321212757 0.16789408028125752 1.2287693251564622 0.11689390486571927 3.2394417962150328
leaf_count=3693 34 42522 161305 22 379 29300 40994 110700 4024 299 18 32 17 277 6876 951 54 7 142 282867 30 68322 15 59 8017 1 1 936 18 1542
internal_value=-0.00141997 -0.00170765 -0.0085797 -0.00467884 -0.0058952 -0.000517393 -0.0324236 -0.0320228 0.004022 0.0630603 -0.0464645 0.425437 0.000416128 0.000623685 0.000130904 -0.107226 0.0310398 0.0501523 -0.0376274 0.000468067 0.0787594 -0.0479498 -0.0475114 0.0469144 0.0572697 -0.0882953 -0.0779501 0.0640985 0.0213228 -0.0869959
internal_weight=2094.55 2084.33 492.081 421.881 415.819 345.733 70.0864 70.1998 20.0807 9.35889 50.1191 0.157255 1592.25 1588.54 1563.21 4.89402 25.326 19.8117 5.51429 1558.32 6.0618 49.9618 10.7218 4.74363 10.2169 3.71667 3.50251 9.79532 1.34566 3.33461
internal_count=763454 754449 458021 232089 231978 190605 41373 225932 46860 4323 179072 50 296428 294867 290971 1228 3896 3700 196 289743 111 179022 42537 89 9005 1561 1560 8971 954 1559
is_linear=0
shrinkage=0.08


Tree=108
num_leaves=31
num_cat=0
split_feature=10 10 0 9 0 9 9 1 2 4 4 2 9 15 4 1 9 9 13 0 1 5 5 5 0 5 4 9 15 8
split_gain=6.06166 15.4206 8.38261 13.8001 8.52382 11.4104 8.33435 8.14681 15.8846 17.8714 10.8664 13.3552 10.237 9.61526 9.50603 8.47105 8.34017 7.9806 6.6135 6.87565 7.90464 6.7196 6.47714 6.49176 6.41076 6.13487 14.0553 27.0043 10.017 6.29162
threshold=0.29166667163372045 1.0000000180025095e-35 0.55470088124275219 0.70207789540290844 0.18321678787469867 0.72222584486007702 0.6466963291168214 0.74352160096168529 0.72065573930740368 0.80277779698371898 0.7228132188320161 0.92031747102737438 0.63374108076095592 1.5000000000000002 0.78192934393882763 0.28759399056434637 0.57340237498283397 0.83436289429664623 0.3400390893220902 0.72850123047828685 0.57321429252624523 1.5000000000000002 18.500000000000004 15.500000000000002 0.12372449040412904 11.500000000000002 0.30094340443611151 0.54278853535652172 47.500000000000007 0.3341307938098908
decision_type=2 2 2 2 2 2 2 2 2 2 2 2 2 2 2 2 2 2 2 2 2 2 2 2 2 2 2 2 2 2
left_child=1 2 3 -1 5 -5 25 8 9 22 -10 13 15 -12 -9 -11 -13 -8 -4 21 -21 -20 23 -2 -19 29 27 -27 -28 -3
right_child=7 6 18 4 -6 -7 17 14 10 12 11 16 -14 -15 -16 -17 -18 24 19 20 -22 -23 -24 -25 -26 26 28 -29 -30 -31
leaf_value=-0.043434604736475257 0.0021317124973708611 0.12207377712985239 -0.040982411504876241 0.33510565435839712 -0.0064427680212068555 0.043086125265478448 -0.065437562931083881 0.10554241732187214 0.10375171360105738 0.93341531714331161 -0.284041157312521 0.095483246416523754 0.037348509955962873 -0.062118700075751522 0.016735736780662931 0.13274955033777266 -0.017615341858555601 0.59867294884563182 0.052347488819905225 0.085649207306992853 -0.0016198711252624204 0.0096458927302049396 -0.027708884153585932 0.036811607613555918 0.0040003742394022317 3.4889527524538297 0.049838953045311961 -0.080054966762736657 0.97681216616590616 -0.030636672248782779
leaf_weight=76.268672442107572 386.210520127319 1.8797315144506743 23.363287150523547 0.93965717477476474 100.81983992983442 9.6607018556824169 51.211976675545884 8.1414175659192534 3.6477723412135665 0.085454108590058975 1.2894992397923477 4.747078751046387 23.2656667003248 40.287938461515296 146.9903904219891 8.1710228818192245 34.501588065664691 0.11730578690912707 27.771554358434514 6.6946065485681165 855.9276665698053 156.44954153411163 41.979273190801905 37.938631193819674 10.586248799578241 0.022404837043722092 5.382311939039937 0.034400548340272508 0.075656019069356151 21.202586657047505
leaf_count=203683 142945 3895 140950 436 24078 1560 46998 990 872 44 184 351 2984 17326 36208 1239 4512 38 2445 461 38669 18798 11844 8553 1189 15 9532 372 551 42063
internal_value=-0.00072668 -0.00391573 -0.00162085 -0.0172154 0.000732074 0.0689719 -0.0358089 0.00510596 0.000764684 0.00620933 -0.0313107 -0.0374062 0.0645071 -0.0690015 0.0213964 0.141036 -0.0039362 -0.0523069 0.00111406 0.00205357 -0.000942597 0.0160832 0.00226691 0.00523371 0.0105177 -8.89873e-05 0.0757177 1.32761 0.0626883 -0.0182005
internal_weight=2085.66 1348.41 1257.9 187.689 111.42 10.6004 90.5126 737.256 582.124 497.651 84.4739 80.8261 31.5221 41.5774 155.132 8.25648 39.2487 61.9155 1070.21 1046.84 862.622 184.221 466.128 424.149 10.7036 28.5971 5.51477 0.0568054 5.45797 23.0823
internal_count=763785 535733 431080 229757 26074 1996 104653 228052 190854 167609 23245 22373 4267 17510 37198 1283 4863 48225 201323 60373 39130 21243 163342 151498 1227 56428 10470 387 10083 45958
is_linear=0
shrinkage=0.08


Tree=109
num_leaves=31
num_cat=0
split_feature=13 7 8 2 2 4 4 9 0 3 1 2 4 8 2 3 9 10 0 3 9 4 13 8 8 0 13 10 0 1
split_gain=5.14785 3.64696 37.9023 7.04265 13.9956 32.5537 23.2292 13.9947 11.4957 10.508 10.5018 8.25792 7.5901 7.72329 7.24694 6.34599 9.74943 5.35529 5.32535 7.58827 5.8833 5.3131 4.64658 6.81366 4.9835 4.35538 3.79959 3.2973 3.17753 2.52186
threshold=0.99756097793579113 0.53863716125488292 0.31045190989971166 0.90070420503616344 0.8155706822872163 0.89087301492691051 0.86729559302330028 0.6535596251487733 0.58885449171066295 0.6931876838207246 0.81120249629020702 0.62145593762397777 0.92206478118896495 0.48429276049137121 0.92940199375152599 0.9148516356945039 0.74017333984375011 0.83333334326744091 0.83935481309890758 0.9487842619419099 0.6098708212375642 0.79705882072448742 0.65463843941688549 0.56675580143928539 0.3910194486379624 0.74849396944046032 0.12352884560823442 0.41666667163372045 0.90259328484535228 0.83424907922744762
decision_type=2 2 2 2 2 2 2 2 2 2 2 2 2 2 2 2 2 2 2 2 2 2 2 2 2 2 2 2 2 2
left_child=1 2 18 4 5 11 9 22 -7 -6 -8 -3 13 -9 -14 17 25 28 19 20 -1 -20 23 -5 -24 -17 -19 -23 -4 -18
right_child=-2 3 15 7 6 8 10 12 -10 -11 -12 -13 14 -15 -16 16 29 26 21 -21 -22 27 24 -25 -26 -27 -28 -29 -30 -31
leaf_value=0.011346710041324717 0.056762524547374994 0.0020086603888047837 -0.075402921858329516 0.040026213456713623 -0.10351606606105201 -0.0096938090663539443 -0.10514180441780065 0.43881584355757697 0.098372177535281977 0.040556450421126398 -0.029105267063547897 -0.017194824044787345 -0.093128189819807528 0.03828328218733501 -0.00045174679717989961 0.10511839296615799 0.20181770311680841 0.14050635875744766 -0.090106079553594662 0.19402647028403747 0.56085170484415114 -0.0020198719677593374 -0.031688728172670516 0.11878086691138769 0.031738211932866467 -0.036957786053557526 -0.024321872480756023 0.10502661469713102 0.070353531549693676 0.035724001589997688
leaf_weight=208.64018744190514 9.9365809668379352 589.66045067073355 52.962669395848934 34.903587645385414 3.7278314028808408 8.0845846526717633 25.114588514552452 0.31189313298091548 28.539733010780765 24.755014870170271 21.643527690670453 189.33063619225868 5.5158836658229111 25.405959474795964 257.10068881671759 1.4129995176408545 1.3699457634356798 1.0130334298119104 4.381208886512467 1.4708003027044458 0.12477202807531185 451.39514274434271 9.4874374589999189 8.8043738130945695 48.235518959991168 60.793411461012511 7.6860980463006854 1.8491384509379702 0.97484401679321209 1.0211438051774164
leaf_count=64065 9048 139665 455269 572 266 311 1223 19 1669 1445 1234 11138 454 2761 25110 808 14 3298 253 21 1171 6211 291 122 1936 23575 11287 42 423 37
internal_value=-0.000681818 -0.000956807 -0.00521252 0.00168542 -0.00223873 0.000806834 -0.0352527 0.0106545 0.0745173 0.0217003 -0.0699458 -0.00265867 0.00166355 0.0431407 -0.00239828 -0.0452305 -0.0276373 -0.0633744 0.00241129 0.0129509 0.0116751 -0.00243065 0.036213 0.0558903 0.0213133 -0.0337306 -0.00512725 -0.00158315 -0.0727686 0.130885
internal_weight=2085.65 2075.72 795.095 1280.62 890.856 815.615 75.241 389.765 36.6243 28.4828 46.7581 778.991 288.334 25.7179 262.617 127.234 64.5975 62.6366 667.861 210.236 208.765 457.625 101.431 43.708 57.723 62.2064 8.69913 453.244 53.9375 2.39109
internal_count=763738 754690 566474 188216 156951 152783 4168 31265 1980 1711 2457 150803 28344 2780 25564 494711 24434 470277 71763 65257 65236 6506 2921 694 2227 24383 14585 6253 455692 51
is_linear=0
shrinkage=0.08


Tree=110
num_leaves=31
num_cat=0
split_feature=13 10 10 9 7 7 4 4 9 8 10 7 8 2 9 5 9 9 8 13 8 9 8 3 5 1 7 10 1 5
split_gain=5.49035 4.38276 11.7652 9.8482 21.6405 11.7043 10.3632 10.0267 9.98543 14.8505 9.58563 8.99666 11.6321 8.96918 8.62344 8.40176 7.79645 7.72366 7.35197 6.68062 14.5904 13.6272 10.4015 5.87441 5.77751 6.99626 5.93973 5.47325 4.04463 11.8809
threshold=0.99756097793579113 0.29166667163372045 1.0000000180025095e-35 0.64891281723976146 0.7798304855823518 0.48579499125480657 0.52545297145843517 0.81016731262207042 0.82828345894813549 0.85786435008049022 0.83333334326744091 0.72779822349548351 0.5800432860851289 0.9941176474094392 0.70425623655319225 6.5000000000000009 0.63955503702163707 0.6436959207057954 0.80106952786445629 0.4062622487545014 0.74099972844123851 0.57340237498283397 0.26108804345130926 0.36064492166042333 9.5000000000000018 0.82426470518112194 0.58853390812873851 0.22500000149011615 0.55470088124275219 1.5000000000000002
decision_type=2 2 2 2 2 2 2 2 2 2 2 2 2 2 2 2 2 2 2 2 2 2 2 2 2 2 2 2 2 2
left_child=1 2 19 4 5 13 -7 17 11 23 -11 14 -13 -3 -5 -9 24 -6 -18 20 22 -22 -1 -10 25 -4 -26 -20 29 -21
right_child=-2 3 16 8 7 6 -8 15 9 10 -12 12 -14 -15 -16 -17 18 -19 27 28 21 -23 -24 -25 26 -27 -28 -29 -30 -31
leaf_value=-5.5076686254782964e-06 0.063225100542996279 -0.045241638092389208 -0.050843734937327849 -0.013077521413306599 -0.035993011177492061 -0.016477762400669806 0.077514986635652733 -0.0053663884905851339 -0.062551586145231611 -0.040919930098845751 0.0079949631695715 0.06407227234207799 -0.0050744825487495709 0.051199211731918028 -0.067479841144830494 0.1005728715188185 -0.060030422040255431 0.10563265542358373 -0.053301332193398568 0.07893299453602913 0.64595836841992116 0.014834707257061923 -0.048972123827002667 0.036907088144992717 -0.080757974869215196 0.049047956337293065 0.10480299286413183 0.05089066635199805 0.0042537318759151817 -0.024799403482237886
leaf_weight=44.705459495178076 9.1634932121378352 12.727527013110375 12.840251562640338 58.782315453302544 48.273021893051919 8.5818611821086943 59.956696267516236 11.601980064762758 3.9311525964112652 35.718068455636967 90.872036283166381 16.803340312093496 212.17839254727005 11.982099732027564 27.311992137678317 8.1614341275417228 48.139564095657988 2.5970292118145144 5.5520464516594057 7.8426945268001864 0.21971004802617145 63.895490550901741 73.261614642950661 114.49812858437144 1.3720473974444747 6.8979853289156372 5.6513100657830364 7.7040657023899257 988.04222387229674 71.391339982263162
leaf_count=20301 9020 71185 36605 58026 1552 26479 5830 1320 153 1508 12163 791 13735 1381 14463 241 53798 86 168 238 40 5383 373831 10942 11802 829 961 295 26286 4414
internal_value=0.00143822 0.00116357 -0.00155028 0.00617729 0.0234266 0.0487279 0.065746 -0.00997547 0.00113021 0.0132432 -0.00580663 -0.00828944 -2.94143e-07 0.0015241 -0.0303358 0.0383819 -0.0297962 -0.0287627 -0.0455033 0.000442805 -0.0137203 0.0169974 -0.0304155 0.0336056 0.00623865 -0.0159343 0.0685527 0.00725202 0.0028591 -0.0145318
internal_weight=2070.66 2061.49 1337.52 723.977 163.882 93.2482 68.5386 70.6335 560.095 245.019 126.59 315.076 228.982 24.7096 86.0943 19.7634 88.1573 50.8701 61.3957 1249.36 182.082 64.1152 117.967 118.429 26.7616 19.7382 7.02336 13.2561 1067.28 79.234
internal_count=763826 754806 534951 219855 108074 104875 32309 3199 111781 24766 13671 87015 14526 72566 72489 1561 104458 1638 54261 430493 399555 5423 394132 11095 50197 37434 12763 463 30938 4652
is_linear=0
shrinkage=0.08


Tree=111
num_leaves=31
num_cat=0
split_feature=13 8 2 2 4 4 9 4 5 8 8 10 8 1 4 13 7 8 13 9 9 9 5 7 8 1 9 4 13 10
split_gain=5.86787 5.7424 5.93786 14.4438 24.4764 20.8585 14.0619 10.6594 9.90437 8.76332 8.19917 6.11546 5.18386 5.17152 5.00884 4.95757 8.60823 5.65041 5.57428 11.4427 5.09188 14.0023 4.96025 4.637 6.56365 4.25175 6.44442 5.42237 3.99316 3.53304
threshold=0.53342181444168102 0.22278624027967456 0.90070420503616344 0.8155706822872163 0.90070420503616344 0.89512962102890026 0.65196120738983165 0.77032968401908886 1.5000000000000002 0.65724277496337902 0.81705284118652355 0.83333334326744091 0.97793999314308178 0.58919963240623485 0.93813776969909679 0.50009086728096019 0.84463602304458629 0.94925981760025036 0.097043089568614974 0.95516562461853038 0.57585427165031444 0.55407065153121959 5.5000000000000009 0.64946165680885326 0.57212206721305858 0.33549784123897558 0.99896907806396495 0.5524578094482423 0.87880107760429393 0.22500000149011615
decision_type=2 2 2 2 2 2 2 2 2 2 2 2 2 2 2 2 2 2 2 2 2 2 2 2 2 2 2 2 2 2
left_child=12 -2 3 4 7 8 23 -3 -5 -6 -7 14 15 -13 -8 17 20 18 19 -1 21 -17 -19 24 -4 -14 -27 -28 -25 -20
right_child=1 2 6 5 9 10 11 -9 -10 -11 -12 13 25 -15 -16 16 -18 22 29 -21 -22 -23 -24 28 -26 26 27 -29 -30 -31
leaf_value=-0.040124649764764007 -0.25884789790671808 0.024294540123089989 0.044772379112372224 0.046689632922938186 0.20072008909188527 -0.11028804372753809 0.031192726641412129 -0.01920517474347205 -0.034037560240825916 0.065078964260334451 0.029533904080222731 -0.05466655220567164 0.040189971004553245 0.059830429716149811 -0.0036853981333343755 -0.070381221378840883 0.03302986119102027 -0.081289484157792025 -0.0047988866570414183 -0.57447381262387442 -0.047355871860232809 0.19952750900739533 -0.0118891791061619 0.014353858069017941 0.13265233660793516 0.040003599922003669 -0.10121381096326688 0.081414267369414497 0.071266378324670573 0.0040465989342716993
leaf_weight=16.287260084720177 0.52384956256719206 62.48310993751511 35.097329982148949 16.768474766577128 4.6423076018691054 22.013138792972317 29.521131036919542 85.231767408782616 23.162234465999063 8.8782072327448969 3.0568276893463908 2.9204813641554237 30.622782814083621 18.629865392489592 245.45928576696315 3.1127818530367213 13.010151751339434 10.790291257551873 855.63632760260248 0.26058747619390388 49.127408110551187 2.0338549444568343 16.936889381147921 49.302831722132396 6.4369126036763182 7.2527831796905939 5.6824020855128765 1.273704072111286 9.3933097380795498 436.37908060344307
leaf_count=28357 16 1482 584 1090 78 446 1511 2623 899 789 493 887 441 22804 11926 85 510 124 441617 3 1994 80 343 1377 89 314 35 219 1016 241601
internal_value=-0.000577656 0.00591112 0.00613374 -0.00420924 0.00862525 -0.0360454 0.0120314 -0.000804879 -0.000137038 0.111652 -0.0932393 0.00327524 -0.00337099 0.0443139 5.90201e-05 -0.00422635 -0.0254149 -0.00315947 -0.00240223 -0.0485393 -0.0394248 0.0362817 -0.038897 0.0379364 0.0583919 0.0234081 -0.0127598 -0.0677735 0.0234617 -0.00181132
internal_weight=2071.93 623.521 622.997 226.236 161.235 65.0007 396.761 147.715 39.9307 13.5205 25.07 296.531 1448.41 21.5503 274.98 1403.57 67.2842 1336.29 1308.56 16.5478 54.274 5.14664 27.7272 100.23 41.5342 44.8317 14.2089 6.95611 58.6961 1292.02
internal_count=763833 48110 48094 7900 4972 2928 40194 4105 1989 867 939 37128 715723 23691 13437 714714 2669 712045 711578 28360 2159 165 467 3066 673 1009 568 254 2393 683218
is_linear=0
shrinkage=0.08


Tree=112
num_leaves=31
num_cat=0
split_feature=15 4 10 15 15 5 13 1 3 7 7 7 3 15 3 0 1 4 4 7 15 15 5 4 0 3 4 4 9 4
split_gain=4.95268 8.9047 5.69598 8.15981 8.68823 7.05789 15.0927 6.88336 10.7594 6.81651 11.2523 6.09481 6.01774 5.28751 5.24784 9.35817 6.55277 6.46506 7.81971 10.0313 15.0511 9.7069 6.52532 4.51941 13.9788 7.20511 5.0528 4.54207 33.7472 10.5065
threshold=20.500000000000004 0.53001201152801525 0.22500000149011615 44.500000000000007 45.500000000000007 4.5000000000000009 0.12692002952098849 0.67068272829055797 0.63846707344055187 0.61577314138412487 0.64541527628898632 0.5855005979537965 0.9487842619419099 44.500000000000007 0.41105169057846075 0.12372449040412904 0.22048611193895343 0.53752347826957714 0.4248871803283692 0.75075757503509533 16.500000000000004 4.5000000000000009 7.5000000000000009 0.4248871803283692 0.2014492750167847 0.48981794714927679 0.35190919041633612 0.42997199296951299 0.52353370189666759 0.44315245747566229
decision_type=2 2 2 2 2 2 2 2 2 2 2 2 2 2 2 2 2 2 2 2 2 2 2 2 2 2 2 2 2 2
left_child=14 -2 3 7 12 6 11 -3 -9 -7 -11 -4 -5 -8 17 16 -16 18 -1 20 -20 -21 -19 24 25 -17 -26 28 -25 -29
right_child=1 2 5 4 -6 9 13 8 -10 10 -12 -13 -14 -15 15 23 -18 22 19 21 -22 -23 -24 27 26 -27 -28 29 -30 -31
leaf_value=0.022275785177646515 -0.041886281560108575 -0.047169070173815379 -0.08001656365276387 0.051601365745823566 -0.0115596848246207 -0.038519403913594298 -0.041041270819582525 0.26748123383782235 -0.013285640787245192 0.37454646723092189 0.049350428944239015 1.7347316903965311 0.0063369433674288558 0.070058206287336819 -0.12458745689066268 0.054414114623555061 0.26125423279161764 0.084678618585246848 0.32154764159361066 -0.047221579105335872 1.9285560395356449 0.17515662036013269 -0.13347224024935361 2.861032939491579 -0.0440970410120178 -0.060136696754374455 -0.011687398159164425 -0.096683187234102339 0.040348849895802251 0.0017951309893421623
leaf_weight=40.117353716997741 46.3949243882563 45.81452195997764 0.016208339200605049 30.025622116827691 106.90286879042131 5.6999547576706382 16.461486445708946 0.87888397879214508 143.38777274837662 0.69809194871050095 27.766706084337784 0.043989896774291992 50.26694850390777 3.2894728300116176 5.2463484166892149 24.811296175668762 0.29768360283924256 1.2476468944805663 0.58772314966699823 2.1131954700686038 0.039827984004659811 3.097868291195482 2.9582507808227092 0.027195272406969617 47.558278418588088 4.0940510284435723 87.300337248765572 6.9698295876605689 15.051724543920498 1333.035277688587
leaf_count=6725 168590 137513 187 11596 51017 24503 22273 928 36518 316 924 1 1243 1944 1224 3947 51 315 733 22 243 93 877 64 12934 800 30483 3026 3312 240925
internal_value=-0.0014483 -0.00858382 -0.00500108 -0.00847867 0.00337689 0.0193063 -0.018683 -0.0201542 -0.0115752 0.0413352 0.0573258 1.24611 0.0232637 -0.0225379 0.000716285 -0.000121514 -0.10387 0.0261766 0.0348651 0.121367 0.423538 0.0849776 -0.0687595 0.000257184 -0.0122958 0.0381895 -0.0231168 0.00177423 0.045436 0.00128291
internal_weight=2052.2 477.647 431.253 377.277 187.195 53.9759 19.8112 190.081 144.267 34.1648 28.4648 0.0601982 80.2926 19.751 1574.55 1524.39 5.54403 50.1619 45.956 5.83861 0.627551 5.21106 4.2059 1518.85 163.764 28.9053 134.859 1355.08 15.0789 1340.01
internal_count=763327 457553 288963 238815 63856 50148 24405 174959 37446 25743 1240 188 12839 24217 305774 296766 1275 9008 7816 1091 976 115 1192 295491 48164 4747 43417 247327 3376 243951
is_linear=0
shrinkage=0.08


Tree=113
num_leaves=31
num_cat=0
split_feature=15 4 2 2 2 3 4 5 2 7 15 5 7 5 7 5 8 9 8 3 8 7 9 4 10 15 7 9 7 15
split_gain=4.31624 4.06071 12.9442 8.2841 10.9137 10.2703 9.50977 8.47321 8.45831 7.70679 7.25997 7.01507 6.74908 6.45488 7.47791 6.03629 5.96788 5.70918 5.77066 5.69366 5.33699 5.24611 4.95084 4.33579 4.1511 3.85731 3.70841 2.64435 2.27943 2.01812
threshold=49.500000000000007 0.49590164422988897 0.27639257907867437 0.4970588237047196 0.20126582682132724 0.65451496839523327 0.87226107716560375 6.5000000000000009 0.75931033492088329 0.84463602304458629 5.5000000000000009 18.500000000000004 0.65319725871086132 2.5000000000000004 0.99756097793579113 9.5000000000000018 0.60891634225845348 0.71832239627838146 0.57212206721305858 0.47972756624221807 0.4652314186096192 0.99756097793579113 0.85324272513389599 0.44315245747566229 0.41666667163372045 20.500000000000004 0.99756097793579113 0.92291885614395153 0.92699080705642711 13.500000000000002
decision_type=2 2 2 2 2 2 2 2 2 2 2 2 2 2 2 2 2 2 2 2 2 2 2 2 2 2 2 2 2 2
left_child=1 2 10 4 11 6 7 -5 -8 27 17 26 -12 14 -6 19 -15 18 -1 -11 -14 24 -19 -17 -7 -13 -3 29 -2 -4
right_child=28 3 9 5 13 21 8 -9 -10 15 12 25 20 16 -16 23 -18 22 -20 -21 -22 -23 -24 -25 -26 -27 -28 -29 -30 -31
leaf_value=-0.05771901890424417 -0.085227758769755926 -0.12325250101966073 -0.043873384088527374 -0.01275907025030334 0.0053940801748672855 -0.0016023638186744094 0.1378816270340065 -0.068601579003829377 -0.0047442967087173715 0.038594307663415865 -0.065372295414648146 0.021845256769318491 -0.083104942045769778 0.052573049983568272 -0.11960598794166423 -0.068804640732633274 0.018087033404487262 -0.046669367203121211 0.079872985976148961 -0.014631376877859727 0.03037116855349856 0.039227066847864957 -0.0033088373807471792 -0.0083318192818354984 0.011581273585948461 -0.094192748619214214 0.037122545242859607 0.088494530155865336 0.056502014562721366 -0.080191524601185893
leaf_weight=2.6243371862726672 5.5174079375647116 6.5178340730785775 24.156173723327811 35.233024549200763 13.108876877766308 1261.024125278921 3.5940093816425334 34.33823321365162 10.252302902661768 16.937978557223687 5.4080774560807177 9.1591659033183515 2.739738364776712 44.945072677441203 3.9968263500486492 18.512599996465728 112.50770067443227 26.695951248573692 7.6014510078020976 53.45937030861387 83.376818313699914 22.151497962302528 45.706284821615554 12.858509798039448 173.9360521514327 2.2922823308726938 1.0749601091956718 0.79758129792753507 0.836332318605855 16.467693083319318
leaf_count=1389 15145 2911 26244 59407 11580 262286 752 67559 8684 459 62385 1023 1046 57708 63 805 6446 589 408 1994 15938 11282 419 353 38842 1617 41 20 17 106559
internal_value=-0.000737136 -0.000533235 -0.00885345 0.000989348 0.0165867 -0.000970816 -0.0282709 -0.0403212 0.0322763 -0.026672 0.00579713 -0.0409187 0.021317 0.0228605 -0.0238128 -0.0148313 0.0279311 -0.0113937 0.0445615 -0.00182499 0.026761 0.000592075 -0.0192966 -0.0440178 -4.33352e-06 -0.00138254 -0.100547 -0.0557634 -0.0665721 -0.0585957
internal_weight=2057.83 2051.47 317.343 1734.13 193.603 1540.53 83.4176 69.5713 13.8463 143.19 174.153 19.0442 91.5246 174.558 17.1057 101.768 157.453 82.628 10.2258 70.3973 86.1166 1457.11 72.4022 31.3711 1434.96 11.4514 7.59279 41.4214 6.35374 40.6239
internal_count=763971 748809 218608 530201 81389 448812 136402 126966 9436 136434 82174 5592 79369 75797 11643 3611 64154 2805 1797 2453 16984 312410 1008 1158 301128 2640 2952 132823 15162 132803
is_linear=0
shrinkage=0.08


end of trees

feature_importances:
addr_token_set=491
name_partial_ratio=337
name_jaro_winkler=321
addr_num_jaccard=321
rank=317
addr_token_sort=305
name_x_addr=289
addr_jaro_winkler=273
name_len_diff=209
name_ratio=185
name_token_sort=184
name_token_set=173
addr_num_exact=11
is_tgt_addr_empty=4

parameters:
[boosting: gbdt]
[objective: binary]
[metric: auc]
[tree_learner: serial]
[device_type: cpu]
[data_sample_strategy: bagging]
[data: ]
[valid: ]
[num_iterations: 400]
[learning_rate: 0.08]
[num_leaves: 31]
[num_threads: -1]
[seed: 42]
[deterministic: 0]
[force_col_wise: 0]
[force_row_wise: 0]
[histogram_pool_size: -1]
[max_depth: 6]
[min_data_in_leaf: 20]
[min_sum_hessian_in_leaf: 0.001]
[bagging_fraction: 0.85]
[pos_bagging_fraction: 1]
[neg_bagging_fraction: 1]
[bagging_freq: 1]
[bagging_seed: 400]
[bagging_by_query: 0]
[feature_fraction: 0.85]
[feature_fraction_bynode: 1]
[feature_fraction_seed: 30056]
[extra_trees: 0]
[extra_seed: 12879]
[early_stopping_round: 0]
[early_stopping_min_delta: 0]
[first_metric_only: 0]
[max_delta_step: 0]
[lambda_l1: 0]
[lambda_l2: 0]
[linear_lambda: 0]
[min_gain_to_split: 0]
[drop_rate: 0.1]
[max_drop: 50]
[skip_drop: 0.5]
[xgboost_dart_mode: 0]
[uniform_drop: 0]
[drop_seed: 17869]
[top_rate: 0.2]
[other_rate: 0.1]
[min_data_per_group: 100]
[max_cat_threshold: 32]
[cat_l2: 10]
[cat_smooth: 10]
[max_cat_to_onehot: 4]
[top_k: 20]
[monotone_constraints: ]
[monotone_constraints_method: basic]
[monotone_penalty: 0]
[feature_contri: ]
[forcedsplits_filename: ]
[refit_decay_rate: 0.9]
[cegb_tradeoff: 1]
[cegb_penalty_split: 0]
[cegb_penalty_feature_lazy: ]
[cegb_penalty_feature_coupled: ]
[path_smooth: 0]
[interaction_constraints: ]
[verbosity: -1]
[saved_feature_importance_type: 0]
[use_quantized_grad: 0]
[num_grad_quant_bins: 4]
[quant_train_renew_leaf: 0]
[stochastic_rounding: 1]
[linear_tree: 0]
[max_bin: 255]
[max_bin_by_feature: ]
[min_data_in_bin: 3]
[bin_construct_sample_cnt: 200000]
[data_random_seed: 175]
[is_enable_sparse: 1]
[enable_bundle: 1]
[use_missing: 1]
[zero_as_missing: 0]
[feature_pre_filter: 1]
[pre_partition: 0]
[two_round: 0]
[header: 0]
[label_column: ]
[weight_column: ]
[group_column: ]
[ignore_column: ]
[categorical_feature: ]
[forcedbins_filename: ]
[precise_float_parser: 0]
[parser_config_file: ]
[objective_seed: 16083]
[num_class: 1]
[is_unbalance: 0]
[scale_pos_weight: 1]
[sigmoid: 1]
[boost_from_average: 1]
[reg_sqrt: 0]
[alpha: 0.9]
[fair_c: 1]
[poisson_max_delta_step: 0.7]
[tweedie_variance_power: 1.5]
[lambdarank_truncation_level: 30]
[lambdarank_norm: 1]
[label_gain: ]
[lambdarank_position_bias_regularization: 0]
[eval_at: ]
[multi_error_top_k: 1]
[auc_mu_weights: ]
[num_machines: 1]
[local_listen_port: 12400]
[time_out: 120]
[machine_list_filename: ]
[machines: ]
[gpu_platform_id: -1]
[gpu_device_id: -1]
[gpu_device_id_list: ]
[gpu_use_dp: 0]
[num_gpu: 1]

end of parameters

pandas_categorical:null
